Window index,Dataset code,Time index,Year,Month,Day,Hour,Minute,Day of year,Minute of day,Time resolution_min,Load power_MW,Wind power_MW,PV power_MW,Hydropower output_MW,Pumped-storage generation_MW,Pumped-storage pumping_MW,Stored energy_MWh,Net load_MW,Curtailment_MW,Total supply_MW,Power deficit_MW,Power surplus_MW,Total supply with slack_MW,Power-balance error_MW,Power-deficit flag,TOU season code,General TOU period code,General TOU relative-price index,General TOU tariff_CNY_per_MWh,Yalong River proxy TOU period code,Yalong River proxy relative-price index,Yalong River proxy tariff_CNY_per_MWh,Tariff-policy applicability code
2,1,7009,2025,10,20,0,0,293,0,60,12724.59305182,357.56592414,-362.44453408,12807.04135976,123.11718114,-140.86106150,586.58378469,3810.66648628,0.00000000,9202.18512702,65.53508518,0.00000000,10746.74893133,0.00000000,1,2,1,0.40000000,180.00000000,1,0.40000000,180.00000000,2
2,1,7010,2025,10,20,1,0,293,60,60,9971.66261304,105.37860084,-392.13430612,8796.87633755,-7.62688142,-72.80037648,296.94876453,13178.68253094,0.00000000,6984.00355851,7.09005276,0.00000000,14068.32013428,0.00000000,1,2,1,0.40000000,180.00000000,1,0.40000000,180.00000000,2
2,1,7011,2025,10,20,2,0,293,120,60,11984.69961777,365.05601477,238.85361900,13072.14389395,111.97655975,-19.96735081,79.14518116,15142.66645662,0.00000000,9121.14577404,9.84061712,0.00000000,11622.74590457,0.00000000,1,2,1,0.40000000,180.00000000,1,0.40000000,180.00000000,2
2,1,7012,2025,10,20,3,0,293,180,60,12860.41772839,133.29253309,464.25873160,7308.24259381,-1.01417675,-29.13465246,741.10358650,6688.92087244,0.00000000,5559.18575381,51.33261798,0.00000000,15571.08891161,0.00000000,1,2,1,0.40000000,180.00000000,1,0.40000000,180.00000000,2
2,1,7013,2025,10,20,4,0,293,240,60,8122.78144428,283.47159339,-527.99743119,11906.62116197,71.85171694,26.91531485,991.66414791,12348.46733619,0.00000000,4189.70701507,40.01787296,0.00000000,13338.26278484,0.00000000,1,2,1,0.40000000,180.00000000,1,0.40000000,180.00000000,2
2,1,7014,2025,10,20,5,0,293,300,60,8036.23901669,251.43285657,444.16236063,8381.28461163,-216.91702978,49.48475308,163.36433431,9498.22687640,0.00000000,6742.80700176,-7.54642454,0.00000000,7732.78164715,0.00000000,1,2,1,0.40000000,180.00000000,1,0.40000000,180.00000000,2
2,1,7015,2025,10,20,6,0,293,360,60,7840.01742815,139.76490563,-280.68423622,12405.48077591,165.23184508,-114.82063502,1225.13015068,8938.55286810,0.00000000,14481.13843859,91.27412729,0.00000000,9161.12465327,0.00000000,2,2,1,0.40000000,180.00000000,1,0.40000000,180.00000000,2
2,1,7016,2025,10,20,7,0,293,420,60,13596.37503845,132.03627990,-442.95139243,12659.06147222,-14.18424426,190.94644944,1974.86179766,11437.53383714,0.00000000,12294.34502623,176.91802848,0.00000000,10648.85113939,0.00000000,2,2,1,0.40000000,180.00000000,1,0.40000000,180.00000000,2
2,1,7017,2025,10,20,8,0,293,480,60,11353.92470587,522.68848119,592.33337718,4671.66783875,-105.63161867,-126.19553665,2029.61134695,11924.15777651,0.00000000,7107.14087729,-74.01655875,0.00000000,11279.22840025,0.00000000,1,2,2,1.00000000,450.00000000,2,1.00000000,450.00000000,2
2,1,7018,2025,10,20,9,0,293,540,60,10769.16650031,131.30933845,1193.06192579,6581.27724287,327.94433553,49.49938255,1388.67546425,13685.72674561,0.00000000,9003.16356020,-67.53185492,0.00000000,15726.45562100,0.00000000,1,2,2,1.00000000,450.00000000,2,1.00000000,450.00000000,2
2,1,7019,2025,10,20,10,0,293,600,60,8127.89752781,470.54325098,1609.76451006,5313.79259338,34.11945296,160.16951917,1433.43589905,8955.97861385,0.00000000,8570.27521142,-16.80597494,0.00000000,15928.88639033,0.00000000,1,2,3,1.60000000,720.00000000,3,1.60000000,720.00000000,2
2,1,7020,2025,10,20,11,0,293,660,60,3185.25018661,404.44172455,1625.42921320,7679.13648808,201.92850764,676.84885327,1784.54417804,6912.77139784,0.00000000,9840.13147801,0.00610228,0.00000000,9143.91548440,0.00000000,1,2,3,1.60000000,720.00000000,3,1.60000000,720.00000000,2
2,1,7021,2025,10,20,12,0,293,720,60,5503.99637449,64.87229998,2180.07755153,9420.68932367,-215.18702382,780.86313879,2228.74727998,8156.58323086,0.00000000,10137.54567970,-37.85711878,0.00000000,10304.06545384,0.00000000,1,2,2,1.00000000,450.00000000,2,1.00000000,450.00000000,2
2,1,7022,2025,10,20,13,0,293,780,60,8210.37397623,166.92268080,1801.69784255,4607.87338108,23.61727253,1023.99982848,3101.06905364,6570.47806241,0.00000000,10112.86413404,-15.83163045,0.00000000,5998.81013941,0.00000000,1,2,2,1.00000000,450.00000000,2,1.00000000,450.00000000,2
2,1,7023,2025,10,20,14,0,293,840,60,9726.51441481,236.29761960,2360.95922547,9280.59123320,-99.77399152,605.61040821,3515.92659034,8603.61568718,0.00000000,12277.76090698,-54.77336611,0.00000000,12944.13038911,0.00000000,1,2,2,1.00000000,450.00000000,2,1.00000000,450.00000000,2
2,1,7024,2025,10,20,15,0,293,900,60,14946.56696551,154.39178414,486.24612777,5931.95580074,42.48988504,430.32114959,3869.57560976,11777.14960032,0.00000000,8651.23846455,14.80282138,0.00000000,12204.14576723,0.00000000,1,2,2,1.00000000,450.00000000,2,1.00000000,450.00000000,2
2,1,7025,2025,10,20,16,0,293,960,60,7436.21846869,142.45022969,129.05898937,8583.38144673,68.40637805,-24.27089247,5182.55044482,9607.93728240,0.00000000,10957.75942074,10.84017610,0.00000000,15143.80931285,0.00000000,1,2,2,1.00000000,450.00000000,2,1.00000000,450.00000000,2
2,1,7026,2025,10,20,17,0,293,1020,60,14899.85347716,241.52992077,209.62748124,16089.49060606,90.53794979,1.73330112,3969.88303875,10368.52418973,0.00000000,6020.02124214,411.09753098,0.00000000,9409.67948053,0.00000000,2,2,3,1.60000000,720.00000000,3,1.60000000,720.00000000,2
2,1,7027,2025,10,20,18,0,293,1080,60,10361.79354380,259.10461390,-234.10222842,8314.70963591,-267.57858821,55.07035942,4455.14084246,11577.83012467,0.00000000,10609.90470297,760.62589075,0.00000000,9201.88950997,0.00000000,2,2,3,1.60000000,720.00000000,3,1.60000000,720.00000000,2
2,1,7028,2025,10,20,19,0,293,1140,60,14751.30554258,374.99386736,-417.94802456,7404.09959310,1185.47396835,118.11509497,1584.62797921,10931.53037319,0.00000000,13701.68862057,-14.47617079,0.00000000,9937.92232485,0.00000000,1,2,3,1.60000000,720.00000000,3,1.60000000,720.00000000,2
2,1,7029,2025,10,20,20,0,293,1200,60,12357.50112024,146.47204571,-137.11652505,10688.07883295,1381.34460323,-9.51166288,2078.90539789,5704.54090184,0.00000000,9049.35718124,51.64726449,0.00000000,12146.16904201,0.00000000,1,2,3,1.60000000,720.00000000,3,1.60000000,720.00000000,2
2,1,7030,2025,10,20,21,0,293,1260,60,6007.81776778,183.88067195,326.47455373,11538.11514518,1376.01852100,0.37359518,-1291.41418197,13033.75900402,0.00000000,8444.03993725,74.11034137,0.00000000,12083.42556756,0.00000000,1,2,3,1.60000000,720.00000000,3,1.60000000,720.00000000,2
2,1,7031,2025,10,20,22,0,293,1320,60,8546.85482052,203.25606535,-81.78476737,6835.03541296,-34.34501427,87.62857262,-309.84994383,16279.40851856,0.00000000,6494.62145400,793.26698340,0.00000000,9492.69250420,0.00000000,2,2,1,0.40000000,180.00000000,1,0.40000000,180.00000000,2
2,1,7032,2025,10,20,23,0,293,1380,60,10924.91158226,128.84397241,-19.30434408,11865.38171699,-39.95705930,-203.78907929,-428.14342526,10153.27151287,0.00000000,19394.85999580,431.97569290,0.00000000,9205.84434235,0.00000000,2,2,1,0.40000000,180.00000000,1,0.40000000,180.00000000,2
2,1,7033,2025,10,21,0,0,294,0,60,14132.20089439,138.35224726,-564.68732786,10241.58697809,61.05072128,288.58379582,850.84168580,6883.15365787,0.00000000,13187.31439252,-50.15560600,0.00000000,14555.53490384,0.00000000,1,2,1,0.40000000,180.00000000,1,0.40000000,180.00000000,2
2,1,7034,2025,10,21,1,0,294,60,60,3538.18645543,453.41865286,156.30086212,6876.47123556,-135.29532436,-199.76926353,-604.44731934,12771.01149021,0.00000000,10103.67205795,20.43695937,0.00000000,10795.76543145,0.00000000,1,2,1,0.40000000,180.00000000,1,0.40000000,180.00000000,2
2,1,7035,2025,10,21,2,0,294,120,60,11938.60519432,390.58114117,-43.27189793,10734.98064642,110.43280215,43.92680436,68.92469713,4440.68009540,0.00000000,5917.13399198,2.80253522,0.00000000,14514.04481953,0.00000000,1,2,1,0.40000000,180.00000000,1,0.40000000,180.00000000,2
2,1,7036,2025,10,21,3,0,294,180,60,8579.22204882,116.54307544,443.95396228,10077.21541112,218.73834343,149.80072853,260.89944739,8129.38433439,0.00000000,12339.73800704,16.67761328,0.00000000,9048.25779981,0.00000000,1,2,1,0.40000000,180.00000000,1,0.40000000,180.00000000,2
2,1,7037,2025,10,21,4,0,294,240,60,11926.91239452,83.17493224,265.47130690,4122.35571398,-37.83963774,98.80412201,-360.28848070,10880.28947055,0.00000000,7055.67478315,-28.34817377,0.00000000,9818.41729084,0.00000000,1,2,1,0.40000000,180.00000000,1,0.40000000,180.00000000,2
2,1,7038,2025,10,21,5,0,294,300,60,7578.08380032,308.17711159,-205.43308065,5897.16682924,32.97126299,-79.90935141,-508.20523893,4159.85483168,0.00000000,3720.78439291,-36.68731624,0.00000000,11257.43415974,0.00000000,1,2,1,0.40000000,180.00000000,1,0.40000000,180.00000000,2
2,1,7039,2025,10,21,6,0,294,360,60,11590.57728815,281.72852058,-648.58293978,9211.85327929,-86.56699326,97.31840363,-738.95288007,8304.02416635,0.00000000,11055.77554127,131.29039812,0.00000000,7488.55431199,0.00000000,2,2,1,0.40000000,180.00000000,1,0.40000000,180.00000000,2
2,1,7040,2025,10,21,7,0,294,420,60,10922.44711956,4.86328650,-433.55632446,15736.57679866,-86.64507310,-141.67519379,658.70797164,11267.95919043,0.00000000,9681.24924299,244.80053542,0.00000000,8157.57295481,0.00000000,2,2,1,0.40000000,180.00000000,1,0.40000000,180.00000000,2
2,1,7041,2025,10,21,8,0,294,480,60,15127.35593045,399.67551687,368.08984901,7376.44551236,-90.17358406,-61.77805567,707.65047061,9539.46774124,0.00000000,10397.57609150,25.23770711,0.00000000,15390.59322303,0.00000000,1,2,2,1.00000000,450.00000000,2,1.00000000,450.00000000,2
2,1,7042,2025,10,21,9,0,294,540,60,12281.70486113,410.08993774,1848.63155120,9429.92302761,-50.00169381,-218.77385932,149.83878689,11513.34492538,0.00000000,11088.80273631,45.17636890,0.00000000,5125.46434857,0.00000000,1,2,2,1.00000000,450.00000000,2,1.00000000,450.00000000,2
2,1,7043,2025,10,21,10,0,294,600,60,16027.07677715,247.07226657,1082.38412013,7199.56295046,50.10850699,-104.58859786,1059.57822520,13307.75366488,0.00000000,15595.87221109,15.36719072,0.00000000,12675.82540934,0.00000000,1,2,3,1.60000000,720.00000000,3,1.60000000,720.00000000,2
2,1,7044,2025,10,21,11,0,294,660,60,13216.93548288,344.22558240,2133.89575734,13003.86957168,-59.35126551,861.66975532,1746.58763929,10247.32522171,0.00000000,14204.34146020,40.80929598,0.00000000,12351.99699861,0.00000000,1,2,3,1.60000000,720.00000000,3,1.60000000,720.00000000,2
2,1,7045,2025,10,21,12,0,294,720,60,7040.07707350,337.38189386,2226.48597102,4623.08065876,-35.59507428,811.14555484,467.83707462,5754.32215325,0.00000000,10209.75687596,18.74164663,0.00000000,12295.77238135,0.00000000,1,2,2,1.00000000,450.00000000,2,1.00000000,450.00000000,2
2,1,7046,2025,10,21,13,0,294,780,60,8622.58074383,132.45016855,1841.97329293,11425.59891621,155.53386087,910.96215768,1766.40271985,9628.62727118,0.00000000,9748.06260858,-51.71435743,0.00000000,12077.59092772,0.00000000,1,2,2,1.00000000,450.00000000,2,1.00000000,450.00000000,2
2,1,7047,2025,10,21,14,0,294,840,60,10854.58297818,507.54107015,1639.25740954,10329.15325603,-61.52689320,394.37676707,3320.31218769,8908.67002131,0.00000000,9257.50032505,27.58085372,0.00000000,16052.34707975,0.00000000,1,2,2,1.00000000,450.00000000,2,1.00000000,450.00000000,2
2,1,7048,2025,10,21,15,0,294,900,60,7020.42991547,186.20885360,1840.89414236,10755.79365322,-87.29579760,549.84851008,3127.53774996,7561.23866663,0.00000000,9874.74304960,8.79503702,0.00000000,12572.92501521,0.00000000,1,2,2,1.00000000,450.00000000,2,1.00000000,450.00000000,2
2,1,7049,2025,10,21,16,0,294,960,60,12923.89630497,226.30080993,928.52420534,11957.96185162,-57.10587309,-10.51965266,2645.17054726,9392.17716377,0.00000000,8109.86942222,13.29670924,0.00000000,9714.43329099,0.00000000,1,2,2,1.00000000,450.00000000,2,1.00000000,450.00000000,2
2,1,7050,2025,10,21,17,0,294,1020,60,9691.29654856,159.24000170,64.90126531,9208.48818846,-103.38320511,126.55286929,3356.75823699,11820.74243859,0.00000000,10963.73408112,383.45223813,0.00000000,12013.36897898,0.00000000,2,2,3,1.60000000,720.00000000,3,1.60000000,720.00000000,2
2,1,7051,2025,10,21,18,0,294,1080,60,8425.07676696,312.95546931,0.99349765,13514.06159308,24.87973932,111.55383635,3321.59766957,10753.19513029,0.00000000,7375.76133373,770.59962501,0.00000000,7084.43350079,0.00000000,2,2,3,1.60000000,720.00000000,3,1.60000000,720.00000000,2
2,1,7052,2025,10,21,19,0,294,1140,60,10348.45246630,174.77784027,-176.57600945,12153.18450959,1132.18053407,-61.78597718,2100.24988688,11687.55188520,0.00000000,7614.62371129,5.03546199,0.00000000,9520.37411373,0.00000000,1,2,3,1.60000000,720.00000000,3,1.60000000,720.00000000,2
2,1,7053,2025,10,21,20,0,294,1200,60,9806.96806807,221.14112140,-719.78190444,4165.41171076,1218.91007791,-119.22798630,-543.33710636,10916.81006021,0.00000000,13895.54885222,36.01244706,0.00000000,13933.96228892,0.00000000,1,2,3,1.60000000,720.00000000,3,1.60000000,720.00000000,2
2,1,7054,2025,10,21,21,0,294,1260,60,8935.77385572,279.30187215,562.32879508,13603.06709085,112.28071891,-9.53393189,1213.53490753,7965.91186363,0.00000000,8681.80252902,942.11701635,0.00000000,7338.97346873,0.00000000,2,2,3,1.60000000,720.00000000,3,1.60000000,720.00000000,2
2,1,7055,2025,10,21,22,0,294,1320,60,8485.46658474,234.76294401,299.73171294,10966.09446884,1.21379253,-41.05481254,653.33129439,10193.77202331,0.00000000,6662.10550246,768.38300349,0.00000000,11790.21530137,0.00000000,2,2,1,0.40000000,180.00000000,1,0.40000000,180.00000000,2
2,1,7056,2025,10,21,23,0,294,1380,60,7706.92807999,356.84767137,44.72843100,8918.02626102,155.53921042,-113.00565336,1136.47092776,10211.42161079,0.00000000,10576.51338847,527.56647664,0.00000000,9669.08580322,0.00000000,2,2,1,0.40000000,180.00000000,1,0.40000000,180.00000000,2
2,1,7057,2025,10,22,0,0,295,0,60,7311.85989001,209.29125684,-170.76165200,16454.91058953,234.61821132,-51.63695088,-1344.23508592,9101.09098905,0.00000000,5256.19146547,-26.23674289,0.00000000,14176.44637510,0.00000000,1,2,1,0.40000000,180.00000000,1,0.40000000,180.00000000,2
2,1,7058,2025,10,22,1,0,295,60,60,9402.44622432,167.63187464,109.96514296,4892.66141991,118.58982214,48.70781936,1237.34020268,10374.26897593,0.00000000,8692.36362502,-79.10941201,0.00000000,12282.58702219,0.00000000,1,2,1,0.40000000,180.00000000,1,0.40000000,180.00000000,2
2,1,7059,2025,10,22,2,0,295,120,60,6348.46989602,89.68551698,157.95695518,10303.70325913,166.26228401,-80.61277678,247.79586970,9311.84820253,0.00000000,11858.49333142,6.06148697,0.00000000,13826.63710982,0.00000000,1,2,1,0.40000000,180.00000000,1,0.40000000,180.00000000,2
2,1,7060,2025,10,22,3,0,295,180,60,6740.40554507,97.02461676,844.11329544,8552.62402434,-33.36509346,67.91296873,985.38956345,13920.10308609,0.00000000,6048.51375840,-10.12234237,0.00000000,14282.72887897,0.00000000,1,2,1,0.40000000,180.00000000,1,0.40000000,180.00000000,2
2,1,7061,2025,10,22,4,0,295,240,60,7328.59287118,410.43777520,-124.66762066,13314.12751628,-30.94503837,-109.02599197,864.92113388,4572.51325094,0.00000000,8854.55232924,41.31410905,0.00000000,5175.56823114,0.00000000,1,2,1,0.40000000,180.00000000,1,0.40000000,180.00000000,2
2,1,7062,2025,10,22,5,0,295,300,60,12392.98240733,251.32326297,-500.68173723,9722.73343681,-114.74169541,32.74873423,-585.16183658,9657.23853329,0.00000000,9242.92486223,-81.87071611,0.00000000,9563.10040498,0.00000000,1,2,1,0.40000000,180.00000000,1,0.40000000,180.00000000,2
2,1,7063,2025,10,22,6,0,295,360,60,11707.51634368,331.41536791,215.38978692,14151.46436000,-206.87214518,-148.84703135,142.88623305,9741.76316245,0.00000000,12244.99677825,46.49570048,0.00000000,11345.46338384,0.00000000,2,2,1,0.40000000,180.00000000,1,0.40000000,180.00000000,2
2,1,7064,2025,10,22,7,0,295,420,60,11212.46276328,732.16927736,699.33407084,12141.84131577,-177.99985104,-13.65901374,971.39714131,5866.31579552,0.00000000,11824.97975409,165.82228472,0.00000000,11547.58729356,0.00000000,2,2,1,0.40000000,180.00000000,1,0.40000000,180.00000000,2
2,1,7065,2025,10,22,8,0,295,480,60,8843.11598354,450.58326775,468.78089927,12532.16977172,-17.06931442,-10.56037213,629.48172380,11732.07824777,0.00000000,7657.23197903,-10.36966436,0.00000000,10960.14507146,0.00000000,1,2,2,1.00000000,450.00000000,2,1.00000000,450.00000000,2
2,1,7066,2025,10,22,9,0,295,540,60,9597.32021308,377.88910439,408.49606144,11347.95260445,-93.16462160,22.25893495,99.13437238,13292.51994924,0.00000000,16406.47064868,63.92066171,0.00000000,10517.48387056,0.00000000,1,2,2,1.00000000,450.00000000,2,1.00000000,450.00000000,2
2,1,7067,2025,10,22,10,0,295,600,60,12791.14641671,358.58592442,1865.23145798,17345.64052863,82.22469828,-127.75844566,171.26262461,9763.10864029,0.00000000,9301.62344979,25.34619230,0.00000000,4995.52130662,0.00000000,1,2,3,1.60000000,720.00000000,3,1.60000000,720.00000000,2
2,1,7068,2025,10,22,11,0,295,660,60,9996.66411664,342.40933464,1800.96430354,7600.85026279,-110.81455496,719.95787529,881.17081213,8656.67934754,0.00000000,4894.05530449,-3.75150050,0.00000000,10805.06717168,0.00000000,1,2,3,1.60000000,720.00000000,3,1.60000000,720.00000000,2
2,1,7069,2025,10,22,12,0,295,720,60,9831.56679865,406.33083112,2518.38883495,9918.07171185,73.59004938,1059.63549202,2476.33856399,12847.18131966,0.00000000,13479.20702507,-76.99920372,0.00000000,11752.23758431,0.00000000,1,2,2,1.00000000,450.00000000,2,1.00000000,450.00000000,2
2,1,7070,2025,10,22,13,0,295,780,60,8165.42698815,530.73304638,1247.61215825,8438.64474786,-45.93935041,851.10696736,2133.49263943,4555.30513221,0.00000000,12772.00672218,-41.24719492,0.00000000,6575.86496013,0.00000000,1,2,2,1.00000000,450.00000000,2,1.00000000,450.00000000,2
2,1,7071,2025,10,22,14,0,295,840,60,13511.09675550,313.59340821,1814.64862661,7448.24234075,-67.04923701,626.28916825,3139.91552009,6518.10149668,0.00000000,11076.57047779,33.70594854,0.00000000,11016.75919557,0.00000000,1,2,2,1.00000000,450.00000000,2,1.00000000,450.00000000,2
2,1,7072,2025,10,22,15,0,295,900,60,11326.90338896,282.65306497,1545.44429448,11308.09035011,122.42824624,605.87075170,3482.54665237,7098.28376987,0.00000000,15183.97746638,-33.94138770,0.00000000,10294.87637187,0.00000000,1,2,2,1.00000000,450.00000000,2,1.00000000,450.00000000,2
2,1,7073,2025,10,22,16,0,295,960,60,7101.16867084,534.28307894,822.11198801,10109.91120473,-92.72999459,-32.43502388,4454.36177877,11621.32349946,0.00000000,7310.84375311,-13.52302765,0.00000000,10278.53533951,0.00000000,1,2,2,1.00000000,450.00000000,2,1.00000000,450.00000000,2
2,1,7074,2025,10,22,17,0,295,1020,60,7825.16444733,417.82530717,154.79131723,7048.43531368,72.34537224,-49.29230551,4460.52759572,5567.87827859,0.00000000,13987.56037653,276.72033617,0.00000000,7678.39951423,0.00000000,2,2,3,1.60000000,720.00000000,3,1.60000000,720.00000000,2
2,1,7075,2025,10,22,18,0,295,1080,60,8316.35237770,507.00574293,-598.10683571,11222.09059328,153.22647807,-62.08722730,2627.62988308,11002.31584468,0.00000000,15498.01939781,692.50883717,0.00000000,9040.04896059,0.00000000,2,2,3,1.60000000,720.00000000,3,1.60000000,720.00000000,2
2,1,7076,2025,10,22,19,0,295,1140,60,14001.30982378,179.83309333,401.36988147,8482.89229487,955.54992357,-276.09175659,2958.01002807,9262.85167560,0.00000000,13139.19437800,19.11203828,0.00000000,12295.57958128,0.00000000,1,2,3,1.60000000,720.00000000,3,1.60000000,720.00000000,2
2,1,7077,2025,10,22,20,0,295,1200,60,9776.92261064,198.05627591,225.18179445,11292.51797407,1130.95557463,-31.75064321,1278.81811402,9693.32565908,0.00000000,15781.28567490,3.96087032,0.00000000,15340.13745364,0.00000000,1,2,3,1.60000000,720.00000000,3,1.60000000,720.00000000,2
2,1,7078,2025,10,22,21,0,295,1260,60,10486.39303237,277.36808865,594.93398681,9513.45644024,1.18445086,91.19478390,798.43308510,12655.64112531,0.00000000,15829.50523608,951.49690320,0.00000000,9255.90573196,0.00000000,2,2,3,1.60000000,720.00000000,3,1.60000000,720.00000000,2
2,1,7079,2025,10,22,22,0,295,1320,60,8426.95973071,179.97739551,980.34662487,8773.14535961,140.34146121,-78.33132551,1261.97463167,9287.59899864,0.00000000,8718.38018746,681.59831741,0.00000000,13150.14776553,0.00000000,2,2,1,0.40000000,180.00000000,1,0.40000000,180.00000000,2
2,1,7080,2025,10,22,23,0,295,1380,60,10937.04297267,275.45509572,-73.24783291,11945.52312275,-263.28751936,57.21545676,752.75316109,10055.79402356,0.00000000,10843.21929552,447.69605826,0.00000000,8213.07436423,0.00000000,2,2,1,0.40000000,180.00000000,1,0.40000000,180.00000000,2
2,1,7081,2025,10,23,0,0,296,0,60,10327.38878106,257.88958172,253.61866472,7886.30536568,-17.62662209,-28.01490291,270.73166911,11517.84646572,0.00000000,13073.94116002,24.32758030,0.00000000,6364.54365587,0.00000000,1,2,1,0.40000000,180.00000000,1,0.40000000,180.00000000,2
2,1,7082,2025,10,23,1,0,296,60,60,4687.56950262,237.41478723,204.41727491,5790.99262622,56.54968110,-92.44188042,668.35132473,10393.00674199,0.00000000,11489.30638534,22.16133526,0.00000000,12820.62062107,0.00000000,1,2,1,0.40000000,180.00000000,1,0.40000000,180.00000000,2
2,1,7083,2025,10,23,2,0,296,120,60,8552.23713069,233.43766311,-30.37111677,8254.84036289,80.73734437,63.77753824,904.06750742,10904.38389225,0.00000000,10322.09275656,25.56370952,0.00000000,14198.07586019,0.00000000,1,2,1,0.40000000,180.00000000,1,0.40000000,180.00000000,2
2,1,7084,2025,10,23,3,0,296,180,60,14587.85919515,390.87618046,133.21860213,9419.07886506,80.85674700,-28.14745495,-355.97566979,7332.93707188,0.00000000,13767.03522521,-18.17112828,0.00000000,12093.73714919,0.00000000,1,2,1,0.40000000,180.00000000,1,0.40000000,180.00000000,2
2,1,7085,2025,10,23,4,0,296,240,60,10624.40064398,213.13268933,-263.50001655,11276.41725549,-321.85567745,121.69299648,1370.54643410,7102.30497680,0.00000000,9200.86145773,-16.24345462,0.00000000,10126.57545835,0.00000000,1,2,1,0.40000000,180.00000000,1,0.40000000,180.00000000,2
2,1,7086,2025,10,23,5,0,296,300,60,12344.02248698,486.30549581,-35.36475225,11966.46743383,-73.60823532,-123.03891532,1147.35322432,8123.35664108,0.00000000,13040.39177848,-67.19160549,0.00000000,11969.92843209,0.00000000,1,2,1,0.40000000,180.00000000,1,0.40000000,180.00000000,2
2,1,7087,2025,10,23,6,0,296,360,60,9786.01793955,368.50006756,358.98828139,7874.58042236,-57.10320863,114.11648924,329.83876318,12823.21405193,0.00000000,9524.47873611,6.66502048,0.00000000,11650.40252118,0.00000000,1,2,1,0.40000000,180.00000000,1,0.40000000,180.00000000,2
2,1,7088,2025,10,23,7,0,296,420,60,8509.16915163,434.48548939,162.45062463,10771.69342632,-18.42182967,26.69157310,572.59405704,10215.30507658,0.00000000,12368.04217794,72.71458402,0.00000000,8939.76714889,0.00000000,2,2,1,0.40000000,180.00000000,1,0.40000000,180.00000000,2
2,1,7089,2025,10,23,8,0,296,480,60,9967.71490170,509.52773022,609.62430991,7710.76471730,7.84139400,49.50504350,-26.48449317,14330.38480096,0.00000000,10914.30111996,18.23284247,0.00000000,11359.25207708,0.00000000,1,2,2,1.00000000,450.00000000,2,1.00000000,450.00000000,2
2,1,7090,2025,10,23,9,0,296,540,60,6538.83976033,373.44805505,1001.06803113,13471.30712452,-115.03391213,-53.66919548,-432.79273205,9041.76441433,0.00000000,9473.76119737,0.06883766,0.00000000,11216.46238269,0.00000000,1,2,2,1.00000000,450.00000000,2,1.00000000,450.00000000,2
2,1,7091,2025,10,23,10,0,296,600,60,4903.26058773,398.47387933,2150.20013740,7704.42615351,-16.08588964,-122.13221046,1101.08931105,6936.60471544,0.00000000,11611.37969477,-34.76772371,0.00000000,10116.02141958,0.00000000,1,2,3,1.60000000,720.00000000,3,1.60000000,720.00000000,2
2,1,7092,2025,10,23,11,0,296,660,60,8276.40893820,369.83389838,1928.67628725,11276.05744908,-57.00187272,663.69054307,1496.81040166,8884.09676092,0.00000000,10128.13191832,48.15137846,0.00000000,6958.54598894,0.00000000,1,2,3,1.60000000,720.00000000,3,1.60000000,720.00000000,2
2,1,7093,2025,10,23,12,0,296,720,60,13803.07978723,753.86946420,2571.85141134,9402.83130397,97.63962942,758.78133496,817.11752839,13137.79159095,0.00000000,9242.30296202,0.53459032,0.00000000,8915.38064797,0.00000000,1,2,2,1.00000000,450.00000000,2,1.00000000,450.00000000,2
2,1,7094,2025,10,23,13,0,296,780,60,7964.37993940,462.61862457,1962.15770732,8134.64066795,-130.92594100,675.61504436,2308.48734897,8530.62719893,0.00000000,13355.82613981,46.67795629,0.00000000,15166.79161168,0.00000000,1,2,2,1.00000000,450.00000000,2,1.00000000,450.00000000,2
2,1,7095,2025,10,23,14,0,296,840,60,7682.52263634,348.32962729,1555.19422187,9993.41596784,-201.25214931,557.93130393,3555.31884409,7042.88296868,0.00000000,9539.66273249,-3.00830870,0.00000000,9061.16883425,0.00000000,1,2,2,1.00000000,450.00000000,2,1.00000000,450.00000000,2
2,1,7096,2025,10,23,15,0,296,900,60,11442.86313848,623.59215584,837.50464257,5138.03842680,51.26488725,501.29849773,3802.47003322,9582.73957480,0.00000000,15391.56468126,62.29998373,0.00000000,9268.87891579,0.00000000,1,2,2,1.00000000,450.00000000,2,1.00000000,450.00000000,2
2,1,7097,2025,10,23,16,0,296,960,60,9594.92313088,464.77623357,292.18800936,5723.29772918,-4.70945725,-52.97570052,3899.82718451,9977.56408665,0.00000000,9491.81844092,-15.48030099,0.00000000,7256.76143725,0.00000000,1,2,2,1.00000000,450.00000000,2,1.00000000,450.00000000,2
2,1,7098,2025,10,23,17,0,296,1020,60,10016.67826175,486.11568647,259.68677154,6159.82407467,127.54625474,93.83372204,4087.12993826,9679.31476892,0.00000000,7322.75805177,256.51173614,0.00000000,12461.60434825,0.00000000,2,2,3,1.60000000,720.00000000,3,1.60000000,720.00000000,2
2,1,7099,2025,10,23,18,0,296,1080,60,14913.66702706,637.35952944,-634.27881747,8864.49027744,-62.46934074,-109.84346986,5105.64273645,11022.63146435,0.00000000,7005.75858328,607.81520270,0.00000000,7025.66903514,0.00000000,2,2,3,1.60000000,720.00000000,3,1.60000000,720.00000000,2
2,1,7100,2025,10,23,19,0,296,1140,60,12559.49378986,324.55240714,305.66842035,7312.39221481,1314.56693864,4.30790900,2944.22638579,8656.30113853,0.00000000,15714.88045132,15.79642665,0.00000000,16158.51655680,0.00000000,1,2,3,1.60000000,720.00000000,3,1.60000000,720.00000000,2
2,1,7101,2025,10,23,20,0,296,1200,60,11311.22819022,323.24100080,-357.34523056,6598.19314978,1152.42766531,-125.77194440,1587.71260363,13204.70280931,0.00000000,7225.18354791,39.11987896,0.00000000,12814.04410847,0.00000000,1,2,3,1.60000000,720.00000000,3,1.60000000,720.00000000,2
2,1,7102,2025,10,23,21,0,296,1260,60,11047.19350999,404.77378420,346.82607942,8404.91024829,-70.32672777,81.34302773,382.48109147,11257.36598943,0.00000000,11941.84971320,836.93788368,0.00000000,7711.53284310,0.00000000,2,2,3,1.60000000,720.00000000,3,1.60000000,720.00000000,2
2,1,7103,2025,10,23,22,0,296,1320,60,9187.19781734,327.43586090,-81.83286844,10362.13243038,170.16845810,64.28889022,1470.20161456,15282.51789429,0.00000000,6149.60545820,626.86583781,0.00000000,9720.79137737,0.00000000,2,2,1,0.40000000,180.00000000,1,0.40000000,180.00000000,2
2,1,7104,2025,10,23,23,0,296,1380,60,10009.92921557,325.53444008,184.60668896,9160.62158408,-61.72362730,-60.18914288,1388.35730604,13480.75781860,0.00000000,9191.94195040,348.25232527,0.00000000,9002.73134769,0.00000000,2,2,1,0.40000000,180.00000000,1,0.40000000,180.00000000,2
2,1,7105,2025,10,24,0,0,297,0,60,9911.93602256,285.28901151,932.25723626,8342.54945384,96.31671952,82.34298743,1257.12885413,15592.02087459,0.00000000,5918.38280615,-4.86462657,0.00000000,14916.96279039,0.00000000,1,2,1,0.40000000,180.00000000,1,0.40000000,180.00000000,2
2,1,7106,2025,10,24,1,0,297,60,60,10776.11814262,284.02366441,-34.67602700,10016.43263758,-21.52685226,160.86556689,1560.13696522,6749.32925008,0.00000000,9547.62661354,-12.76130905,0.00000000,15270.03947943,0.00000000,1,2,1,0.40000000,180.00000000,1,0.40000000,180.00000000,2
2,1,7107,2025,10,24,2,0,297,120,60,3372.75900347,479.40357866,-21.97265148,11468.49962383,-40.01970858,83.19801776,1825.45276978,9911.72031912,0.00000000,13079.02263471,24.00353569,0.00000000,16917.47815934,0.00000000,1,2,1,0.40000000,180.00000000,1,0.40000000,180.00000000,2
2,1,7108,2025,10,24,3,0,297,180,60,11460.90907836,485.28706087,132.69593364,11801.47569009,75.91450028,-12.08323052,1993.29090368,7212.39651321,0.00000000,8084.98736847,6.73857577,0.00000000,6629.07152761,0.00000000,1,2,1,0.40000000,180.00000000,1,0.40000000,180.00000000,2
3,1,2660,2025,4,21,19,0,111,1140,60,11180.82956778,538.17474245,-21.78215622,6222.00129249,1291.67552712,130.43968811,1805.55563408,11275.21217832,0.00000000,14184.20969010,55.83934607,0.00000000,10423.74915826,0.00000000,1,2,3,1.60000000,720.00000000,3,1.60000000,720.00000000,1
3,1,2661,2025,4,21,20,0,111,1200,60,15316.96483923,200.94709706,394.51648707,7629.54969535,1213.77090395,-71.91163617,2730.88722703,5340.81695957,0.00000000,10229.77350574,-16.49644573,0.00000000,11017.18261286,0.00000000,1,2,3,1.60000000,720.00000000,3,1.60000000,720.00000000,1
3,1,2662,2025,4,21,21,0,111,1260,60,11278.93675955,205.30236993,-698.11039234,10802.02181577,1142.81983686,-93.36345651,803.43730786,6585.04697499,0.00000000,9849.49267467,40.24250868,0.00000000,13563.83955820,0.00000000,1,2,3,1.60000000,720.00000000,3,1.60000000,720.00000000,1
3,1,2663,2025,4,21,22,0,111,1320,60,10771.68592877,221.00855528,410.09317167,11958.87297139,126.88135860,172.00819045,-306.30461407,8440.85047767,0.00000000,8097.20066553,-18.84581015,0.00000000,6441.04513584,0.00000000,1,2,1,0.40000000,180.00000000,1,0.40000000,180.00000000,1
3,1,2664,2025,4,21,23,0,111,1380,60,11679.01919362,303.05265454,17.83537232,7272.76617445,-108.34839346,-28.26626818,-983.30672174,10541.91213496,0.00000000,10352.85824040,-22.80069971,0.00000000,8309.31069069,0.00000000,1,2,1,0.40000000,180.00000000,1,0.40000000,180.00000000,1
3,1,2665,2025,4,22,0,0,112,0,60,13559.59984046,473.51296555,694.16279164,6736.59074437,185.36477955,81.28950975,-541.97413790,6842.35743162,0.00000000,4431.71916789,-27.48549207,0.00000000,13230.72766838,0.00000000,1,2,1,0.40000000,180.00000000,1,0.40000000,180.00000000,1
3,1,2666,2025,4,22,1,0,112,60,60,5787.39209034,506.56397678,72.80885030,6238.20340130,-72.83481088,58.86388371,313.01233531,7228.94509085,0.00000000,10595.30555211,-31.76483951,0.00000000,14220.26157417,0.00000000,1,2,1,0.40000000,180.00000000,1,0.40000000,180.00000000,1
3,1,2667,2025,4,22,2,0,112,120,60,10645.04702706,426.56924436,-99.53337053,4783.22338735,22.44632556,-168.26394140,454.50377657,6183.14376482,0.00000000,8348.86064679,9.79331110,0.00000000,12455.63214850,0.00000000,1,2,1,0.40000000,180.00000000,1,0.40000000,180.00000000,1
3,1,2668,2025,4,22,3,0,112,180,60,14360.51187704,375.13409351,-559.02416745,8758.44982971,56.89872295,56.09287328,677.24578654,11772.00972213,0.00000000,11809.28230708,47.93030319,0.00000000,8095.94411445,0.00000000,1,2,1,0.40000000,180.00000000,1,0.40000000,180.00000000,1
3,1,2669,2025,4,22,4,0,112,240,60,5584.63111900,325.82659860,196.46829730,6872.96069136,-86.91257494,9.45060883,68.25458552,12852.72164663,0.00000000,10872.44946031,-5.06654683,0.00000000,4583.75777176,0.00000000,1,2,1,0.40000000,180.00000000,1,0.40000000,180.00000000,1
3,1,2670,2025,4,22,5,0,112,300,60,12237.57289271,288.37008143,240.07192704,9094.84820035,-197.45588122,-83.54334395,1364.02741240,15243.36111593,0.00000000,2910.20547145,-22.07758546,0.00000000,11884.57347476,0.00000000,1,2,1,0.40000000,180.00000000,1,0.40000000,180.00000000,1
3,1,2671,2025,4,22,6,0,112,360,60,7257.56093127,298.01477075,473.72632008,12074.67359392,-42.94089831,-190.73717969,82.97017158,3761.30468240,0.00000000,5541.83334197,5.95255532,0.00000000,9789.12110974,0.00000000,1,2,1,0.40000000,180.00000000,1,0.40000000,180.00000000,1
3,1,2672,2025,4,22,7,0,112,420,60,5502.97918878,200.18030892,-175.24720704,7498.11509623,52.23584086,-3.64686374,178.08688138,4369.36207508,0.00000000,3295.09406968,-13.10667946,0.00000000,10025.53569155,0.00000000,1,2,1,0.40000000,180.00000000,1,0.40000000,180.00000000,1
3,1,2673,2025,4,22,8,0,112,480,60,10480.94941295,449.61146545,781.55494154,10712.30553675,-29.19131748,151.50221537,256.46712652,9359.45503410,0.00000000,8742.67905995,36.85003403,0.00000000,8800.09830783,0.00000000,1,2,2,1.00000000,450.00000000,2,1.00000000,450.00000000,1
3,1,2674,2025,4,22,9,0,112,540,60,8288.05383910,483.67273076,1570.88626940,9253.34887935,-85.38842359,112.65478610,-589.03793208,5696.16233785,0.00000000,10255.10888130,57.44558780,0.00000000,6000.61645833,0.00000000,1,2,2,1.00000000,450.00000000,2,1.00000000,450.00000000,1
3,1,2675,2025,4,22,10,0,112,600,60,5208.73523465,197.62425405,2341.82506158,7761.06295196,-72.30861773,78.35092707,537.86190556,5195.46539887,0.00000000,9595.74996159,16.90040344,0.00000000,10841.85039275,0.00000000,1,2,3,1.60000000,720.00000000,3,1.60000000,720.00000000,1
3,1,2676,2025,4,22,11,0,112,660,60,4694.25079423,448.79087281,2322.19534772,12423.08354474,-7.38007857,872.14402215,383.62854360,7536.68096059,0.00000000,14601.84614229,-12.15368358,0.00000000,6902.07643896,0.00000000,1,2,3,1.60000000,720.00000000,3,1.60000000,720.00000000,1
3,1,2677,2025,4,22,12,0,112,720,60,2771.49550536,303.93556759,2202.10481017,5112.60286484,-69.03189421,671.79833016,1295.41035223,5898.73747954,0.00000000,12608.59091675,42.08236718,0.00000000,9035.14541839,0.00000000,1,2,2,1.00000000,450.00000000,2,1.00000000,450.00000000,1
3,1,2678,2025,4,22,13,0,112,780,60,7996.10079210,391.74648327,1512.04741268,6330.33213213,-174.11687012,843.14457368,3388.47490604,6440.88238667,0.00000000,8527.60890255,2.26695166,0.00000000,15708.61603653,0.00000000,1,2,2,1.00000000,450.00000000,2,1.00000000,450.00000000,1
3,1,2679,2025,4,22,14,0,112,840,60,11033.25194304,281.12832836,2272.20582393,2348.19006308,127.00304566,539.83760691,2806.09833790,2718.38685846,0.00000000,11204.68129757,51.19141123,0.00000000,8102.63903169,0.00000000,1,2,2,1.00000000,450.00000000,2,1.00000000,450.00000000,1
3,1,2680,2025,4,22,15,0,112,900,60,8173.36187730,411.86263356,1613.45912449,13668.38213710,-63.42015230,693.67102648,2902.40317472,5571.88424938,0.00000000,7475.36378266,52.45281945,0.00000000,7438.67603960,0.00000000,1,2,2,1.00000000,450.00000000,2,1.00000000,450.00000000,1
3,1,2681,2025,4,22,16,0,112,960,60,12938.63004308,382.91086908,1223.69466458,11039.66268713,163.10110009,168.53388459,4945.92047675,10260.14217762,0.00000000,9744.90289997,-20.64150774,0.00000000,16503.57585837,0.00000000,1,2,2,1.00000000,450.00000000,2,1.00000000,450.00000000,1
3,1,2682,2025,4,22,17,0,112,1020,60,5737.21089772,422.21040635,1097.24724031,5131.60385449,23.20367065,129.19302019,4450.48636532,8099.33844907,0.00000000,15197.21607191,-9.02034881,0.00000000,9971.54535213,0.00000000,1,2,3,1.60000000,720.00000000,3,1.60000000,720.00000000,1
3,1,2683,2025,4,22,18,0,112,1080,60,6857.15781407,259.89232557,-78.18961462,9382.23489689,311.28675008,-157.11893067,2991.94978181,3012.26550061,0.00000000,9235.26730986,-31.26454199,0.00000000,4711.85315034,0.00000000,1,2,3,1.60000000,720.00000000,3,1.60000000,720.00000000,1
3,1,2684,2025,4,22,19,0,112,1140,60,11458.82845522,214.88688287,170.75920277,6616.93201815,1359.53187067,-43.68503277,2975.16818422,9441.80096201,0.00000000,12211.54805284,-25.94840543,0.00000000,4633.29337801,0.00000000,1,2,3,1.60000000,720.00000000,3,1.60000000,720.00000000,1
3,1,2685,2025,4,22,20,0,112,1200,60,7274.36795361,431.50009636,482.00348561,10455.74012142,1001.54276444,134.60993164,583.84188929,12152.61397755,0.00000000,11900.27255751,-9.97131239,0.00000000,8662.95236520,0.00000000,1,2,3,1.60000000,720.00000000,3,1.60000000,720.00000000,1
3,1,2686,2025,4,22,21,0,112,1260,60,4578.19560871,49.96754417,-549.39901655,9123.02165536,-24.27029581,-117.29739475,1236.02877012,7229.30243807,0.00000000,9393.67587809,51.64178688,0.00000000,11577.99499305,0.00000000,1,2,3,1.60000000,720.00000000,3,1.60000000,720.00000000,1
3,1,2687,2025,4,22,22,0,112,1320,60,9380.77311485,247.53209700,456.98924828,6317.31858182,205.69058260,84.29590148,266.21879648,12918.50095713,0.00000000,13233.40417426,19.47961186,0.00000000,7816.93332938,0.00000000,1,2,1,0.40000000,180.00000000,1,0.40000000,180.00000000,1
3,1,2688,2025,4,22,23,0,112,1380,60,5120.90453441,413.92786502,-17.54969774,11607.42870697,193.46449648,-62.32006937,1408.12938010,7679.37126418,0.00000000,3887.24882269,0.63652016,0.00000000,5648.16222789,0.00000000,1,2,1,0.40000000,180.00000000,1,0.40000000,180.00000000,1
3,1,2689,2025,4,23,0,0,113,0,60,6659.69876361,210.84665143,-172.97423267,13103.93034978,21.62536933,35.55300588,1187.52498685,4778.21240538,0.00000000,11351.64448642,1.35607681,0.00000000,4254.38567637,0.00000000,1,2,1,0.40000000,180.00000000,1,0.40000000,180.00000000,1
3,1,2690,2025,4,23,1,0,113,60,60,7006.95830854,285.68993462,191.29660481,7303.83742274,-136.07372623,-8.09315115,1200.72156292,6473.68855066,0.00000000,10033.69219132,-25.45271915,0.00000000,4102.13196663,0.00000000,1,2,1,0.40000000,180.00000000,1,0.40000000,180.00000000,1
3,1,2691,2025,4,23,2,0,113,120,60,7294.49800491,271.25432726,-256.00734410,9865.14775784,190.01582906,82.31578747,391.29166067,6998.63192285,0.00000000,-1521.23284068,-4.12643213,0.00000000,10014.08484384,0.00000000,1,2,1,0.40000000,180.00000000,1,0.40000000,180.00000000,1
3,1,2692,2025,4,23,3,0,113,180,60,9863.43304143,257.44191469,708.34229988,8624.94623735,-131.45998954,165.74465787,1495.16379485,7354.53876612,0.00000000,10188.25166643,14.17744663,0.00000000,10337.08828912,0.00000000,1,2,1,0.40000000,180.00000000,1,0.40000000,180.00000000,1
3,1,2693,2025,4,23,4,0,113,240,60,1844.72472916,41.25482132,31.89092535,6319.45842479,51.95178031,278.34596388,1639.71659478,8127.38244202,0.00000000,10658.36856423,27.04535003,0.00000000,10367.95315195,0.00000000,1,2,1,0.40000000,180.00000000,1,0.40000000,180.00000000,1
3,1,2694,2025,4,23,5,0,113,300,60,4349.77330777,116.02137364,368.37295272,10775.29547509,-39.68758414,-111.80502812,1313.72886950,8928.80192089,0.00000000,11774.54351888,-3.50274106,0.00000000,10975.26012507,0.00000000,1,2,1,0.40000000,180.00000000,1,0.40000000,180.00000000,1
3,1,2695,2025,4,23,6,0,113,360,60,4919.96175787,297.12231151,487.86359485,10343.70134245,-119.53661883,157.60793873,1105.67247134,9915.56139445,0.00000000,5738.41257509,-23.44711168,0.00000000,11096.92304138,0.00000000,1,2,1,0.40000000,180.00000000,1,0.40000000,180.00000000,1
3,1,2696,2025,4,23,7,0,113,420,60,1086.69864774,314.62447971,699.54119868,9928.44179299,6.18722995,107.11402889,1252.38276667,4226.29966372,0.00000000,9003.28540999,-46.83578324,0.00000000,5425.28957565,0.00000000,1,2,1,0.40000000,180.00000000,1,0.40000000,180.00000000,1
3,1,2697,2025,4,23,8,0,113,480,60,6846.59784792,119.79910024,935.59643238,10288.93441740,-54.25252555,-18.75517386,947.95069622,4273.36185434,0.00000000,8886.60486085,26.98456626,0.00000000,4343.30148540,0.00000000,1,2,2,1.00000000,450.00000000,2,1.00000000,450.00000000,1
3,1,2698,2025,4,23,9,0,113,540,60,7069.91962998,283.71436305,1172.91106081,11161.19497611,-92.49535743,150.05104471,-370.00635619,6049.82842576,0.00000000,8554.60559839,-19.83628825,0.00000000,7080.75882610,0.00000000,1,2,2,1.00000000,450.00000000,2,1.00000000,450.00000000,1
3,1,2699,2025,4,23,10,0,113,600,60,16578.93426418,219.47311499,1685.43342187,3202.33846754,-43.95160426,29.56198108,21.60779499,8447.28536156,0.00000000,13154.97709890,46.70365357,0.00000000,10923.08001815,0.00000000,1,2,3,1.60000000,720.00000000,3,1.60000000,720.00000000,1
3,1,2700,2025,4,23,11,0,113,660,60,10869.85280733,355.00139496,2558.15118907,8082.00772679,-16.30565604,851.32519598,1558.76508738,7077.58669932,0.00000000,9915.64031961,-63.29088748,0.00000000,7502.15712483,0.00000000,1,2,3,1.60000000,720.00000000,3,1.60000000,720.00000000,1
3,1,2701,2025,4,23,12,0,113,720,60,9224.20380454,243.03667479,1312.60855008,4770.35245191,-18.94551664,710.47224290,1811.82727999,4570.53726236,0.00000000,5782.97512563,-46.46072765,0.00000000,11628.06679370,0.00000000,1,2,2,1.00000000,450.00000000,2,1.00000000,450.00000000,1
3,1,2702,2025,4,23,13,0,113,780,60,10743.75527765,313.54959116,1785.19093412,4673.03237173,126.66375500,942.27639327,1999.39518445,1027.27194318,0.00000000,8389.77069591,3.46699571,0.00000000,7339.04779117,0.00000000,1,2,2,1.00000000,450.00000000,2,1.00000000,450.00000000,1
3,1,2703,2025,4,23,14,0,113,840,60,6471.87908188,318.02030207,1148.62899773,9056.25271733,-4.63639855,711.46174275,3862.65763813,5233.84029205,0.00000000,12129.13552504,-33.59176487,0.00000000,7168.29454492,0.00000000,1,2,2,1.00000000,450.00000000,2,1.00000000,450.00000000,1
3,1,2704,2025,4,23,15,0,113,900,60,6405.79536625,84.98978245,1085.85447378,9677.37257732,71.22353786,692.34614490,3438.17999353,7800.54320533,0.00000000,2699.42596185,-5.14530597,0.00000000,10367.29168285,0.00000000,1,2,2,1.00000000,450.00000000,2,1.00000000,450.00000000,1
3,1,2705,2025,4,23,16,0,113,960,60,11882.26431086,329.22476923,473.24442749,2780.35785559,-44.22613052,16.22050559,3804.75729076,12692.99944491,0.00000000,5226.46798224,-28.01175393,0.00000000,6521.99045239,0.00000000,1,2,2,1.00000000,450.00000000,2,1.00000000,450.00000000,1
3,1,2706,2025,4,23,17,0,113,1020,60,11611.33941892,150.26318187,1222.21157580,5756.99806301,-194.50127056,40.86413642,3611.42060588,5017.67343274,0.00000000,6822.17666009,-10.18581641,0.00000000,13216.29161517,0.00000000,1,2,3,1.60000000,720.00000000,3,1.60000000,720.00000000,1
3,1,2707,2025,4,23,18,0,113,1080,60,9027.06285167,258.98692930,517.52264615,14428.74657157,-224.55619510,-76.93846519,4494.11262997,8643.53341394,0.00000000,3610.33147659,21.57126162,0.00000000,16693.09860304,0.00000000,1,2,3,1.60000000,720.00000000,3,1.60000000,720.00000000,1
3,1,2708,2025,4,23,19,0,113,1140,60,12483.98585260,-70.31793893,-3.34076914,5498.11321713,1337.84944366,-39.05597635,2378.79506775,8124.55550595,0.00000000,9687.34709147,20.81815733,0.00000000,10866.10955445,0.00000000,1,2,3,1.60000000,720.00000000,3,1.60000000,720.00000000,1
3,1,2709,2025,4,23,20,0,113,1200,60,8162.01017767,71.17870117,252.81455812,2946.63654994,995.76624321,38.70959094,1705.54259263,8107.75395893,0.00000000,6561.55612504,49.35427180,0.00000000,14756.54167472,0.00000000,1,2,3,1.60000000,720.00000000,3,1.60000000,720.00000000,1
3,1,2710,2025,4,23,21,0,113,1260,60,8686.14520672,-28.86489025,-30.69159676,9366.48739591,137.64697097,-44.99450343,731.60099166,6823.79473782,0.00000000,4784.78872925,15.43426052,0.00000000,3176.86433213,0.00000000,1,2,3,1.60000000,720.00000000,3,1.60000000,720.00000000,1
3,1,2711,2025,4,23,22,0,113,1320,60,6053.29447512,166.24979590,-110.06659320,5067.38830426,46.87371995,98.84791440,216.19492595,9764.15971164,0.00000000,7684.12209157,52.03134721,0.00000000,10641.82445406,0.00000000,1,2,1,0.40000000,180.00000000,1,0.40000000,180.00000000,1
3,1,2712,2025,4,23,23,0,113,1380,60,9196.62542718,273.24242920,155.10733268,3421.81907167,-37.22360736,-109.97725894,1352.83420177,-1393.53801025,0.00000000,9266.93444408,-50.99834521,0.00000000,5673.23673982,0.00000000,1,2,1,0.40000000,180.00000000,1,0.40000000,180.00000000,1
3,1,2713,2025,4,24,0,0,114,0,60,7777.99554629,398.56597956,375.64039672,10355.83182835,106.32497007,128.65187001,1373.18137266,7125.73908958,0.00000000,11382.98583923,5.95992551,0.00000000,8316.52349820,0.00000000,1,2,1,0.40000000,180.00000000,1,0.40000000,180.00000000,1
3,1,2714,2025,4,24,1,0,114,60,60,11155.74412351,240.19089213,303.68643760,4954.43537956,122.93923140,-5.93600148,1330.01647096,11059.52626771,0.00000000,12151.35928327,20.93340257,0.00000000,12277.44433362,0.00000000,1,2,1,0.40000000,180.00000000,1,0.40000000,180.00000000,1
3,1,2715,2025,4,24,2,0,114,120,60,4028.55365061,246.34957198,25.49411605,9412.32595327,-287.62169892,-89.61696434,927.31178653,10491.68806415,0.00000000,14142.44644904,38.15442179,0.00000000,2420.97368380,0.00000000,1,2,1,0.40000000,180.00000000,1,0.40000000,180.00000000,1
3,1,2716,2025,4,24,3,0,114,180,60,14033.83350793,256.72482403,-551.35558505,4158.54349122,-116.00780773,-208.43446346,995.45928816,9705.12140380,0.00000000,9309.25126673,45.90436187,0.00000000,7820.13389737,0.00000000,1,2,1,0.40000000,180.00000000,1,0.40000000,180.00000000,1
3,1,2717,2025,4,24,4,0,114,240,60,7592.44198718,484.27211741,431.88218871,9893.16906874,-79.18707994,-10.83760413,131.68640388,11066.38045453,0.00000000,5953.88164488,-13.97805364,0.00000000,7927.85181565,0.00000000,1,2,1,0.40000000,180.00000000,1,0.40000000,180.00000000,1
3,1,2718,2025,4,24,5,0,114,300,60,8976.49028421,90.25960779,-103.22763191,7382.78415648,61.03233691,77.30213522,1297.16031381,7893.32643687,0.00000000,4084.20806491,24.86226341,0.00000000,13060.26234918,0.00000000,1,2,1,0.40000000,180.00000000,1,0.40000000,180.00000000,1
3,1,2719,2025,4,24,6,0,114,360,60,7344.58195554,314.25222574,136.22064249,12899.83639391,50.32675769,-151.41933328,1846.94374074,7467.30373224,0.00000000,6836.44057669,-21.15518876,0.00000000,10560.47744588,0.00000000,1,2,1,0.40000000,180.00000000,1,0.40000000,180.00000000,1
3,1,2720,2025,4,24,7,0,114,420,60,3649.14923542,68.95638031,420.08955784,5697.52758781,65.32978456,178.82552072,2286.98023210,4559.30748988,0.00000000,9822.51484212,53.40744161,0.00000000,11946.72578088,0.00000000,1,2,1,0.40000000,180.00000000,1,0.40000000,180.00000000,1
3,1,2721,2025,4,24,8,0,114,480,60,8150.54534984,270.42131100,936.30644476,3200.48576050,-141.83027913,139.37473508,-15.19428520,3870.18244798,0.00000000,5664.07982049,-23.43380323,0.00000000,9228.09214074,0.00000000,1,2,2,1.00000000,450.00000000,2,1.00000000,450.00000000,1
3,1,2722,2025,4,24,9,0,114,540,60,4519.91796622,200.86304454,1144.72912140,10490.71429624,-23.04906682,190.10124572,1601.89720547,10184.79977200,0.00000000,9267.59351144,-29.97786358,0.00000000,12723.91093933,0.00000000,1,2,2,1.00000000,450.00000000,2,1.00000000,450.00000000,1
3,1,2723,2025,4,24,10,0,114,600,60,6712.97528518,124.82245516,1682.25610114,6419.58548023,-64.42067337,81.46769395,414.38097742,4863.74279075,0.00000000,13645.46899145,0.92964613,0.00000000,4462.50248040,0.00000000,1,2,3,1.60000000,720.00000000,3,1.60000000,720.00000000,1
3,1,2724,2025,4,24,11,0,114,660,60,10649.20622866,74.41721584,2263.68425606,11563.33558771,14.97765497,725.12821167,1142.10086365,5995.92360078,0.00000000,8831.89716056,-10.76939720,0.00000000,13105.36393289,0.00000000,1,2,3,1.60000000,720.00000000,3,1.60000000,720.00000000,1
3,1,2725,2025,4,24,12,0,114,720,60,17951.31087435,198.74833099,2007.73045983,5976.50074060,24.98268301,737.56546508,3212.09388173,7898.03466267,0.00000000,8764.50313750,11.21399428,0.00000000,1975.00487948,0.00000000,1,2,2,1.00000000,450.00000000,2,1.00000000,450.00000000,1
3,1,2726,2025,4,24,13,0,114,780,60,2917.02468218,184.96246032,1646.11989760,7299.41513616,-61.29372995,751.34961618,3137.91903567,7738.78955780,0.00000000,8221.04981961,-36.14902605,0.00000000,8430.59685063,0.00000000,1,2,2,1.00000000,450.00000000,2,1.00000000,450.00000000,1
3,1,2727,2025,4,24,14,0,114,840,60,7854.82144445,-92.95507656,1702.86419208,12521.54099719,18.69585936,618.87988054,3117.12993613,394.88276842,0.00000000,7834.16593121,-49.54657403,0.00000000,5598.19927605,0.00000000,1,2,2,1.00000000,450.00000000,2,1.00000000,450.00000000,1
3,1,2728,2025,4,24,15,0,114,900,60,9369.82550734,174.85084356,1524.24879530,8760.08055778,37.08460534,310.53794466,2961.35835146,7372.50596350,0.00000000,12556.41442442,27.09687536,0.00000000,9319.27009451,0.00000000,1,2,2,1.00000000,450.00000000,2,1.00000000,450.00000000,1
3,1,2729,2025,4,24,16,0,114,960,60,13300.10963893,148.24727721,788.38819451,4363.85302110,-12.25549171,-66.76365211,4794.42358711,7112.19589587,0.00000000,9381.02291886,-7.84342559,0.00000000,13632.78494883,0.00000000,1,2,2,1.00000000,450.00000000,2,1.00000000,450.00000000,1
3,1,2730,2025,4,24,17,0,114,1020,60,8800.63895004,-1.64450774,143.16536026,6465.48568872,68.84240098,25.78523439,3327.96666704,8703.13210800,0.00000000,10211.15992899,-26.31513445,0.00000000,7923.78846285,0.00000000,1,2,3,1.60000000,720.00000000,3,1.60000000,720.00000000,1
3,1,2731,2025,4,24,18,0,114,1080,60,8440.03107545,500.65280594,676.58925085,9667.15081160,-16.03171083,-118.36752867,4474.35220589,7785.20080219,0.00000000,12883.00016695,18.88708886,0.00000000,11386.75876334,0.00000000,1,2,3,1.60000000,720.00000000,3,1.60000000,720.00000000,1
3,1,2732,2025,4,24,19,0,114,1140,60,10593.66672657,127.84845013,581.20373527,8287.59569764,1243.11297246,73.78169022,3281.94729962,5658.71830752,0.00000000,14568.13335630,-29.56374421,0.00000000,18137.38650653,0.00000000,1,2,3,1.60000000,720.00000000,3,1.60000000,720.00000000,1
3,1,2733,2025,4,24,20,0,114,1200,60,14220.95806170,143.62192103,-152.31465705,11511.95019806,1080.11081452,-1.93342636,2137.76490062,8382.45435789,0.00000000,9247.24756892,-16.05669000,0.00000000,5246.24363625,0.00000000,1,2,3,1.60000000,720.00000000,3,1.60000000,720.00000000,1
3,1,2734,2025,4,24,21,0,114,1260,60,12201.32895726,35.90176299,484.54427782,6546.91118348,1453.40244718,94.22003686,-338.24372062,5537.65382712,0.00000000,8894.49782004,12.39108904,0.00000000,4049.92015384,0.00000000,1,2,3,1.60000000,720.00000000,3,1.60000000,720.00000000,1
3,1,2735,2025,4,24,22,0,114,1320,60,13637.73913466,-22.90851718,841.33061709,8491.50502494,-25.09085419,118.83599763,745.78574285,3931.50279778,0.00000000,9911.93490868,-45.47985115,0.00000000,5026.18353911,0.00000000,1,2,1,0.40000000,180.00000000,1,0.40000000,180.00000000,1
3,1,2736,2025,4,24,23,0,114,1380,60,11584.41537797,202.04779501,368.45132932,8697.23318578,-125.88455765,-85.56014706,259.52736575,4313.47501596,0.00000000,6487.74066007,-19.99407523,0.00000000,5878.52930569,0.00000000,1,2,1,0.40000000,180.00000000,1,0.40000000,180.00000000,1
3,1,2737,2025,4,25,0,0,115,0,60,6336.16355921,155.35706795,196.98283121,11204.72608430,38.99362335,88.90533854,-626.23037626,5565.64484715,0.00000000,9109.39273380,-28.94403162,0.00000000,2756.22861737,0.00000000,1,2,1,0.40000000,180.00000000,1,0.40000000,180.00000000,1
3,1,2738,2025,4,25,1,0,115,60,60,8009.82603299,190.61378610,-223.57883444,11153.28130874,-73.77097719,152.20858254,719.34793142,9722.06841608,0.00000000,7771.60540102,44.90525852,0.00000000,12430.63759617,0.00000000,1,2,1,0.40000000,180.00000000,1,0.40000000,180.00000000,1
3,1,2739,2025,4,25,2,0,115,120,60,6028.11785083,65.91086160,159.66653438,5125.01041286,171.91190506,73.33709978,544.83873369,10946.54334875,0.00000000,13183.36859933,-13.30261227,0.00000000,3275.55030497,0.00000000,1,2,1,0.40000000,180.00000000,1,0.40000000,180.00000000,1
3,1,2740,2025,4,25,3,0,115,180,60,12730.84591594,246.26228110,-20.91925685,4984.28420684,179.93883181,-9.45356028,735.02226942,10983.63968448,0.00000000,5327.36530209,39.27489812,0.00000000,6940.20206673,0.00000000,1,2,1,0.40000000,180.00000000,1,0.40000000,180.00000000,1
3,1,2741,2025,4,25,4,0,115,240,60,11080.20183189,181.93358551,-37.95112526,9136.70053903,112.25038732,6.99480177,338.79772007,4894.65299991,0.00000000,9292.12580919,-50.41526495,0.00000000,9337.39146553,0.00000000,1,2,1,0.40000000,180.00000000,1,0.40000000,180.00000000,1
3,1,2742,2025,4,25,5,0,115,300,60,10118.18673198,315.58161980,-20.07232477,6581.50017100,-1.16289212,-70.54680096,577.52947386,7996.36072285,0.00000000,5683.06425152,5.73141674,0.00000000,4096.32220595,0.00000000,1,2,1,0.40000000,180.00000000,1,0.40000000,180.00000000,1
3,1,2743,2025,4,25,6,0,115,360,60,9855.30192191,253.82255069,138.61811738,12197.12639745,-6.44092663,43.55723525,268.36461373,11342.02102161,0.00000000,9471.67029897,12.30560359,0.00000000,7532.53403279,0.00000000,1,2,1,0.40000000,180.00000000,1,0.40000000,180.00000000,1
3,1,2744,2025,4,25,7,0,115,420,60,12960.06743412,234.14514920,1283.32521789,5310.97420998,-157.83758606,-19.89607143,83.24521039,4204.05408257,0.00000000,6597.91571299,14.42822161,0.00000000,10509.53151692,0.00000000,1,2,1,0.40000000,180.00000000,1,0.40000000,180.00000000,1
3,1,2745,2025,4,25,8,0,115,480,60,13036.78282017,172.12751589,897.61887063,5040.24846796,-37.29096969,65.90362642,1282.78807011,8431.49190615,0.00000000,6931.04725870,49.31328826,0.00000000,5829.31765468,0.00000000,1,2,2,1.00000000,450.00000000,2,1.00000000,450.00000000,1
3,1,2746,2025,4,25,9,0,115,540,60,12156.06747671,411.16985285,1282.14059822,12973.25510267,-180.74153198,10.70197137,681.99447733,6016.67424575,0.00000000,6626.15946320,-13.35746163,0.00000000,10873.08550007,0.00000000,1,2,2,1.00000000,450.00000000,2,1.00000000,450.00000000,1
3,1,2747,2025,4,25,10,0,115,600,60,6383.74177539,201.60043970,2100.45681636,7751.28114825,-64.77724958,49.49305275,713.26827419,5655.68028848,0.00000000,12158.80972962,15.78127172,0.00000000,7886.38862656,0.00000000,1,2,3,1.60000000,720.00000000,3,1.60000000,720.00000000,1
3,1,2748,2025,4,25,11,0,115,660,60,11489.33888133,284.00452212,1996.87767206,12205.30717117,-61.55668683,714.51393663,61.10254051,8354.95195033,0.00000000,8749.90332029,15.77173636,0.00000000,5791.08140508,0.00000000,1,2,3,1.60000000,720.00000000,3,1.60000000,720.00000000,1
3,1,2749,2025,4,25,12,0,115,720,60,13479.31371289,203.41217173,2430.53535991,6228.81025422,-49.98633330,1099.83199172,1485.18117683,9802.76142546,0.00000000,9925.86512122,59.18036711,0.00000000,9584.57712103,0.00000000,1,2,2,1.00000000,450.00000000,2,1.00000000,450.00000000,1
3,1,2750,2025,4,25,13,0,115,780,60,7812.72021267,418.70218544,2034.04469070,2318.55816428,-82.02374333,686.28157326,1681.34777448,7867.56618801,0.00000000,9004.01194340,4.94724038,0.00000000,7109.91908721,0.00000000,1,2,2,1.00000000,450.00000000,2,1.00000000,450.00000000,1
3,1,2751,2025,4,25,14,0,115,840,60,13561.01356152,324.78377880,1260.87960881,5352.84312451,-24.15278441,879.09440319,1534.04944265,5916.38357154,0.00000000,3358.40148076,-1.47838678,0.00000000,10761.99120085,0.00000000,1,2,2,1.00000000,450.00000000,2,1.00000000,450.00000000,1
3,1,2752,2025,4,25,15,0,115,900,60,13906.20164056,291.50268971,2210.89160396,5495.54715490,5.61105174,814.47243964,2482.17604933,4993.43131557,0.00000000,8238.06053764,65.80837337,0.00000000,4829.88303173,0.00000000,1,2,2,1.00000000,450.00000000,2,1.00000000,450.00000000,1
3,1,2753,2025,4,25,16,0,115,960,60,6450.88905431,443.64996797,1164.59866340,8619.93145728,-74.53284989,94.55409936,2007.94764943,4342.36089056,0.00000000,6391.96394876,-9.17920813,0.00000000,13726.79781679,0.00000000,1,2,2,1.00000000,450.00000000,2,1.00000000,450.00000000,1
3,1,2754,2025,4,25,17,0,115,1020,60,10249.65091683,34.29652907,1009.37941945,4794.77734792,-76.06809423,-17.75200285,3210.69938028,7234.86446998,0.00000000,5644.72226911,2.77875287,0.00000000,12777.98234815,0.00000000,1,2,3,1.60000000,720.00000000,3,1.60000000,720.00000000,1
3,1,2755,2025,4,25,18,0,115,1080,60,10318.87070587,340.23482493,541.30056996,9494.51688432,-105.72342335,-48.11121804,3269.18630154,9005.92882069,0.00000000,9392.67785939,-8.12293333,0.00000000,10592.16756562,0.00000000,1,2,3,1.60000000,720.00000000,3,1.60000000,720.00000000,1
3,1,2756,2025,4,25,19,0,115,1140,60,10927.42611731,45.75729052,-514.79577619,8186.62300978,1306.53657237,102.59383131,2003.27547222,8361.91951308,0.00000000,566.62237967,57.50968787,0.00000000,10476.70541029,0.00000000,1,2,3,1.60000000,720.00000000,3,1.60000000,720.00000000,1
3,1,2757,2025,4,25,20,0,115,1200,60,6087.87745636,168.21617440,32.38919524,11406.11051066,1170.68811932,75.48658876,668.43532098,5608.12556664,0.00000000,10446.83497801,12.00805069,0.00000000,10159.34888996,0.00000000,1,2,3,1.60000000,720.00000000,3,1.60000000,720.00000000,1
3,1,2758,2025,4,25,21,0,115,1260,60,8864.28850652,296.88625458,408.31854597,8184.46854837,83.19416648,-208.75983068,476.46247560,13109.81482231,0.00000000,10659.99638157,-11.71813202,0.00000000,7745.54167868,0.00000000,1,2,3,1.60000000,720.00000000,3,1.60000000,720.00000000,1
3,1,2759,2025,4,25,22,0,115,1320,60,10019.63178424,290.24144281,52.76870659,4684.51220822,-10.70022001,127.06953332,1946.17111926,12523.94815687,0.00000000,11254.46832198,-9.11077054,0.00000000,11761.58729709,0.00000000,1,2,1,0.40000000,180.00000000,1,0.40000000,180.00000000,1
4,1,2427,2025,4,12,2,0,102,120,60,10186.61227399,405.42513694,326.79201366,3534.61505760,-26.60244554,245.60608871,1437.31321870,8362.35189744,0.00000000,9462.50029965,36.24434409,0.00000000,10673.00349501,0.00000000,1,2,1,0.40000000,180.00000000,1,0.40000000,180.00000000,1
4,1,2428,2025,4,12,3,0,102,180,60,8853.84912028,104.32303982,382.61743290,8498.39756553,115.69718977,-36.61971393,965.26883972,9435.33094047,0.00000000,7820.29168099,1.51404802,0.00000000,10023.47775864,0.00000000,1,2,1,0.40000000,180.00000000,1,0.40000000,180.00000000,1
4,1,2429,2025,4,12,4,0,102,240,60,9213.00042625,368.84489258,305.35604711,9156.30131244,193.54915115,-44.33271440,1239.25459685,5890.34792473,0.00000000,7824.59770162,53.95431117,0.00000000,3374.07077214,0.00000000,1,2,1,0.40000000,180.00000000,1,0.40000000,180.00000000,1
4,1,2430,2025,4,12,5,0,102,300,60,9341.53497911,450.92378249,-314.86865895,6090.04780320,-33.77272349,19.72533899,2147.85093292,9281.72121436,0.00000000,9403.41125631,24.48697176,0.00000000,8626.85218508,0.00000000,1,2,1,0.40000000,180.00000000,1,0.40000000,180.00000000,1
4,1,2431,2025,4,12,6,0,102,360,60,9596.49546139,447.00455378,313.81949946,7970.05351715,177.57224735,-8.39385810,788.09450830,6623.84873809,0.00000000,4692.60568552,36.71580082,0.00000000,11567.68907351,0.00000000,1,2,1,0.40000000,180.00000000,1,0.40000000,180.00000000,1
4,1,2432,2025,4,12,7,0,102,420,60,10838.46152085,322.43244566,-270.48319588,6411.99955599,-7.49257555,-26.67692374,323.78076172,11566.98774684,0.00000000,13991.01540800,3.19232810,0.00000000,6365.76482588,0.00000000,1,2,1,0.40000000,180.00000000,1,0.40000000,180.00000000,1
4,1,2433,2025,4,12,8,0,102,480,60,12343.96656578,374.57668070,387.10559513,10249.69412349,-40.85570781,45.00623714,907.24657055,7188.54192272,0.00000000,11519.83162913,-12.89204584,0.00000000,8913.84141733,0.00000000,1,2,2,1.00000000,450.00000000,2,1.00000000,450.00000000,1
4,1,2434,2025,4,12,9,0,102,540,60,2274.15490667,636.42150182,1388.13252542,11903.27623950,-193.83552810,-41.26911327,951.78245359,1539.07035328,0.00000000,11761.21381732,-5.22062489,0.00000000,12584.29109121,0.00000000,1,2,2,1.00000000,450.00000000,2,1.00000000,450.00000000,1
4,1,2435,2025,4,12,10,0,102,600,60,12829.44274075,569.93288557,1739.70141730,7385.23373100,55.11706758,82.30167030,975.93590282,9129.56830291,0.00000000,9005.45029538,5.97022320,0.00000000,8916.57371165,0.00000000,1,2,3,1.60000000,720.00000000,3,1.60000000,720.00000000,1
4,1,2436,2025,4,12,11,0,102,660,60,8118.85193623,534.70456312,1899.11366435,10127.27196132,-28.81896657,779.76365876,1700.54470773,1303.69454679,0.00000000,6234.92649898,5.12629939,0.00000000,8667.78883752,0.00000000,1,2,3,1.60000000,720.00000000,3,1.60000000,720.00000000,1
4,1,2437,2025,4,12,12,0,102,720,60,11547.62866069,538.20314565,1969.88294760,3646.01487448,-199.67787662,645.50719050,3684.04453199,4524.35227969,0.00000000,5959.21431785,42.42091627,0.00000000,8619.96833123,0.00000000,1,2,2,1.00000000,450.00000000,2,1.00000000,450.00000000,1
4,1,2438,2025,4,12,13,0,102,780,60,11560.03243886,320.79831094,2321.60716285,4790.15228256,-23.05643374,670.18944645,2181.51246071,6126.68235315,0.00000000,6736.05989548,-56.23409915,0.00000000,8257.70933870,0.00000000,1,2,2,1.00000000,450.00000000,2,1.00000000,450.00000000,1
4,1,2439,2025,4,12,14,0,102,840,60,14100.69037013,587.93736106,2056.95333876,3676.59719842,-8.67263462,681.54201625,3529.04356388,8355.24195817,0.00000000,-2541.77327671,19.04616485,0.00000000,9393.58222197,0.00000000,1,2,2,1.00000000,450.00000000,2,1.00000000,450.00000000,1
4,1,2440,2025,4,12,15,0,102,900,60,10998.38718278,395.86018624,715.79871502,12100.11742797,66.52048380,580.83708636,4167.18397208,9125.62579001,0.00000000,8989.48470567,-15.78983732,0.00000000,9618.44420032,0.00000000,1,2,2,1.00000000,450.00000000,2,1.00000000,450.00000000,1
4,1,2441,2025,4,12,16,0,102,960,60,10425.56425297,442.71540610,345.06266450,8075.38675380,207.57429682,-180.75700975,3601.96715088,6953.27634487,0.00000000,12423.04662997,22.16569470,0.00000000,9545.86520040,0.00000000,1,2,2,1.00000000,450.00000000,2,1.00000000,450.00000000,1
4,1,2442,2025,4,12,17,0,102,1020,60,7984.37087573,334.58671765,833.34583123,7976.30380270,-69.18401206,25.81257702,3896.41483273,8564.71511101,0.00000000,11437.64628389,26.99632136,0.00000000,7610.70108476,0.00000000,1,2,3,1.60000000,720.00000000,3,1.60000000,720.00000000,1
4,1,2443,2025,4,12,18,0,102,1080,60,10337.72392706,550.83303542,-233.93507118,10372.67278248,-105.80907264,-42.33391534,3016.70477721,9185.08216109,0.00000000,13612.50678377,40.76762517,0.00000000,5246.25792742,0.00000000,1,2,3,1.60000000,720.00000000,3,1.60000000,720.00000000,1
4,1,2444,2025,4,12,19,0,102,1140,60,12837.22240693,465.48383646,95.95781220,7045.71811158,1297.80251351,-99.46258403,2176.26524949,7758.10876318,0.00000000,7899.52808843,-57.74385248,0.00000000,12533.84213061,0.00000000,1,2,3,1.60000000,720.00000000,3,1.60000000,720.00000000,1
4,1,2445,2025,4,12,20,0,102,1200,60,4663.69685790,408.60210121,310.09946859,7223.86255544,1173.31977999,-55.34527572,199.76943223,11595.45639847,0.00000000,11661.99285376,21.80284523,0.00000000,8715.28403802,0.00000000,1,2,3,1.60000000,720.00000000,3,1.60000000,720.00000000,1
4,1,2446,2025,4,12,21,0,102,1260,60,7316.37101225,439.32006628,-567.47196495,13935.80478966,1185.77438309,-16.39684008,89.44146415,7546.02476353,0.00000000,3230.58443636,51.13002928,0.00000000,5112.06923974,0.00000000,1,2,3,1.60000000,720.00000000,3,1.60000000,720.00000000,1
4,1,2447,2025,4,12,22,0,102,1320,60,9185.66232432,291.27362067,86.46255673,6561.57279822,-132.23591051,-150.15513148,-169.39347728,7009.60541574,0.00000000,7710.99919296,4.94801577,0.00000000,11388.75807167,0.00000000,1,2,1,0.40000000,180.00000000,1,0.40000000,180.00000000,1
4,1,2448,2025,4,12,23,0,102,1380,60,10572.14718319,166.84958617,271.57941134,5533.28262128,-154.24325610,-184.29165202,331.19723989,16223.99316615,0.00000000,12759.77767883,-28.38138998,0.00000000,7757.91245421,0.00000000,1,2,1,0.40000000,180.00000000,1,0.40000000,180.00000000,1
4,1,2449,2025,4,13,0,0,103,0,60,9185.25826897,369.28089271,577.89866257,11067.00074273,-126.15584169,-59.35541724,-1091.28147668,11039.41492039,0.00000000,12729.06322527,-66.64114178,0.00000000,9556.12103806,0.00000000,1,2,1,0.40000000,180.00000000,1,0.40000000,180.00000000,1
4,1,2450,2025,4,13,1,0,103,60,60,7388.25604823,21.31888418,643.58536667,12294.02572964,78.57565086,103.30049827,-825.37343438,11493.81922267,0.00000000,5994.85995782,-37.08592099,0.00000000,15382.82055580,0.00000000,1,2,1,0.40000000,180.00000000,1,0.40000000,180.00000000,1
4,1,2451,2025,4,13,2,0,103,120,60,11968.15026866,288.18602976,-410.32132639,12961.58992226,-21.28856355,41.18100817,-448.92381114,3521.91185387,0.00000000,12035.95850203,-7.15434644,0.00000000,7343.24382476,0.00000000,1,2,1,0.40000000,180.00000000,1,0.40000000,180.00000000,1
4,1,2452,2025,4,13,3,0,103,180,60,10558.62193390,343.91095383,-136.64938578,9969.63669066,106.70992478,-106.35390161,-736.87591553,7029.17229826,0.00000000,10229.36005607,-36.10806259,0.00000000,6822.20567783,0.00000000,1,2,1,0.40000000,180.00000000,1,0.40000000,180.00000000,1
4,1,2453,2025,4,13,4,0,103,240,60,2938.69519410,404.55543962,222.70588598,7051.71024452,236.78462753,-73.68546906,-1535.75998880,7487.15933235,0.00000000,9865.35676902,-15.97992246,0.00000000,2709.51359022,0.00000000,1,2,1,0.40000000,180.00000000,1,0.40000000,180.00000000,1
4,1,2454,2025,4,13,5,0,103,300,60,9360.63298875,202.78546287,-30.80587645,6750.95375243,182.45471747,50.71299445,783.42601084,273.98455596,0.00000000,11940.08638922,12.76620675,0.00000000,11561.97723753,0.00000000,1,2,1,0.40000000,180.00000000,1,0.40000000,180.00000000,1
4,1,2455,2025,4,13,6,0,103,360,60,7813.34376820,374.06842572,291.12852921,8432.68401447,33.83252810,90.38688370,-1616.05485181,5899.55019200,0.00000000,8594.49705028,65.49056019,0.00000000,5872.04243124,0.00000000,1,2,1,0.40000000,180.00000000,1,0.40000000,180.00000000,1
4,1,2456,2025,4,13,7,0,103,420,60,6980.25928065,275.63717921,795.85463363,677.37927426,57.78827164,69.80156090,426.80983257,7177.17008687,0.00000000,6051.38642939,-9.24295138,0.00000000,8742.12745529,0.00000000,1,2,1,0.40000000,180.00000000,1,0.40000000,180.00000000,1
4,1,2457,2025,4,13,8,0,103,480,60,12063.55705604,359.40579004,917.23203509,6127.60074337,13.63988740,-13.76495618,-185.33122562,10143.51333507,0.00000000,13722.60891572,36.02143739,0.00000000,1463.07869215,0.00000000,1,2,2,1.00000000,450.00000000,2,1.00000000,450.00000000,1
4,1,2458,2025,4,13,9,0,103,540,60,16849.53977116,491.76468401,978.95578390,5792.21422401,127.07985389,-36.27401870,585.03750864,1776.54355503,0.00000000,8496.50097826,47.76707094,0.00000000,6586.96590975,0.00000000,1,2,2,1.00000000,450.00000000,2,1.00000000,450.00000000,1
4,1,2459,2025,4,13,10,0,103,600,60,6712.93811361,424.98608948,1419.80254466,3800.32451573,-117.18543665,-8.63296885,-264.49102324,5803.56029634,0.00000000,7466.25382102,-24.62435607,0.00000000,8899.42350616,0.00000000,1,2,3,1.60000000,720.00000000,3,1.60000000,720.00000000,1
4,1,2460,2025,4,13,11,0,103,660,60,7920.74665882,423.94099989,2103.58518463,7367.34647613,-86.15929947,768.16099944,1288.82119419,6613.55190358,0.00000000,10504.21043964,12.60122590,0.00000000,12636.66126818,0.00000000,1,2,3,1.60000000,720.00000000,3,1.60000000,720.00000000,1
4,1,2461,2025,4,13,12,0,103,720,60,8780.64140668,295.15941399,1978.67816187,10036.16223617,-123.81680793,938.11703721,75.69413383,6986.56318256,0.00000000,8599.61670435,16.08260891,0.00000000,2566.08881865,0.00000000,1,2,2,1.00000000,450.00000000,2,1.00000000,450.00000000,1
4,1,2462,2025,4,13,13,0,103,780,60,10158.57041708,449.27050166,2493.09249153,8034.13048590,-44.81029163,713.88493690,2160.28000228,-1031.76684991,0.00000000,6385.63824825,45.33702834,0.00000000,12094.95832405,0.00000000,1,2,2,1.00000000,450.00000000,2,1.00000000,450.00000000,1
4,1,2463,2025,4,13,14,0,103,840,60,6885.49914025,579.97458615,1978.85278209,4440.02073110,22.02090140,725.85320839,3060.20002648,8584.17288229,0.00000000,8987.54964354,-30.10579477,0.00000000,7240.12869358,0.00000000,1,2,2,1.00000000,450.00000000,2,1.00000000,450.00000000,1
4,1,2464,2025,4,13,15,0,103,900,60,3600.25590586,402.37715090,807.72077483,10562.99885266,-58.36931086,590.71113592,2896.30064872,10411.94724767,0.00000000,9761.77826045,-11.58082998,0.00000000,10787.80239557,0.00000000,1,2,2,1.00000000,450.00000000,2,1.00000000,450.00000000,1
4,1,2465,2025,4,13,16,0,103,960,60,11281.59342067,484.19670450,1159.14485899,9813.87870806,-204.05932948,-1.79927950,3731.05010724,11427.04785963,0.00000000,10402.44330469,-29.97225605,0.00000000,4554.98119003,0.00000000,1,2,2,1.00000000,450.00000000,2,1.00000000,450.00000000,1
4,1,2466,2025,4,13,17,0,103,1020,60,6817.74228320,304.15587478,485.75413725,10705.67130064,-32.58565369,-99.14198311,3123.89968715,10784.54485545,0.00000000,9776.86309768,-88.37557946,0.00000000,9164.37071258,0.00000000,1,2,3,1.60000000,720.00000000,3,1.60000000,720.00000000,1
4,1,2467,2025,4,13,18,0,103,1080,60,9279.97151773,541.30488145,111.06891761,5298.37172235,-80.80568778,-29.19183207,3739.21671951,13217.32121869,0.00000000,7592.11428517,39.60930799,0.00000000,4500.50437787,0.00000000,1,2,3,1.60000000,720.00000000,3,1.60000000,720.00000000,1
4,1,2468,2025,4,13,19,0,103,1140,60,8483.27682717,549.80869926,191.79399003,7572.26561026,1184.44474135,-82.28009129,2319.73041106,9351.09539709,0.00000000,5335.07759652,-0.08093489,0.00000000,7646.70836014,0.00000000,1,2,3,1.60000000,720.00000000,3,1.60000000,720.00000000,1
4,1,2469,2025,4,13,20,0,103,1200,60,8526.67561505,339.03985772,251.37428385,8675.59881419,1183.63113977,122.59207619,-1065.19425748,9727.28894834,0.00000000,13138.40853247,-23.22252433,0.00000000,11614.02768875,0.00000000,1,2,3,1.60000000,720.00000000,3,1.60000000,720.00000000,1
4,1,2470,2025,4,13,21,0,103,1260,60,3250.89760357,268.91986325,137.20177448,6133.54659534,-3.41869743,70.61918986,536.42797001,9370.02511904,0.00000000,5880.13709227,1.72268529,0.00000000,6221.31083840,0.00000000,1,2,3,1.60000000,720.00000000,3,1.60000000,720.00000000,1
4,1,2471,2025,4,13,22,0,103,1320,60,4988.32634409,602.24475685,446.88200340,4136.11869414,-121.13249669,-99.51467207,892.91548325,10605.46092722,0.00000000,12428.52394089,4.64955684,0.00000000,11544.20311222,0.00000000,1,2,1,0.40000000,180.00000000,1,0.40000000,180.00000000,1
4,1,2472,2025,4,13,23,0,103,1380,60,8388.66873930,361.54584349,31.63391836,11696.23768695,122.08753759,95.76557567,1214.24229387,6159.18095722,0.00000000,9598.59725899,21.03021352,0.00000000,6690.13995859,0.00000000,1,2,1,0.40000000,180.00000000,1,0.40000000,180.00000000,1
4,1,2473,2025,4,14,0,0,104,0,60,-7.25604059,228.64547079,-72.53437112,10755.84862421,-13.82845891,6.25449298,-91.62715937,4145.86680957,0.00000000,10086.51552552,7.67815863,0.00000000,9951.74053072,0.00000000,1,2,1,0.40000000,180.00000000,1,0.40000000,180.00000000,1
4,1,2474,2025,4,14,1,0,104,60,60,11825.62383096,11.08058092,-152.45832573,7561.73576347,113.63896403,-179.93857535,-164.90828363,12263.03435156,0.00000000,7487.65816996,-1.96487916,0.00000000,14142.23128820,0.00000000,1,2,1,0.40000000,180.00000000,1,0.40000000,180.00000000,1
4,1,2475,2025,4,14,2,0,104,120,60,10003.44516562,266.20290982,234.90686136,6101.95886341,118.61586083,93.41058727,527.49918760,6823.05136042,0.00000000,10453.05759587,17.86026089,0.00000000,11398.82608206,0.00000000,1,2,1,0.40000000,180.00000000,1,0.40000000,180.00000000,1
4,1,2476,2025,4,14,3,0,104,180,60,13779.15365669,291.86816344,91.87705214,3661.79913885,-47.09340528,-5.04906485,-223.01932168,7651.03697406,0.00000000,13087.44358732,15.10694520,0.00000000,14649.24782885,0.00000000,1,2,1,0.40000000,180.00000000,1,0.40000000,180.00000000,1
4,1,2477,2025,4,14,4,0,104,240,60,8253.88171730,284.65819039,-145.73464441,11023.96477223,147.30798301,41.90999597,1204.94880223,6603.54473581,0.00000000,3316.95987774,13.32653083,0.00000000,6583.78498355,0.00000000,1,2,1,0.40000000,180.00000000,1,0.40000000,180.00000000,1
4,1,2478,2025,4,14,5,0,104,300,60,5042.32440367,320.80729655,-195.49843015,3776.87971492,64.99862607,-154.87237400,160.74946478,7638.04503524,0.00000000,9025.48439343,-8.63918267,0.00000000,6024.58747774,0.00000000,1,2,1,0.40000000,180.00000000,1,0.40000000,180.00000000,1
4,1,2479,2025,4,14,6,0,104,360,60,12803.73319382,275.13451018,-619.78297226,4980.32110968,50.80633629,-71.08277022,2518.21767159,12197.88535867,0.00000000,12894.11992163,-19.63528751,0.00000000,6563.59819780,0.00000000,1,2,1,0.40000000,180.00000000,1,0.40000000,180.00000000,1
4,1,2480,2025,4,14,7,0,104,420,60,6587.41904768,384.32647167,903.60621791,9301.13308872,158.83309619,52.65051897,1297.48198759,3630.58905574,0.00000000,11065.93424657,-10.75987735,0.00000000,8582.64127358,0.00000000,1,2,1,0.40000000,180.00000000,1,0.40000000,180.00000000,1
4,1,2481,2025,4,14,8,0,104,480,60,5621.24037114,427.24454290,458.50648711,8436.84326089,-78.55609429,-52.92502908,672.58774073,6500.93331679,0.00000000,9251.80846173,-38.60956143,0.00000000,9961.83665609,0.00000000,1,2,2,1.00000000,450.00000000,2,1.00000000,450.00000000,1
4,1,2482,2025,4,14,9,0,104,540,60,11827.51349278,428.53736008,1462.92687418,6415.43310511,54.69696601,118.99727033,733.88900450,6283.09178447,0.00000000,9909.98149809,38.03384832,0.00000000,11965.11613219,0.00000000,1,2,2,1.00000000,450.00000000,2,1.00000000,450.00000000,1
4,1,2483,2025,4,14,10,0,104,600,60,8687.46864298,515.89324741,2445.75525768,891.48905917,-5.61139809,-160.95350788,-173.55234816,5952.20400739,0.00000000,3562.27621059,-26.56551274,0.00000000,14742.46836740,0.00000000,1,2,3,1.60000000,720.00000000,3,1.60000000,720.00000000,1
4,1,2484,2025,4,14,11,0,104,660,60,8070.41805105,304.60001993,1782.78751658,5067.79862775,47.62170599,580.85141770,2414.17804168,6864.93211129,0.00000000,12573.43657709,8.27271945,0.00000000,12294.31145943,0.00000000,1,2,3,1.60000000,720.00000000,3,1.60000000,720.00000000,1
4,1,2485,2025,4,14,12,0,104,720,60,9799.31185119,503.11471842,1719.66404139,9652.71340405,-208.26803386,800.99725921,499.62987777,6690.93875086,0.00000000,8032.14438917,15.59212296,0.00000000,5114.02012339,0.00000000,1,2,2,1.00000000,450.00000000,2,1.00000000,450.00000000,1
4,1,2486,2025,4,14,13,0,104,780,60,10827.28819926,532.16611001,2090.44897856,2472.47346644,-32.85162609,833.27425496,3058.71738778,10182.40969043,0.00000000,13010.49646661,2.32291115,0.00000000,9725.97328452,0.00000000,1,2,2,1.00000000,450.00000000,2,1.00000000,450.00000000,1
4,1,2487,2025,4,14,14,0,104,840,60,6792.46985313,261.95408491,1598.77222445,1528.34621085,-58.41562493,680.02060769,2899.04633044,6191.37630359,0.00000000,11775.29259957,17.23118069,0.00000000,7985.87220748,0.00000000,1,2,2,1.00000000,450.00000000,2,1.00000000,450.00000000,1
4,1,2488,2025,4,14,15,0,104,900,60,6153.24630536,392.68875829,1684.85983886,6835.68727724,50.01364217,611.43748522,4208.43404379,4988.22118206,0.00000000,12624.04368388,-3.68885088,0.00000000,6053.60535280,0.00000000,1,2,2,1.00000000,450.00000000,2,1.00000000,450.00000000,1
4,1,2489,2025,4,14,16,0,104,960,60,11934.29550190,305.05404873,1193.23011092,8150.54974214,25.91041144,26.39898861,3628.13347437,10052.76950671,0.00000000,8986.52272359,-49.05458421,0.00000000,9839.56923562,0.00000000,1,2,2,1.00000000,450.00000000,2,1.00000000,450.00000000,1
4,1,2490,2025,4,14,17,0,104,1020,60,7113.33809383,250.46637244,884.22702953,8360.32019272,-57.65919623,139.08314510,4418.66918658,5462.17482933,0.00000000,9017.54930169,8.23638946,0.00000000,10798.48831724,0.00000000,1,2,3,1.60000000,720.00000000,3,1.60000000,720.00000000,1
4,1,2491,2025,4,14,18,0,104,1080,60,11486.85185344,120.92031490,-16.77391804,9581.74243212,-81.56196946,-109.49216735,3848.76203126,8121.26951822,0.00000000,7393.89644820,34.11062199,0.00000000,11445.46830290,0.00000000,1,2,3,1.60000000,720.00000000,3,1.60000000,720.00000000,1
4,1,2492,2025,4,14,19,0,104,1140,60,15773.99714146,314.65417188,-641.76839807,7669.04024431,1225.14104151,-180.76174307,2168.62671743,13453.13312903,0.00000000,12260.24678188,35.14057038,0.00000000,10987.44656335,0.00000000,1,2,3,1.60000000,720.00000000,3,1.60000000,720.00000000,1
4,1,2493,2025,4,14,20,0,104,1200,60,11147.98669150,376.92843200,71.47848140,9348.69616985,1014.81232578,-17.94355700,1617.24586114,6899.86136010,0.00000000,13470.42333367,19.23344092,0.00000000,10044.17558663,0.00000000,1,2,3,1.60000000,720.00000000,3,1.60000000,720.00000000,1
4,1,2494,2025,4,14,21,0,104,1260,60,8040.50844325,416.75190568,459.73565891,10990.42723421,155.05919121,-19.28458207,268.19033718,11850.20915749,0.00000000,13258.17981166,54.06611634,0.00000000,9992.78059004,0.00000000,1,2,3,1.60000000,720.00000000,3,1.60000000,720.00000000,1
4,1,2495,2025,4,14,22,0,104,1320,60,11685.74100276,290.42775306,-301.01999067,13702.10946594,-66.23278123,-112.38068122,1933.65286752,7400.10812304,0.00000000,7254.49190564,41.94404179,0.00000000,10150.83007699,0.00000000,1,2,1,0.40000000,180.00000000,1,0.40000000,180.00000000,1
4,1,2496,2025,4,14,23,0,104,1380,60,6210.12212520,282.63947903,236.68154046,10937.54498350,-261.13341755,-9.90338199,677.57532869,11354.11575522,0.00000000,9458.14607408,-74.52183353,0.00000000,10213.97151953,0.00000000,1,2,1,0.40000000,180.00000000,1,0.40000000,180.00000000,1
4,1,2497,2025,4,15,0,0,105,0,60,12784.50520091,112.50261716,-190.21653830,5743.60315335,164.95426965,213.95426534,815.07730668,11730.93663581,0.00000000,7742.90820554,52.43275794,0.00000000,7111.61477262,0.00000000,1,2,1,0.40000000,180.00000000,1,0.40000000,180.00000000,1
4,1,2498,2025,4,15,1,0,105,60,60,11461.62713895,296.84182170,-723.31700610,6735.20679805,109.79511176,-331.03738597,1163.95139748,9340.99179823,0.00000000,8404.38845239,2.22695153,0.00000000,8982.09948425,0.00000000,1,2,1,0.40000000,180.00000000,1,0.40000000,180.00000000,1
4,1,2499,2025,4,15,2,0,105,120,60,10765.01886399,277.96295840,-333.18099211,11170.19970400,183.89269509,-85.46724939,1269.61956371,8421.87976325,0.00000000,7030.51716698,-50.11511282,0.00000000,8975.34969591,0.00000000,1,2,1,0.40000000,180.00000000,1,0.40000000,180.00000000,1
4,1,2500,2025,4,15,3,0,105,180,60,7457.91617083,142.12483867,41.11183440,9195.94127441,-1.00264691,0.54361369,1937.81598399,9173.59994423,0.00000000,7626.60533950,38.10735657,0.00000000,6567.83423074,0.00000000,1,2,1,0.40000000,180.00000000,1,0.40000000,180.00000000,1
4,1,2501,2025,4,15,4,0,105,240,60,10308.38904235,322.54460045,592.12121147,4917.41777537,102.21721417,-190.14543654,1256.38082513,9442.21057090,0.00000000,13798.43752477,79.10499767,0.00000000,7971.87134247,0.00000000,1,2,1,0.40000000,180.00000000,1,0.40000000,180.00000000,1
4,1,2502,2025,4,15,5,0,105,300,60,7333.07254514,311.49709594,-482.97727695,10798.62835902,-56.90878245,-97.41196959,2080.50217944,8702.23102775,0.00000000,7724.10763698,37.22898003,0.00000000,14713.15325111,0.00000000,1,2,1,0.40000000,180.00000000,1,0.40000000,180.00000000,1
4,1,2503,2025,4,15,6,0,105,360,60,6145.40456640,373.96883444,65.33976999,9476.51064251,13.76926659,177.33870901,2206.67204674,9606.10655299,0.00000000,11346.24200182,-15.15553618,0.00000000,7673.87629488,0.00000000,1,2,1,0.40000000,180.00000000,1,0.40000000,180.00000000,1
4,1,2504,2025,4,15,7,0,105,420,60,9470.39690080,270.48938740,555.40032630,8197.80743043,-244.40034623,16.87886403,994.01931524,9241.89572806,0.00000000,5726.22202732,-37.16615648,0.00000000,10831.50865126,0.00000000,1,2,1,0.40000000,180.00000000,1,0.40000000,180.00000000,1
4,1,2505,2025,4,15,8,0,105,480,60,8049.39912414,243.98608221,1322.32714044,11313.44805201,40.09068728,-60.34738444,325.32643631,6763.62026499,0.00000000,9190.93921776,30.05324738,0.00000000,12446.66775886,0.00000000,1,2,2,1.00000000,450.00000000,2,1.00000000,450.00000000,1
4,1,2506,2025,4,15,9,0,105,540,60,1089.66622656,221.19655860,1731.23603978,6242.59689958,-40.05890278,-172.20565645,621.20863555,11387.90688283,0.00000000,6458.46210611,-26.57873470,0.00000000,5191.49050393,0.00000000,1,2,2,1.00000000,450.00000000,2,1.00000000,450.00000000,1
4,1,2507,2025,4,15,10,0,105,600,60,7569.97642470,485.14016195,2158.76237740,7063.26150491,-38.10338794,-91.45949323,18.62643969,7118.90394446,0.00000000,14868.31580417,3.08761093,0.00000000,14348.01096959,0.00000000,1,2,3,1.60000000,720.00000000,3,1.60000000,720.00000000,1
4,1,2508,2025,4,15,11,0,105,660,60,9250.76603459,404.22669417,1923.75798483,3427.21769259,37.24599902,933.65276315,1524.41895870,4789.65731044,0.00000000,10723.21995721,-19.02290256,0.00000000,7234.68717258,0.00000000,1,2,3,1.60000000,720.00000000,3,1.60000000,720.00000000,1
4,1,2509,2025,4,15,12,0,105,720,60,7413.44146461,226.16674104,2338.04199307,7151.24270836,-117.67869147,864.59762304,2647.54568269,7442.47183447,0.00000000,13211.23167613,62.75864073,0.00000000,11227.70791228,0.00000000,1,2,2,1.00000000,450.00000000,2,1.00000000,450.00000000,1
4,1,2510,2025,4,15,13,0,105,780,60,11010.75999743,482.78931558,2155.14538369,2070.13966695,-4.03990523,820.62963295,3922.75930047,7175.78394387,0.00000000,5345.19475802,41.05231935,0.00000000,18030.64769087,0.00000000,1,2,2,1.00000000,450.00000000,2,1.00000000,450.00000000,1
4,1,2511,2025,4,15,14,0,105,840,60,10248.56810465,542.71351695,1820.08552127,12160.25779852,-37.80378790,798.90314695,4266.58813207,8159.54380094,0.00000000,13897.58461446,4.50334607,0.00000000,6430.90945028,0.00000000,1,2,2,1.00000000,450.00000000,2,1.00000000,450.00000000,1
4,1,2512,2025,4,15,15,0,105,900,60,10539.37023261,175.63780026,1584.10077855,9846.23048257,-19.44613381,747.16021030,3576.93296337,7913.83414907,0.00000000,2559.34440206,24.46673288,0.00000000,9086.64298426,0.00000000,1,2,2,1.00000000,450.00000000,2,1.00000000,450.00000000,1
4,1,2513,2025,4,15,16,0,105,960,60,10329.02700968,438.53067205,813.21737295,6596.49366721,-136.08914988,-91.70240983,5734.44360165,7688.16570318,0.00000000,8091.70737914,2.47074848,0.00000000,11788.93025559,0.00000000,1,2,2,1.00000000,450.00000000,2,1.00000000,450.00000000,1
4,1,2514,2025,4,15,17,0,105,1020,60,8564.63957905,506.10164197,574.59961003,11791.87057776,-121.42594922,-185.49472103,3680.81532623,13648.90937012,0.00000000,9680.56430518,54.92052954,0.00000000,7826.58389498,0.00000000,1,2,3,1.60000000,720.00000000,3,1.60000000,720.00000000,1
4,1,2515,2025,4,15,18,0,105,1080,60,11277.82163709,515.99953273,243.95003860,9550.89590402,-123.88110365,-47.96754967,4306.32404774,12260.63610122,0.00000000,10068.67533186,49.58200954,0.00000000,8121.01370607,0.00000000,1,2,3,1.60000000,720.00000000,3,1.60000000,720.00000000,1
4,1,2516,2025,4,15,19,0,105,1140,60,7730.19805952,57.94882136,-350.72682385,7756.43880915,1297.17150773,10.83132360,3271.21814979,8985.44287524,0.00000000,14142.22155950,43.04071805,0.00000000,9825.33288990,0.00000000,1,2,3,1.60000000,720.00000000,3,1.60000000,720.00000000,1
4,1,2517,2025,4,15,20,0,105,1200,60,8224.06287576,207.42716067,272.58228845,7767.43319725,1208.05612430,39.56618908,1976.65988558,10547.11036958,0.00000000,11635.22126377,34.02452622,0.00000000,9584.11951389,0.00000000,1,2,3,1.60000000,720.00000000,3,1.60000000,720.00000000,1
4,1,2518,2025,4,15,21,0,105,1260,60,8393.16171273,403.28170865,-373.92971128,12398.70983786,1471.12888375,97.98486090,1181.17242630,11454.65204838,0.00000000,13517.62767337,-30.12749969,0.00000000,12610.40856708,0.00000000,1,2,3,1.60000000,720.00000000,3,1.60000000,720.00000000,1
4,1,2519,2025,4,15,22,0,105,1320,60,11968.42743347,516.91025110,-224.90012426,9187.02678356,-90.18756125,-2.02282983,2011.37285553,9143.01124042,0.00000000,3559.09371426,16.01878092,0.00000000,6927.00980055,0.00000000,1,2,1,0.40000000,180.00000000,1,0.40000000,180.00000000,1
4,1,2520,2025,4,15,23,0,105,1380,60,10150.90723277,23.37384152,-398.32894606,12695.93622960,61.58864715,43.05567244,753.22692334,9945.06597093,0.00000000,12508.52023204,-21.32311096,0.00000000,11600.11690060,0.00000000,1,2,1,0.40000000,180.00000000,1,0.40000000,180.00000000,1
4,1,2521,2025,4,16,0,0,106,0,60,10428.02136762,314.85382585,236.07755768,5935.19354976,175.63636704,163.48890188,93.12052821,7066.15364663,0.00000000,7505.30315258,-42.82920628,0.00000000,6311.98374978,0.00000000,1,2,1,0.40000000,180.00000000,1,0.40000000,180.00000000,1
4,1,2522,2025,4,16,1,0,106,60,60,10089.01484473,183.85277890,84.61638826,7693.35589127,-175.19708457,80.91513840,1397.07798957,8770.97533436,0.00000000,10576.29729937,-36.33145338,0.00000000,9544.59496871,0.00000000,1,2,1,0.40000000,180.00000000,1,0.40000000,180.00000000,1
4,1,2523,2025,4,16,2,0,106,120,60,11273.23626907,230.22302006,-270.92260017,5292.13395303,-43.60675491,-82.63892597,-726.81445877,10588.78247354,0.00000000,7071.54002467,-72.25177158,0.00000000,10085.87891392,0.00000000,1,2,1,0.40000000,180.00000000,1,0.40000000,180.00000000,1
4,1,2524,2025,4,16,3,0,106,180,60,8731.57536129,280.07928759,-174.48346056,8999.67317198,-26.23000950,-31.88611133,-719.58851228,9122.71686521,0.00000000,8620.27803422,-63.68353986,0.00000000,6021.82516628,0.00000000,1,2,1,0.40000000,180.00000000,1,0.40000000,180.00000000,1
4,1,2525,2025,4,16,4,0,106,240,60,5168.92712458,351.78282914,-546.70974489,8588.83985679,-130.31722987,19.04870645,-202.58378631,11963.87809048,0.00000000,13591.84452291,6.27420920,0.00000000,10573.51827140,0.00000000,1,2,1,0.40000000,180.00000000,1,0.40000000,180.00000000,1
4,1,2526,2025,4,16,5,0,106,300,60,14026.25556317,245.12226970,-23.75711412,11008.29310416,-152.91390692,129.83527264,1298.92767773,5292.11989766,0.00000000,13054.71995605,-43.50031286,0.00000000,5264.65820345,0.00000000,1,2,1,0.40000000,180.00000000,1,0.40000000,180.00000000,1
5,1,2768,2025,4,26,7,0,116,420,60,7442.18827405,519.53766484,859.03499380,9360.38157824,-74.67826995,9.54740085,1576.33100109,9336.32421863,0.00000000,12171.88550932,-19.61302580,0.00000000,10621.11679892,0.00000000,1,2,1,0.40000000,180.00000000,1,0.40000000,180.00000000,1
5,1,2769,2025,4,26,8,0,116,480,60,11138.28263839,441.39018337,143.02442593,6747.56866569,6.42433228,-145.71941060,1122.84791966,6229.13828193,0.00000000,11536.20479359,48.01990634,0.00000000,13450.37237219,0.00000000,1,2,2,1.00000000,450.00000000,2,1.00000000,450.00000000,1
5,1,2770,2025,4,26,9,0,116,540,60,2331.33937623,624.87105696,1337.43636333,8821.55351752,-154.35655891,-10.31097662,520.37452782,5160.29543608,0.00000000,8006.25721507,-26.79224592,0.00000000,7642.23414321,0.00000000,1,2,2,1.00000000,450.00000000,2,1.00000000,450.00000000,1
5,1,2771,2025,4,26,10,0,116,600,60,11578.42239123,304.72369473,1489.76658802,2939.07504888,-14.97830354,93.07531872,1101.77201360,7438.18556172,0.00000000,13947.06138508,8.23263317,0.00000000,10227.17682699,0.00000000,1,2,3,1.60000000,720.00000000,3,1.60000000,720.00000000,1
5,1,2772,2025,4,26,11,0,116,660,60,10488.44421058,258.08713526,1647.36363996,8812.62661723,27.20464196,821.49688713,2175.92818219,5628.66174548,0.00000000,9629.14654473,-24.60900156,0.00000000,10191.39907607,0.00000000,1,2,3,1.60000000,720.00000000,3,1.60000000,720.00000000,1
5,1,2773,2025,4,26,12,0,116,720,60,11877.60252289,460.96599893,1741.67102731,9185.97572895,78.77282157,811.27677909,2161.69947230,4397.14197977,0.00000000,10724.61895462,58.20498665,0.00000000,10981.10772271,0.00000000,1,2,2,1.00000000,450.00000000,2,1.00000000,450.00000000,1
5,1,2774,2025,4,26,13,0,116,780,60,7552.55330402,528.62076820,1991.92126757,12675.74540927,99.75338512,651.15076886,3344.54804527,7223.38631649,0.00000000,6859.23489922,16.89389933,0.00000000,5365.23693771,0.00000000,1,2,2,1.00000000,450.00000000,2,1.00000000,450.00000000,1
5,1,2775,2025,4,26,14,0,116,840,60,12173.16789310,194.36361566,1727.38321449,9145.59411605,-9.78304349,553.47660875,2889.49004962,2941.83863787,0.00000000,8485.40372547,17.44969857,0.00000000,11136.81903333,0.00000000,1,2,2,1.00000000,450.00000000,2,1.00000000,450.00000000,1
5,1,2776,2025,4,26,15,0,116,900,60,9922.20739089,579.79309774,1576.54384163,10412.71911440,-166.93808552,882.97170985,3591.98920027,3694.18881818,0.00000000,10100.72186875,3.51103374,0.00000000,5650.76066315,0.00000000,1,2,2,1.00000000,450.00000000,2,1.00000000,450.00000000,1
5,1,2777,2025,4,26,16,0,116,960,60,10030.89911144,262.15645458,1106.01632039,1246.40977546,89.73229056,-48.49155337,4040.31759072,5602.40603642,0.00000000,13688.39835342,-20.78129244,0.00000000,9579.25174407,0.00000000,1,2,2,1.00000000,450.00000000,2,1.00000000,450.00000000,1
5,1,2778,2025,4,26,17,0,116,1020,60,7394.72943686,205.52306137,445.75657543,7278.61265008,125.21025124,-55.95271345,4015.19659045,8395.09809470,0.00000000,7761.40858104,-11.68529972,0.00000000,15148.26434809,0.00000000,1,2,3,1.60000000,720.00000000,3,1.60000000,720.00000000,1
5,1,2779,2025,4,26,18,0,116,1080,60,9700.19161697,43.72135737,-185.49998994,6607.49484909,-10.16863737,159.64296703,5150.90071372,4853.64123610,0.00000000,9433.16184629,-19.07306724,0.00000000,2870.33481150,0.00000000,1,2,3,1.60000000,720.00000000,3,1.60000000,720.00000000,1
5,1,2780,2025,4,26,19,0,116,1140,60,2596.86770339,480.37211338,-172.82756272,6096.91012297,1132.37725449,87.70180069,2127.91779004,11695.27069187,0.00000000,8545.07315398,-11.09392808,0.00000000,2447.52183833,0.00000000,1,2,3,1.60000000,720.00000000,3,1.60000000,720.00000000,1
5,1,2781,2025,4,26,20,0,116,1200,60,7666.59782104,362.04805860,-74.42208498,8650.13386481,1158.26423799,30.04311436,-259.40313957,8640.28946765,0.00000000,4610.98467319,-8.23772882,0.00000000,14042.68183865,0.00000000,1,2,3,1.60000000,720.00000000,3,1.60000000,720.00000000,1
5,1,2782,2025,4,26,21,0,116,1260,60,7160.22139636,73.21813327,121.90577621,7756.15638587,-2.52143727,169.25994024,1694.21429852,8011.75751815,0.00000000,5393.57226082,9.22886951,0.00000000,4807.08326737,0.00000000,1,2,3,1.60000000,720.00000000,3,1.60000000,720.00000000,1
5,1,2783,2025,4,26,22,0,116,1320,60,7129.30620989,296.36184705,251.38886193,9133.36083423,-118.62562384,-113.57715527,1020.09705352,975.11073732,0.00000000,11399.60263696,22.21250783,0.00000000,5064.81369331,0.00000000,1,2,1,0.40000000,180.00000000,1,0.40000000,180.00000000,1
5,1,2784,2025,4,26,23,0,116,1380,60,17212.57150424,105.25308290,102.43108843,8793.60974298,-268.52047208,-38.32736213,966.68843538,9780.77413222,0.00000000,6553.90074344,30.29266732,0.00000000,7501.66299013,0.00000000,1,2,1,0.40000000,180.00000000,1,0.40000000,180.00000000,1
5,1,2785,2025,4,27,0,0,117,0,60,6023.28996302,203.07383491,-291.73710980,13567.52343234,141.41592092,140.96951167,1351.10499425,7859.62618362,0.00000000,10084.72073818,17.18414044,0.00000000,6365.71892498,0.00000000,1,2,1,0.40000000,180.00000000,1,0.40000000,180.00000000,1
5,1,2786,2025,4,27,1,0,117,60,60,9763.82110550,287.51796584,-642.49486303,10488.33091641,102.63986702,63.57004515,265.71220768,4564.43513930,0.00000000,983.22385909,-11.88003589,0.00000000,4736.96106431,0.00000000,1,2,1,0.40000000,180.00000000,1,0.40000000,180.00000000,1
5,1,2787,2025,4,27,2,0,117,120,60,7464.01688722,252.39704128,-399.00747268,5376.84338402,117.20221598,34.30043004,1007.53827829,11844.38069820,0.00000000,8438.74280744,20.50148633,0.00000000,12880.57191738,0.00000000,1,2,1,0.40000000,180.00000000,1,0.40000000,180.00000000,1
5,1,2788,2025,4,27,3,0,117,180,60,6550.19732408,455.54936864,-120.40494529,7583.11976341,-105.01408385,106.15385546,2097.38268083,3854.57618101,0.00000000,11894.11339835,-13.33673555,0.00000000,10439.68103264,0.00000000,1,2,1,0.40000000,180.00000000,1,0.40000000,180.00000000,1
5,1,2789,2025,4,27,4,0,117,240,60,9820.22548778,351.89444813,-328.73623075,8369.24513824,90.99719236,-33.08454447,1872.79848252,6681.18951538,0.00000000,13253.30013466,-28.13932955,0.00000000,5816.66080260,0.00000000,1,2,1,0.40000000,180.00000000,1,0.40000000,180.00000000,1
5,1,2790,2025,4,27,5,0,117,300,60,10815.78292400,553.18397087,-199.62553008,8630.74620618,-83.10868084,131.13931064,-126.11121894,11289.45702033,0.00000000,7287.73953304,3.27363908,0.00000000,8510.65370503,0.00000000,1,2,1,0.40000000,180.00000000,1,0.40000000,180.00000000,1
5,1,2791,2025,4,27,6,0,117,360,60,9690.11256892,417.61721148,91.14376290,7194.00944635,-150.93732681,205.65277193,1626.18282942,11827.47388542,0.00000000,5163.64621554,1.93779767,0.00000000,11384.00909263,0.00000000,1,2,1,0.40000000,180.00000000,1,0.40000000,180.00000000,1
5,1,2792,2025,4,27,7,0,117,420,60,9582.21536564,463.79549298,779.14850801,8813.66793727,-105.11662134,114.50583777,2212.58568379,8368.97200148,0.00000000,12290.19332833,38.10316952,0.00000000,6730.54844921,0.00000000,1,2,1,0.40000000,180.00000000,1,0.40000000,180.00000000,1
5,1,2793,2025,4,27,8,0,117,480,60,1758.61004431,304.07403643,1108.03581344,7395.65189970,41.06594924,-159.28948746,2826.17603851,9749.67935507,0.00000000,10519.90542843,29.25031606,0.00000000,14065.50702205,0.00000000,1,2,2,1.00000000,450.00000000,2,1.00000000,450.00000000,1
5,1,2794,2025,4,27,9,0,117,540,60,9617.12848423,421.62901774,2124.74530305,6053.71770636,-201.24757428,-295.10856300,-104.36342399,3818.76513334,0.00000000,10764.71163495,-43.40306263,0.00000000,10019.59013898,0.00000000,1,2,2,1.00000000,450.00000000,2,1.00000000,450.00000000,1
5,1,2795,2025,4,27,10,0,117,600,60,8151.55818898,553.94213228,1573.20950908,4634.50186918,44.78813655,-98.47670794,692.41803623,8463.70951522,0.00000000,8980.48109577,6.29294653,0.00000000,8457.73194929,0.00000000,1,2,3,1.60000000,720.00000000,3,1.60000000,720.00000000,1
5,1,2796,2025,4,27,11,0,117,660,60,13820.14360271,391.55551891,2014.39530453,3777.84349053,-37.47399376,819.98802944,986.94191310,10707.13669021,0.00000000,10718.61636054,72.15123222,0.00000000,10456.02737821,0.00000000,1,2,3,1.60000000,720.00000000,3,1.60000000,720.00000000,1
5,1,2797,2025,4,27,12,0,117,720,60,11700.03155428,410.04090636,2459.72453626,5235.94735494,305.17219114,781.00697415,1865.95848767,7917.89677811,0.00000000,13045.09340328,-16.48838700,0.00000000,7967.12386143,0.00000000,1,2,2,1.00000000,450.00000000,2,1.00000000,450.00000000,1
5,1,2798,2025,4,27,13,0,117,780,60,8333.35001060,516.74767923,2222.31871723,4386.67721402,25.87065427,728.58132634,2846.18925489,6405.58468945,0.00000000,7818.28492863,20.73822548,0.00000000,10429.14903603,0.00000000,1,2,2,1.00000000,450.00000000,2,1.00000000,450.00000000,1
5,1,2799,2025,4,27,14,0,117,840,60,27.62421039,626.15873711,1537.29025578,9007.55999901,-116.93165912,584.05793389,3570.48361156,10433.99731933,0.00000000,15255.03462966,15.08552669,0.00000000,10087.66244622,0.00000000,1,2,2,1.00000000,450.00000000,2,1.00000000,450.00000000,1
5,1,2800,2025,4,27,15,0,117,900,60,-752.73265347,324.21555541,2041.36457361,3164.36600418,-17.63610483,852.18273354,5514.25188113,4960.63956755,0.00000000,11640.07971014,-5.90661385,0.00000000,13404.48900277,0.00000000,1,2,2,1.00000000,450.00000000,2,1.00000000,450.00000000,1
5,1,2801,2025,4,27,16,0,117,960,60,7913.27244996,289.63195754,1634.55485104,7696.14335686,-31.96543580,-252.48452203,4073.55432095,11520.44932183,0.00000000,7511.04422934,-20.48714421,0.00000000,6599.83287684,0.00000000,1,2,2,1.00000000,450.00000000,2,1.00000000,450.00000000,1
5,1,2802,2025,4,27,17,0,117,1020,60,5357.29824844,238.52682447,411.91625958,8513.21172587,33.65617088,57.21398454,4527.77567552,8384.08992314,0.00000000,3284.03424211,-33.40603895,0.00000000,10083.78948503,0.00000000,1,2,3,1.60000000,720.00000000,3,1.60000000,720.00000000,1
5,1,2803,2025,4,27,18,0,117,1080,60,6759.76491136,489.72279778,-418.05357972,6318.05345118,86.03167884,202.57818760,3341.30857538,11216.15833636,0.00000000,9680.02648974,55.16129428,0.00000000,10774.74521489,0.00000000,1,2,3,1.60000000,720.00000000,3,1.60000000,720.00000000,1
5,1,2804,2025,4,27,19,0,117,1140,60,5855.11513046,616.56406897,374.12418178,4516.79329456,1359.09475701,-86.40401160,2072.23768001,4410.89505406,0.00000000,10037.82655162,3.04932232,0.00000000,9643.09102757,0.00000000,1,2,3,1.60000000,720.00000000,3,1.60000000,720.00000000,1
5,1,2805,2025,4,27,20,0,117,1200,60,9156.09817184,133.62436716,143.29020380,8399.74976654,1327.87016714,31.47167071,1747.98823801,6557.92327040,0.00000000,10611.96285213,-25.69681445,0.00000000,11972.44446532,0.00000000,1,2,3,1.60000000,720.00000000,3,1.60000000,720.00000000,1
5,1,2806,2025,4,27,21,0,117,1260,60,6594.53303556,174.22267116,381.26273449,11242.87847663,1123.24629926,91.19450751,70.47107056,7416.32959049,0.00000000,11578.92997267,-11.19812270,0.00000000,12804.34065522,0.00000000,1,2,3,1.60000000,720.00000000,3,1.60000000,720.00000000,1
5,1,2807,2025,4,27,22,0,117,1320,60,7873.44434672,271.90248710,161.76770335,7339.91623979,-83.71914648,-18.79936921,596.55581794,8798.65519149,0.00000000,8307.00638800,26.29378955,0.00000000,7467.65107498,0.00000000,1,2,1,0.40000000,180.00000000,1,0.40000000,180.00000000,1
5,1,2808,2025,4,27,23,0,117,1380,60,15450.22967265,371.01734684,117.95499034,9651.13162904,36.77904019,0.62269937,182.03830780,4304.22339825,0.00000000,8927.68687959,-14.47261980,0.00000000,8699.94770753,0.00000000,1,2,1,0.40000000,180.00000000,1,0.40000000,180.00000000,1
5,1,2809,2025,4,28,0,0,118,0,60,7570.28131609,358.58542510,-108.45475617,5067.17262865,-13.87520381,-117.47928749,32.94160841,9306.61757025,0.00000000,6162.16074320,8.22264314,0.00000000,15004.07678914,0.00000000,1,2,1,0.40000000,180.00000000,1,0.40000000,180.00000000,1
5,1,2810,2025,4,28,1,0,118,60,60,12209.67804203,306.55541977,463.50793172,5030.25296660,139.22505613,-22.50579098,-84.94189179,10997.41999759,0.00000000,7789.70432381,-2.88497423,0.00000000,10498.93368336,0.00000000,1,2,1,0.40000000,180.00000000,1,0.40000000,180.00000000,1
5,1,2811,2025,4,28,2,0,118,120,60,13233.25540958,375.56428083,199.94038113,11247.82274036,-19.65252660,-138.82279933,-150.02328470,11063.78994029,0.00000000,8691.05375002,-4.79567582,0.00000000,7163.62874294,0.00000000,1,2,1,0.40000000,180.00000000,1,0.40000000,180.00000000,1
5,1,2812,2025,4,28,3,0,118,180,60,4687.76667878,39.25467164,319.18578938,6182.64536094,-81.41629588,3.37745526,-107.48033500,4585.74667216,0.00000000,8675.49220069,21.67438607,0.00000000,8654.85263020,0.00000000,1,2,1,0.40000000,180.00000000,1,0.40000000,180.00000000,1
5,1,2813,2025,4,28,4,0,118,240,60,11945.42773804,558.72462961,162.44915386,3692.60168195,99.61979021,94.23913382,310.24945277,11162.31433791,0.00000000,10736.19111009,43.76361099,0.00000000,7634.65037689,0.00000000,1,2,1,0.40000000,180.00000000,1,0.40000000,180.00000000,1
5,1,2814,2025,4,28,5,0,118,300,60,8608.62462937,326.27917797,-169.25273242,8265.08292894,-20.19729014,-46.19152218,875.38272434,10393.45749056,0.00000000,1912.59155839,8.21372167,0.00000000,11626.24402378,0.00000000,1,2,1,0.40000000,180.00000000,1,0.40000000,180.00000000,1
5,1,2815,2025,4,28,6,0,118,360,60,4795.53020852,429.14532099,338.28703558,11194.60958298,-18.58918197,-65.06371524,1561.60338235,10092.65110698,0.00000000,11551.08612647,10.75128680,0.00000000,9053.55271909,0.00000000,1,2,1,0.40000000,180.00000000,1,0.40000000,180.00000000,1
5,1,2816,2025,4,28,7,0,118,420,60,8225.76682930,370.90754463,401.96627279,5453.41262876,64.33127624,31.89356689,-117.55316202,7177.25332068,0.00000000,8011.68092681,18.61325608,0.00000000,8120.11768366,0.00000000,1,2,1,0.40000000,180.00000000,1,0.40000000,180.00000000,1
5,1,2817,2025,4,28,8,0,118,480,60,13045.84312383,664.13050486,1230.77890650,9543.78410941,93.06490771,51.95154648,337.66408378,4498.33752016,0.00000000,13520.49621245,44.71349207,0.00000000,15306.80364645,0.00000000,1,2,2,1.00000000,450.00000000,2,1.00000000,450.00000000,1
5,1,2818,2025,4,28,9,0,118,540,60,8885.21735219,392.34144419,1027.45419942,12377.91658611,50.14582399,30.76576100,138.64079542,7672.30898771,0.00000000,8769.18431732,28.10337405,0.00000000,9332.11066723,0.00000000,1,2,2,1.00000000,450.00000000,2,1.00000000,450.00000000,1
5,1,2819,2025,4,28,10,0,118,600,60,5649.54853508,343.64712432,1664.73364636,6040.51609600,-57.40737083,23.29248023,332.85522914,4020.35737961,0.00000000,17542.89723323,-64.11329536,0.00000000,10470.51129336,0.00000000,1,2,3,1.60000000,720.00000000,3,1.60000000,720.00000000,1
5,1,2820,2025,4,28,11,0,118,660,60,7227.97710654,427.58173156,2076.27834775,6266.44590793,-48.10062636,829.74686174,1620.20099986,10043.06077384,0.00000000,12244.68724290,63.08692893,0.00000000,9276.26812675,0.00000000,1,2,3,1.60000000,720.00000000,3,1.60000000,720.00000000,1
5,1,2821,2025,4,28,12,0,118,720,60,13365.52959176,750.83105765,1498.63864312,11821.43060977,3.63600636,507.94781548,2139.26559970,1925.55439327,0.00000000,10901.19228951,6.64821719,0.00000000,10691.67525410,0.00000000,1,2,2,1.00000000,450.00000000,2,1.00000000,450.00000000,1
5,1,2822,2025,4,28,13,0,118,780,60,7912.02539678,236.79767144,1830.79378979,864.45909064,113.59242164,813.68190928,2335.81633372,11782.79750088,0.00000000,9352.47651611,-39.38576676,0.00000000,10117.20771424,0.00000000,1,2,2,1.00000000,450.00000000,2,1.00000000,450.00000000,1
5,1,2823,2025,4,28,14,0,118,840,60,6441.56841113,643.05617609,1876.27099024,10147.39392249,-248.73371286,737.32357179,3650.78942095,10343.12542161,0.00000000,5729.97217560,-18.44381093,0.00000000,9107.41622020,0.00000000,1,2,2,1.00000000,450.00000000,2,1.00000000,450.00000000,1
5,1,2824,2025,4,28,15,0,118,900,60,12738.68736306,524.84756365,990.45692905,10445.77261204,-234.25857793,511.51569904,4082.44366812,5883.10261511,0.00000000,5784.56454048,0.38510452,0.00000000,16546.52159592,0.00000000,1,2,2,1.00000000,450.00000000,2,1.00000000,450.00000000,1
5,1,2825,2025,4,28,16,0,118,960,60,10855.35172203,608.72238675,886.58965578,6807.59838972,-39.58210038,11.38999837,4234.20565320,12645.42541021,0.00000000,6158.66110311,2.34884134,0.00000000,9490.12694193,0.00000000,1,2,2,1.00000000,450.00000000,2,1.00000000,450.00000000,1
5,1,2826,2025,4,28,17,0,118,1020,60,7195.86948496,598.32581325,120.33530781,6292.14113465,300.46263378,42.63409277,3068.78796832,10169.76266274,0.00000000,10659.55972597,26.92996520,0.00000000,10571.61538694,0.00000000,1,2,3,1.60000000,720.00000000,3,1.60000000,720.00000000,1
5,1,2827,2025,4,28,18,0,118,1080,60,4284.49454740,488.75517895,645.22023757,9497.95547684,26.45954899,-104.19703600,3318.03288233,7439.98852225,0.00000000,7650.70073923,-28.88449292,0.00000000,10205.75564089,0.00000000,1,2,3,1.60000000,720.00000000,3,1.60000000,720.00000000,1
5,1,2828,2025,4,28,19,0,118,1140,60,9971.82135824,502.21011772,-11.33354220,7416.93586197,1276.81528117,-189.79712155,1926.00590397,10275.65532897,0.00000000,9860.46570330,-20.97385801,0.00000000,3551.39049809,0.00000000,1,2,3,1.60000000,720.00000000,3,1.60000000,720.00000000,1
5,1,2829,2025,4,28,20,0,118,1200,60,7518.41146967,396.22925940,-153.92135159,4086.68772842,1190.00173907,11.50834046,1102.87360353,12053.84569741,0.00000000,10668.39375554,-31.58221315,0.00000000,7743.06346583,0.00000000,1,2,3,1.60000000,720.00000000,3,1.60000000,720.00000000,1
5,1,2830,2025,4,28,21,0,118,1260,60,12082.63817384,428.74102168,307.75048223,8400.50198962,-36.57609316,-59.41671749,421.28509007,3486.92352003,0.00000000,12570.47460762,1.60287812,0.00000000,9909.04311007,0.00000000,1,2,3,1.60000000,720.00000000,3,1.60000000,720.00000000,1
5,1,2831,2025,4,28,22,0,118,1320,60,11760.17016348,298.86027117,-371.52448738,7997.07827109,75.06467082,-117.28383342,1102.04876446,7808.87256358,0.00000000,10539.65720664,-1.76448089,0.00000000,5433.73497792,0.00000000,1,2,1,0.40000000,180.00000000,1,0.40000000,180.00000000,1
5,1,2832,2025,4,28,23,0,118,1380,60,10909.18501283,562.64695944,-54.85795382,8183.73632750,219.04110861,-6.02547400,1807.28439932,5593.30658649,0.00000000,3297.79334180,-13.92013095,0.00000000,9478.96646610,0.00000000,1,2,1,0.40000000,180.00000000,1,0.40000000,180.00000000,1
5,1,2833,2025,4,29,0,0,119,0,60,7003.90753125,178.11916178,-339.87017532,8160.15710102,-263.22048203,-115.24780285,1660.16405574,12332.88937109,0.00000000,9555.80724690,-11.77851893,0.00000000,5124.92114337,0.00000000,1,2,1,0.40000000,180.00000000,1,0.40000000,180.00000000,1
5,1,2834,2025,4,29,1,0,119,60,60,8303.29778038,370.79225491,-198.07474312,8660.31876197,101.62274183,-35.18548646,843.62518469,9163.48485261,0.00000000,8133.63211843,-52.52345658,0.00000000,9714.27135671,0.00000000,1,2,1,0.40000000,180.00000000,1,0.40000000,180.00000000,1
5,1,2835,2025,4,29,2,0,119,120,60,10535.33338163,141.41814373,-248.92183012,7823.38962158,-40.92744008,15.42165021,1405.53420805,5103.99488637,0.00000000,7415.19550167,-42.95907979,0.00000000,11706.29967038,0.00000000,1,2,1,0.40000000,180.00000000,1,0.40000000,180.00000000,1
5,1,2836,2025,4,29,3,0,119,180,60,13012.79254907,556.04254437,401.81609882,8370.53716860,280.68963826,52.39488998,796.07333151,6611.82056746,0.00000000,8264.96436915,22.59352698,0.00000000,3846.47551621,0.00000000,1,2,1,0.40000000,180.00000000,1,0.40000000,180.00000000,1
5,1,2837,2025,4,29,4,0,119,240,60,11536.10371975,483.88144707,110.24919106,7450.50490236,31.41791063,53.60872434,147.84061026,5904.63361843,0.00000000,9328.81242737,-55.58169064,0.00000000,6447.49252927,0.00000000,1,2,1,0.40000000,180.00000000,1,0.40000000,180.00000000,1
5,1,2838,2025,4,29,5,0,119,300,60,12668.20165089,393.58327351,-1003.68522020,2565.86176185,-8.89499211,169.77254377,338.88489059,10039.91709388,0.00000000,6284.22472982,-8.41738191,0.00000000,6869.91632553,0.00000000,1,2,1,0.40000000,180.00000000,1,0.40000000,180.00000000,1
5,1,2839,2025,4,29,6,0,119,360,60,9222.37217505,768.28739016,762.24034449,7769.10346948,58.01703049,-175.22863529,961.63935766,9008.80604883,0.00000000,7545.76902450,-52.28234254,0.00000000,9676.19039955,0.00000000,1,2,1,0.40000000,180.00000000,1,0.40000000,180.00000000,1
5,1,2840,2025,4,29,7,0,119,420,60,12159.24542861,290.04148731,676.88495016,6777.35495841,91.11593158,97.68613633,904.22784690,4966.82507860,0.00000000,8596.99953738,-29.38708372,0.00000000,16040.77962634,0.00000000,1,2,1,0.40000000,180.00000000,1,0.40000000,180.00000000,1
5,1,2841,2025,4,29,8,0,119,480,60,6717.79236528,531.64862587,916.32349580,12282.14498509,86.03602433,-64.95827406,836.35553617,8202.53689438,0.00000000,5385.24135198,25.35805541,0.00000000,7240.06861304,0.00000000,1,2,2,1.00000000,450.00000000,2,1.00000000,450.00000000,1
5,1,2842,2025,4,29,9,0,119,540,60,8385.84648762,416.07656348,1539.64869748,4575.24926475,-122.37081952,-41.80914379,613.84325688,9442.76412621,0.00000000,9528.29930575,7.06143522,0.00000000,9048.50407469,0.00000000,1,2,2,1.00000000,450.00000000,2,1.00000000,450.00000000,1
5,1,2843,2025,4,29,10,0,119,600,60,13328.21963226,543.42225269,2158.51497293,6198.24753860,-111.08620723,38.05439276,1208.70398323,8110.39921602,0.00000000,7338.47642253,16.70859745,0.00000000,6959.80037063,0.00000000,1,2,3,1.60000000,720.00000000,3,1.60000000,720.00000000,1
5,1,2844,2025,4,29,11,0,119,660,60,12294.62128821,644.85680385,2126.54245055,7007.07442710,88.00514209,798.16973205,828.59028422,4340.40845745,0.00000000,1864.59726625,-15.53825656,0.00000000,11646.18349102,0.00000000,1,2,3,1.60000000,720.00000000,3,1.60000000,720.00000000,1
5,1,2845,2025,4,29,12,0,119,720,60,7624.43478133,434.52478970,2109.90258607,8122.08782940,-131.04163778,920.12108599,3709.65843653,4257.49015017,0.00000000,13698.94310348,52.92853791,0.00000000,13515.50250128,0.00000000,1,2,2,1.00000000,450.00000000,2,1.00000000,450.00000000,1
5,1,2846,2025,4,29,13,0,119,780,60,9198.85562790,320.74981002,2044.43848615,9843.72902159,-154.81430946,922.78779798,2439.22176019,3853.27076613,0.00000000,1432.18093159,14.03429526,0.00000000,12017.23662513,0.00000000,1,2,2,1.00000000,450.00000000,2,1.00000000,450.00000000,1
5,1,2847,2025,4,29,14,0,119,840,60,12032.96525652,424.70662805,1512.30123302,5210.32759394,50.19959180,817.36854140,3548.00425661,8388.45464323,0.00000000,6655.57758419,-28.42092984,0.00000000,9747.97561805,0.00000000,1,2,2,1.00000000,450.00000000,2,1.00000000,450.00000000,1
5,1,2848,2025,4,29,15,0,119,900,60,10861.06694834,547.57183997,1445.57778688,5793.12615091,42.99704963,621.94545028,4385.03565431,2317.47009682,0.00000000,5183.14577062,-12.95767797,0.00000000,7436.17579759,0.00000000,1,2,2,1.00000000,450.00000000,2,1.00000000,450.00000000,1
5,1,2849,2025,4,29,16,0,119,960,60,11304.65142447,482.58472978,1109.04113062,10243.99475690,-4.45416263,45.74905224,4365.04304131,12177.11072204,0.00000000,8075.09718032,11.68336020,0.00000000,10593.84572083,0.00000000,1,2,2,1.00000000,450.00000000,2,1.00000000,450.00000000,1
5,1,2850,2025,4,29,17,0,119,1020,60,8188.19702715,284.83140701,730.03615681,10927.07495149,123.10487830,-210.22396607,3572.94826765,10314.31700033,0.00000000,9320.92624399,-45.48537730,0.00000000,10168.86610925,0.00000000,1,2,3,1.60000000,720.00000000,3,1.60000000,720.00000000,1
5,1,2851,2025,4,29,18,0,119,1080,60,7119.26574779,417.32657987,233.60221196,8506.36380914,5.90891059,-17.39802828,4246.41103565,6773.46590209,0.00000000,8747.26542097,31.55243988,0.00000000,9742.72718908,0.00000000,1,2,3,1.60000000,720.00000000,3,1.60000000,720.00000000,1
5,1,2852,2025,4,29,19,0,119,1140,60,8144.59426052,485.87090907,-468.36279586,10064.81161521,1253.89522125,4.54544065,2889.60407561,5279.34493242,0.00000000,13649.58851156,13.01625343,0.00000000,7647.74865490,0.00000000,1,2,3,1.60000000,720.00000000,3,1.60000000,720.00000000,1
5,1,2853,2025,4,29,20,0,119,1200,60,10556.16213627,643.40432766,72.41349932,7664.42692118,1205.56765885,-113.23932935,2106.10491701,15124.38022942,0.00000000,10495.51436717,29.02302460,0.00000000,10761.67281666,0.00000000,1,2,3,1.60000000,720.00000000,3,1.60000000,720.00000000,1
5,1,2854,2025,4,29,21,0,119,1260,60,9963.78784576,675.08054884,-265.68395751,9406.24157709,1141.72391892,-183.29348047,366.71997916,10746.48999964,0.00000000,10672.48161083,22.20746684,0.00000000,9935.31515200,0.00000000,1,2,3,1.60000000,720.00000000,3,1.60000000,720.00000000,1
5,1,2855,2025,4,29,22,0,119,1320,60,9698.18341662,456.70093064,323.56629848,8809.22348542,318.34320694,-1.47091163,-152.53876699,10949.81233315,0.00000000,15110.71860028,27.36597380,0.00000000,10512.41471675,0.00000000,1,2,1,0.40000000,180.00000000,1,0.40000000,180.00000000,1
5,1,2856,2025,4,29,23,0,119,1380,60,5923.75966691,452.28809887,263.38490942,7266.24938120,13.70685217,-40.35211884,901.37287775,8922.69316121,0.00000000,7834.82844944,-42.95674689,0.00000000,8155.74240687,0.00000000,1,2,1,0.40000000,180.00000000,1,0.40000000,180.00000000,1
5,1,2857,2025,4,30,0,0,120,0,60,6641.10339632,393.54812790,143.43511696,8563.19004065,-25.02621126,232.60670948,-128.76135141,8351.49935482,0.00000000,12067.25873494,6.63557558,0.00000000,6036.74357492,0.00000000,1,2,1,0.40000000,180.00000000,1,0.40000000,180.00000000,1
5,1,2858,2025,4,30,1,0,120,60,60,10380.60275191,356.91710235,117.17269460,12220.70337605,-121.20307721,-122.51666599,-590.99096320,9395.80218754,0.00000000,9085.44800336,-32.86706138,0.00000000,12853.16135527,0.00000000,1,2,1,0.40000000,180.00000000,1,0.40000000,180.00000000,1
5,1,2859,2025,4,30,2,0,120,120,60,4168.29361105,389.59147900,-21.33220977,4572.72767662,-285.00073325,-76.24152608,1088.88856752,7335.14764822,0.00000000,4800.64972920,-21.64601866,0.00000000,11710.50928496,0.00000000,1,2,1,0.40000000,180.00000000,1,0.40000000,180.00000000,1
5,1,2860,2025,4,30,3,0,120,180,60,9535.84386164,334.05625704,81.27566616,5133.78376500,-95.42131391,-136.32142978,959.39272371,7914.64273701,0.00000000,3100.83115798,-33.38767444,0.00000000,2902.93137555,0.00000000,1,2,1,0.40000000,180.00000000,1,0.40000000,180.00000000,1
5,1,2861,2025,4,30,4,0,120,240,60,8219.72364862,394.28005824,-375.54087605,5510.80631077,-75.07981680,-59.81971351,1998.08516227,7891.38226501,0.00000000,4488.13538527,17.34407399,0.00000000,5280.07951591,0.00000000,1,2,1,0.40000000,180.00000000,1,0.40000000,180.00000000,1
5,1,2862,2025,4,30,5,0,120,300,60,7508.26737312,338.03076323,79.21548660,6124.52548835,-2.87198789,-22.79290668,665.99061891,6546.02450014,0.00000000,7468.37186401,-24.46309514,0.00000000,10899.99430268,0.00000000,1,2,1,0.40000000,180.00000000,1,0.40000000,180.00000000,1
5,1,2863,2025,4,30,6,0,120,360,60,7730.98896687,486.42137391,-626.33793774,3879.29359880,114.27097701,-88.18827046,73.20099894,7736.73744609,0.00000000,2699.83645296,-31.27470823,0.00000000,9339.90181005,0.00000000,1,2,1,0.40000000,180.00000000,1,0.40000000,180.00000000,1
5,1,2864,2025,4,30,7,0,120,420,60,6790.52788083,283.69018099,117.55186535,8071.82531409,33.31204522,-36.64622309,-661.90712807,10080.87291257,0.00000000,9769.79555758,15.55872013,0.00000000,2917.07883999,0.00000000,1,2,1,0.40000000,180.00000000,1,0.40000000,180.00000000,1
5,1,2865,2025,4,30,8,0,120,480,60,5756.94292877,480.02929854,837.88032809,10227.48041638,-4.54529405,-44.01813082,522.27546669,8967.49499757,0.00000000,12514.66269642,43.30255168,0.00000000,6306.75535469,0.00000000,1,2,2,1.00000000,450.00000000,2,1.00000000,450.00000000,1
5,1,2866,2025,4,30,9,0,120,540,60,8851.07562047,583.43960454,1421.33371354,3804.51857701,-8.45890521,-103.29854669,725.82682831,7076.34503841,0.00000000,9679.70260853,-59.02022160,0.00000000,6497.06747865,0.00000000,1,2,2,1.00000000,450.00000000,2,1.00000000,450.00000000,1
5,1,2867,2025,4,30,10,0,120,600,60,3481.46087310,491.49033437,2252.87667676,11975.01633017,-268.38477271,15.31582681,698.96549374,5423.72536368,0.00000000,6958.80045414,-22.31435799,0.00000000,7896.83724899,0.00000000,1,2,3,1.60000000,720.00000000,3,1.60000000,720.00000000,1
6,1,5005,2025,7,28,12,0,209,720,60,9229.13815319,452.71539501,3259.37957722,4097.20946289,-0.82566921,962.13232639,1527.15703039,6601.80750517,0.00000000,12402.14271231,-37.04671455,0.00000000,10501.32439016,0.00000000,1,3,3,1.60000000,720.00000000,3,1.60000000,720.00000000,2
6,1,5006,2025,7,28,13,0,209,780,60,9256.07143821,399.72845249,3210.07056144,7957.84803112,72.78297920,952.28457284,3367.02800394,7712.74192565,0.00000000,12479.65563946,7.21449882,0.00000000,10624.50737539,0.00000000,1,3,4,1.92000000,864.00000000,3,1.60000000,720.00000000,2
6,1,5007,2025,7,28,14,0,209,840,60,9197.12480837,397.05259285,2149.51439845,8981.00369725,26.52294195,830.54416884,3804.60304017,7265.57944094,0.00000000,8733.90535515,-36.23382162,0.00000000,7820.66294136,0.00000000,1,3,3,1.60000000,720.00000000,3,1.60000000,720.00000000,2
6,1,5008,2025,7,28,15,0,209,900,60,6921.58840769,498.82119895,1767.32128358,10009.28029322,18.41352658,733.52447209,4455.03557421,7733.92951982,0.00000000,8911.53420534,31.70533476,0.00000000,10836.73675122,0.00000000,1,3,3,1.60000000,720.00000000,3,1.60000000,720.00000000,2
6,1,5009,2025,7,28,16,0,209,960,60,12261.25382023,397.84447246,1375.03814923,2205.50372111,-39.27238054,91.64697201,4163.01732636,8632.27829725,0.00000000,18527.78524338,60.48702653,0.00000000,14191.10057542,0.00000000,1,3,3,1.60000000,720.00000000,3,1.60000000,720.00000000,2
6,1,5010,2025,7,28,17,0,209,1020,60,16577.03994047,545.20106358,1311.12131658,7239.75466289,95.89418426,-62.33605857,5333.39156732,6067.59819294,0.00000000,9827.30017250,25.59135210,0.00000000,9874.04551261,0.00000000,1,3,3,1.60000000,720.00000000,3,1.60000000,720.00000000,2
6,1,5011,2025,7,28,18,0,209,1080,60,12103.47046531,394.92697286,524.00487169,10285.91987122,-37.82331518,-50.53392470,4653.89538958,7449.40602031,0.00000000,7204.79294254,15.34075596,0.00000000,11026.31896201,0.00000000,1,3,2,1.00000000,450.00000000,2,1.00000000,450.00000000,2
6,1,5012,2025,7,28,19,0,209,1140,60,9788.77726765,449.35734386,-84.03998482,8843.03172822,1324.58097679,-84.13913863,1774.21666950,11733.43254164,0.00000000,11046.45859719,49.68029293,0.00000000,11650.67465466,0.00000000,1,3,2,1.00000000,450.00000000,2,1.00000000,450.00000000,2
6,1,5013,2025,7,28,20,0,209,1200,60,8840.59328028,484.88858020,-361.23214890,8765.91213455,1088.86720599,-179.05152016,591.87466034,6824.81683444,0.00000000,8157.57854719,-5.66168002,0.00000000,11143.13000506,0.00000000,1,3,3,1.60000000,720.00000000,3,1.60000000,720.00000000,2
6,1,5014,2025,7,28,21,0,209,1260,60,14989.05644322,465.33343288,205.76584154,8911.08177258,1457.84187607,112.41356003,690.60628018,8320.36294432,0.00000000,5694.51776095,12.75111096,0.00000000,7785.71606338,0.00000000,1,3,4,1.92000000,864.00000000,3,1.60000000,720.00000000,2
6,1,5015,2025,7,28,22,0,209,1320,60,10319.29050259,103.78508119,-240.91850423,16455.55846336,-95.94569937,-190.16017364,279.28731995,9173.35107507,0.00000000,15465.57279388,-31.80495447,0.00000000,13989.77564607,0.00000000,1,3,4,1.92000000,864.00000000,3,1.60000000,720.00000000,2
6,1,5016,2025,7,28,23,0,209,1380,60,12196.57979241,569.34001948,541.87202287,10886.94244866,-92.23611371,18.56283656,-450.43726773,11859.70744136,0.00000000,7045.18110391,35.41556493,0.00000000,12063.03274485,0.00000000,1,3,2,1.00000000,450.00000000,2,1.00000000,450.00000000,2
6,1,5017,2025,7,29,0,0,210,0,60,5139.14103505,142.75977919,185.23462690,8008.16030515,25.45699737,207.08792007,637.82040468,6644.92788843,0.00000000,1854.41273416,-60.80736348,0.00000000,8438.81682207,0.00000000,1,3,2,1.00000000,450.00000000,2,1.00000000,450.00000000,2
6,1,5018,2025,7,29,1,0,210,60,60,8954.56693218,230.69061423,527.53789120,6917.20002601,17.58863202,26.43372172,-142.99261910,10425.83720982,0.00000000,5073.43680611,11.95210995,0.00000000,6509.72549321,0.00000000,1,3,1,0.40000000,180.00000000,1,0.40000000,180.00000000,2
6,1,5019,2025,7,29,2,0,210,120,60,9033.98651725,352.58797132,128.68769088,12071.20580623,57.72623901,63.58222757,-148.70733145,8135.03143918,0.00000000,10414.50096352,-21.99085114,0.00000000,10302.33794293,0.00000000,1,3,1,0.40000000,180.00000000,1,0.40000000,180.00000000,2
6,1,5020,2025,7,29,3,0,210,180,60,4251.40719424,125.16753141,69.33147729,11580.91421582,337.59549474,-80.12369256,49.30619110,6671.16283897,0.00000000,6544.58748316,-47.47337971,0.00000000,8251.54450817,0.00000000,1,3,1,0.40000000,180.00000000,1,0.40000000,180.00000000,2
6,1,5021,2025,7,29,4,0,210,240,60,8040.75950546,379.64711274,606.41395339,9159.11704213,13.28153540,-74.94147818,808.05722287,5257.27494854,0.00000000,8057.91924415,10.37008708,0.00000000,6586.88656510,0.00000000,1,3,1,0.40000000,180.00000000,1,0.40000000,180.00000000,2
6,1,5022,2025,7,29,5,0,210,300,60,8834.61122172,492.80485556,639.55938363,11386.46864971,41.25520206,-12.18418205,1094.23527229,8960.82884049,0.00000000,11570.77539450,-85.09269084,0.00000000,7321.24856309,0.00000000,1,3,1,0.40000000,180.00000000,1,0.40000000,180.00000000,2
6,1,5023,2025,7,29,6,0,210,360,60,11227.65335123,481.46835765,-89.93994039,5545.72463042,87.31797622,5.83711649,265.82295344,12061.47612564,0.00000000,6911.77060492,-36.77931407,0.00000000,12665.42263994,0.00000000,1,3,1,0.40000000,180.00000000,1,0.40000000,180.00000000,2
6,1,5024,2025,7,29,7,0,210,420,60,12172.78506345,445.56451029,151.82853446,7616.33008913,-50.09429877,-88.33938191,-1021.58806004,1578.56635623,0.00000000,11625.39651973,14.82708438,0.00000000,6538.43904834,0.00000000,1,3,2,1.00000000,450.00000000,2,1.00000000,450.00000000,2
6,1,5025,2025,7,29,8,0,210,480,60,11375.22018411,489.35476435,1556.37627584,2707.62038169,15.63868787,-178.37938062,1120.83615648,7599.59099340,0.00000000,6729.78828011,-31.79876205,0.00000000,5881.25282838,0.00000000,1,3,2,1.00000000,450.00000000,2,1.00000000,450.00000000,2
6,1,5026,2025,7,29,9,0,210,540,60,11973.84581475,283.38119670,1612.95342568,9720.91316350,-83.87709073,-22.78105884,-628.30887972,4141.62289936,0.00000000,9844.38342947,12.27379255,0.00000000,8331.74256425,0.00000000,1,3,2,1.00000000,450.00000000,2,1.00000000,450.00000000,2
6,1,5027,2025,7,29,10,0,210,600,60,7534.73607258,423.62548453,1877.26634008,6887.20748386,276.95111632,180.86397209,-873.69750604,2504.00585840,0.00000000,14147.11584375,8.03666130,0.00000000,10355.86214541,0.00000000,1,3,2,1.00000000,450.00000000,2,1.00000000,450.00000000,2
6,1,5028,2025,7,29,11,0,210,660,60,5145.51111227,369.28023944,3025.52801719,106.19933852,102.22767015,1216.36003339,1071.18882637,6085.47582621,0.00000000,16761.10294169,38.04262273,0.00000000,5170.95135456,0.00000000,1,3,3,1.60000000,720.00000000,3,1.60000000,720.00000000,2
6,1,5029,2025,7,29,12,0,210,720,60,7171.90627388,300.76832784,3268.65689843,11201.50658130,-109.32983271,942.28143709,1957.92844033,1592.99520474,0.00000000,11145.42438292,7.12397495,0.00000000,12033.05166377,0.00000000,1,3,3,1.60000000,720.00000000,3,1.60000000,720.00000000,2
6,1,5030,2025,7,29,13,0,210,780,60,9801.89172536,471.59052386,3109.97600957,2207.45386983,30.86556944,983.19633536,2919.06012932,10640.01753527,0.00000000,9507.35907933,-10.84013049,0.00000000,11727.93735282,0.00000000,1,3,4,1.92000000,864.00000000,3,1.60000000,720.00000000,2
6,1,5031,2025,7,29,14,0,210,840,60,13938.22666572,514.70116287,2373.49298581,2245.99315499,148.93229375,811.66091892,3120.74402075,10710.83796855,0.00000000,2472.12084436,35.14824954,0.00000000,6243.10052024,0.00000000,1,3,3,1.60000000,720.00000000,3,1.60000000,720.00000000,2
6,1,5032,2025,7,29,15,0,210,900,60,11431.53272602,286.67901891,1858.90067467,4321.05931664,-58.96622543,619.27522020,2866.56395792,3544.70305544,0.00000000,10561.87839107,-36.63924234,0.00000000,10017.89964591,0.00000000,1,3,3,1.60000000,720.00000000,3,1.60000000,720.00000000,2
6,1,5033,2025,7,29,16,0,210,960,60,10151.32184285,469.42617499,887.66699762,10749.90173203,111.72783244,-112.01642603,4728.42333952,9357.17114879,0.00000000,11708.36715584,-28.31847477,0.00000000,8067.11712894,0.00000000,1,3,3,1.60000000,720.00000000,3,1.60000000,720.00000000,2
6,1,5034,2025,7,29,17,0,210,1020,60,4077.20770551,300.66686127,582.30298792,11886.30278495,269.45353846,-208.76729299,4222.04088166,6219.05963691,0.00000000,13561.45336150,-49.67789498,0.00000000,5375.22808202,0.00000000,1,3,3,1.60000000,720.00000000,3,1.60000000,720.00000000,2
6,1,5035,2025,7,29,18,0,210,1080,60,10000.70266319,414.56463706,277.05979272,11964.65083886,30.23829110,-42.02062895,3005.52808286,10808.67612653,0.00000000,10504.85435481,4.20122840,0.00000000,5809.23611940,0.00000000,1,3,2,1.00000000,450.00000000,2,1.00000000,450.00000000,2
6,1,5036,2025,7,29,19,0,210,1140,60,9882.66594966,261.45124125,-673.40058032,10224.22443297,993.51567659,286.61629366,3142.07524073,7775.47159710,0.00000000,12909.03482206,24.11083615,0.00000000,9413.81875659,0.00000000,1,3,2,1.00000000,450.00000000,2,1.00000000,450.00000000,2
6,1,5037,2025,7,29,20,0,210,1200,60,10453.19176082,318.35538241,5.52604382,9453.83087930,1222.53515031,235.46025395,1533.51710881,14334.30604559,0.00000000,5631.96791334,56.17382843,0.00000000,8354.24329313,0.00000000,1,3,3,1.60000000,720.00000000,3,1.60000000,720.00000000,2
6,1,5038,2025,7,29,21,0,210,1260,60,8850.39106326,0.34450222,199.53750409,4639.96496181,1319.31271702,5.47516937,-462.81045663,6456.83666428,0.00000000,9708.36087965,-19.79355431,0.00000000,12277.58307932,0.00000000,1,3,4,1.92000000,864.00000000,3,1.60000000,720.00000000,2
6,1,5039,2025,7,29,22,0,210,1320,60,9823.16660819,211.76590366,-11.31825744,8958.25281531,-62.15063717,236.39165314,52.12052062,6986.32385296,0.00000000,10577.00271708,-15.97203458,0.00000000,7572.60389263,0.00000000,1,3,4,1.92000000,864.00000000,3,1.60000000,720.00000000,2
6,1,5040,2025,7,29,23,0,210,1380,60,12641.78299834,351.09265029,-55.74758867,14780.48902437,146.85182167,-237.87948816,-433.49392602,11944.70808732,0.00000000,12684.25143902,10.33432744,0.00000000,11510.03859070,0.00000000,1,3,2,1.00000000,450.00000000,2,1.00000000,450.00000000,2
6,1,5041,2025,7,30,0,0,211,0,60,7778.57475560,124.05944857,-140.01893573,9822.48322069,-85.85954942,-163.29935453,-631.78374694,6976.74038738,0.00000000,9097.39342424,-8.69917574,0.00000000,7057.97233669,0.00000000,1,3,2,1.00000000,450.00000000,2,1.00000000,450.00000000,2
6,1,5042,2025,7,30,1,0,211,60,60,8593.87282213,-105.95567416,-745.38822907,9502.33094264,35.95371853,196.72627085,-876.61964555,4817.21445900,0.00000000,6089.78862755,28.34638677,0.00000000,9014.70860382,0.00000000,1,3,1,0.40000000,180.00000000,1,0.40000000,180.00000000,2
6,1,5043,2025,7,30,2,0,211,120,60,10594.19167557,128.25570282,197.88184184,1592.68313680,-54.80450838,-67.52248697,-101.12285685,8211.66911810,0.00000000,6621.96258029,-15.39999100,0.00000000,8514.36808489,0.00000000,1,3,1,0.40000000,180.00000000,1,0.40000000,180.00000000,2
6,1,5044,2025,7,30,3,0,211,180,60,8183.76617057,308.47405211,-577.33226108,10963.16163377,43.81886825,-99.68550188,256.66834586,12646.21947979,0.00000000,13573.26175535,-48.23318761,0.00000000,7824.37285521,0.00000000,1,3,1,0.40000000,180.00000000,1,0.40000000,180.00000000,2
6,1,5045,2025,7,30,4,0,211,240,60,8236.66549354,221.57682312,146.52830941,8964.04098163,-181.04257424,-133.28144562,-6.55440928,9487.89033299,0.00000000,7751.50410583,9.72924812,0.00000000,8283.33367703,0.00000000,1,3,1,0.40000000,180.00000000,1,0.40000000,180.00000000,2
6,1,5046,2025,7,30,5,0,211,300,60,8915.02754069,192.49172064,-38.96065899,12833.84070610,126.90164072,-49.55055592,-318.95232834,5850.72668819,0.00000000,9956.86480504,-27.56128319,0.00000000,11803.12412079,0.00000000,1,3,1,0.40000000,180.00000000,1,0.40000000,180.00000000,2
6,1,5047,2025,7,30,6,0,211,360,60,10763.38053756,436.54126545,400.31379243,5081.79167550,39.67765746,-0.11527704,211.76727779,4552.24378954,0.00000000,9888.24548213,-2.17054731,0.00000000,7068.61597839,0.00000000,1,3,1,0.40000000,180.00000000,1,0.40000000,180.00000000,2
6,1,5048,2025,7,30,7,0,211,420,60,12807.88428920,219.73839585,684.68494337,5249.41322478,-1.59866968,-54.66207699,504.80255306,8821.81133705,0.00000000,4304.05381188,-41.82473139,0.00000000,12128.30360385,0.00000000,1,3,2,1.00000000,450.00000000,2,1.00000000,450.00000000,2
6,1,5049,2025,7,30,8,0,211,480,60,11517.26237105,199.01683777,1119.24086254,9579.51429812,81.86495334,17.30528544,-678.56069456,8311.91325960,0.00000000,10668.25085710,33.36969304,0.00000000,7480.50800965,0.00000000,1,3,2,1.00000000,450.00000000,2,1.00000000,450.00000000,2
6,1,5050,2025,7,30,9,0,211,540,60,8150.33876999,303.01309485,2269.66593409,8875.26110852,0.09997358,70.26534664,459.34944721,4792.73592982,0.00000000,8061.49886514,42.12442774,0.00000000,13142.44925066,0.00000000,1,3,2,1.00000000,450.00000000,2,1.00000000,450.00000000,2
6,1,5051,2025,7,30,10,0,211,600,60,10098.10940592,215.57111143,2694.64001637,5399.55215713,-148.56161638,-37.48561987,617.93321955,5571.55568253,0.00000000,8673.89199153,-13.64084642,0.00000000,10448.61531136,0.00000000,1,3,2,1.00000000,450.00000000,2,1.00000000,450.00000000,2
6,1,5052,2025,7,30,11,0,211,660,60,7359.77163755,352.79868385,1944.34128835,5237.18336194,-116.12752602,956.97510717,1173.05186240,8064.61584363,0.00000000,10454.89853719,-2.71494869,0.00000000,6982.00258724,0.00000000,1,3,3,1.60000000,720.00000000,3,1.60000000,720.00000000,2
6,1,5053,2025,7,30,12,0,211,720,60,7332.69011777,277.17838517,2351.66622581,8727.36385957,33.28710034,789.51791097,2390.58310329,6961.76888046,0.00000000,7321.43507078,9.09807793,0.00000000,7649.43538272,0.00000000,1,3,3,1.60000000,720.00000000,3,1.60000000,720.00000000,2
6,1,5054,2025,7,30,13,0,211,780,60,9490.23882630,324.92198763,2361.80507828,4281.62873042,175.62708531,1013.31934512,2666.11065827,11975.39274720,0.00000000,9138.76317142,-30.45126312,0.00000000,10578.58601533,0.00000000,1,3,4,1.92000000,864.00000000,3,1.60000000,720.00000000,2
6,1,5055,2025,7,30,14,0,211,840,60,10111.92266296,432.85324995,2593.03774051,6945.00784424,27.61106598,841.74476054,4191.19126255,5422.01771626,0.00000000,10584.08831514,42.79348199,0.00000000,16520.60690353,0.00000000,1,3,3,1.60000000,720.00000000,3,1.60000000,720.00000000,2
6,1,5056,2025,7,30,15,0,211,900,60,6303.11607320,119.39694664,2428.94521568,8210.50238261,-208.42768680,791.82084624,3648.13319241,8274.65871094,0.00000000,11542.95370579,-5.54644265,0.00000000,12924.14110887,0.00000000,1,3,3,1.60000000,720.00000000,3,1.60000000,720.00000000,2
6,1,5057,2025,7,30,16,0,211,960,60,7389.16195691,278.16988104,1053.71568537,12159.44648928,-30.59948352,159.72119550,4821.94499438,5775.65620679,0.00000000,13102.43772657,-24.96425734,0.00000000,10250.80000229,0.00000000,1,3,3,1.60000000,720.00000000,3,1.60000000,720.00000000,2
6,1,5058,2025,7,30,17,0,211,1020,60,15392.91685094,203.35655780,908.36632729,7515.09724198,-132.59272858,123.44969728,3111.84787323,5585.58793663,0.00000000,12757.20016078,-52.00931228,0.00000000,8600.15139940,0.00000000,1,3,3,1.60000000,720.00000000,3,1.60000000,720.00000000,2
6,1,5059,2025,7,30,18,0,211,1080,60,5381.97086611,176.17390132,759.25172805,10039.54165901,47.10500316,-43.58213557,4783.98068025,6745.07082258,0.00000000,9545.01027571,4.67908902,0.00000000,9900.63191191,0.00000000,1,3,2,1.00000000,450.00000000,2,1.00000000,450.00000000,2
6,1,5060,2025,7,30,19,0,211,1140,60,11147.23153386,22.08249518,-459.47805776,8376.07223789,1280.86557161,50.76821669,2601.34209187,9076.63317707,0.00000000,10673.97007883,-46.61293944,0.00000000,13319.94659941,0.00000000,1,3,2,1.00000000,450.00000000,2,1.00000000,450.00000000,2
6,1,5061,2025,7,30,20,0,211,1200,60,12113.44400963,5.07064776,309.46622302,2859.73071898,1022.11311951,-150.77319577,-170.06551366,4547.57282664,0.00000000,5314.06544318,7.86208097,0.00000000,11669.26280411,0.00000000,1,3,3,1.60000000,720.00000000,3,1.60000000,720.00000000,2
6,1,5062,2025,7,30,21,0,211,1260,60,13154.00145569,246.46594253,58.63236116,7678.04596726,-49.65499120,-55.61194832,433.10116428,11103.77454006,0.00000000,13085.97576978,127.96804560,0.00000000,6861.35203150,0.00000000,2,3,4,1.92000000,864.00000000,3,1.60000000,720.00000000,2
6,1,5063,2025,7,30,22,0,211,1320,60,13671.62072149,208.90895023,-205.09189026,11724.46801715,39.93051950,68.92512080,1317.19897139,3299.73239152,0.00000000,13551.77735424,-27.31467161,0.00000000,18028.28894333,0.00000000,1,3,4,1.92000000,864.00000000,3,1.60000000,720.00000000,2
6,1,5064,2025,7,30,23,0,211,1380,60,10146.28556393,238.05027500,72.62209320,14815.29476553,149.22044438,-226.06027819,1239.01046914,7860.01443500,0.00000000,9471.79868639,-20.74288345,0.00000000,8607.55440959,0.00000000,1,3,2,1.00000000,450.00000000,2,1.00000000,450.00000000,2
6,1,5065,2025,7,31,0,0,212,0,60,8362.27466664,226.33785214,-166.55202915,14629.21708307,63.65360701,196.28755437,723.94787210,8241.69411245,0.00000000,7976.93971240,38.81151291,0.00000000,10058.48671065,0.00000000,1,3,2,1.00000000,450.00000000,2,1.00000000,450.00000000,2
6,1,5066,2025,7,31,1,0,212,60,60,13313.76507442,41.55524218,784.41368797,12740.91106358,-91.75674753,-102.14964905,2541.56705734,6883.88682416,0.00000000,11806.96444251,44.01042518,0.00000000,2168.65275717,0.00000000,1,3,1,0.40000000,180.00000000,1,0.40000000,180.00000000,2
6,1,5067,2025,7,31,2,0,212,120,60,9835.78725601,100.49375980,-307.07905197,10412.87694244,-92.63931414,76.09036776,-127.36034387,9763.24713758,0.00000000,11219.60761754,27.68710853,0.00000000,9266.28391375,0.00000000,1,3,1,0.40000000,180.00000000,1,0.40000000,180.00000000,2
6,1,5068,2025,7,31,3,0,212,180,60,12855.73328089,31.72191248,3.98244737,1857.02858089,136.30918430,87.14105395,-28.01535942,7916.79493411,0.00000000,7987.70184238,52.83139719,0.00000000,6793.14652948,0.00000000,1,3,1,0.40000000,180.00000000,1,0.40000000,180.00000000,2
6,1,5069,2025,7,31,4,0,212,240,60,8346.47671333,204.16991965,-81.28375849,4493.03840783,-43.42827457,172.97832898,793.12062510,6663.44922105,0.00000000,6804.65235684,20.27001443,0.00000000,6576.61321511,0.00000000,1,3,1,0.40000000,180.00000000,1,0.40000000,180.00000000,2
6,1,5070,2025,7,31,5,0,212,300,60,13411.87270611,163.95270934,-343.59224164,8646.48775401,-43.42720054,-51.60055021,1726.49471077,12127.77806353,0.00000000,4568.83936745,-58.65592520,0.00000000,11982.86100202,0.00000000,1,3,1,0.40000000,180.00000000,1,0.40000000,180.00000000,2
6,1,5071,2025,7,31,6,0,212,360,60,13075.08250880,121.94134802,258.56332426,7169.63997803,-68.01946007,-60.80571352,1864.08660175,5782.14710800,0.00000000,8795.60951463,1.01916355,0.00000000,7008.36476840,0.00000000,1,3,1,0.40000000,180.00000000,1,0.40000000,180.00000000,2
6,1,5072,2025,7,31,7,0,212,420,60,3207.72979916,125.72510539,764.56733551,6153.40768635,182.18530713,36.07157487,1216.95472614,9143.16545979,0.00000000,9941.42204542,-24.45496054,0.00000000,14146.44364140,0.00000000,1,3,2,1.00000000,450.00000000,2,1.00000000,450.00000000,2
6,1,5073,2025,7,31,8,0,212,480,60,11706.48725934,262.31773911,1155.31573891,13446.64550103,60.96268050,-84.67717041,655.29447493,9546.87008586,0.00000000,6335.50851009,59.66307054,0.00000000,10460.08566827,0.00000000,1,3,2,1.00000000,450.00000000,2,1.00000000,450.00000000,2
6,1,5074,2025,7,31,9,0,212,540,60,11879.44988978,245.13430875,1804.46877506,9770.19981172,108.99073611,-104.43839047,1353.26338161,7058.34571264,0.00000000,11284.13145610,-36.20665038,0.00000000,11692.73577087,0.00000000,1,3,2,1.00000000,450.00000000,2,1.00000000,450.00000000,2
6,1,5075,2025,7,31,10,0,212,600,60,13172.66726301,117.70696805,2041.56493139,6582.05026651,92.04736062,-148.92248669,1224.26358794,4766.02131529,0.00000000,5954.97187659,-46.35537725,0.00000000,5680.86251910,0.00000000,1,3,2,1.00000000,450.00000000,2,1.00000000,450.00000000,2
6,1,5076,2025,7,31,11,0,212,660,60,10474.15687143,82.53936114,2335.28052163,5326.60830862,56.38650884,844.57093362,1683.71368770,3129.62440823,0.00000000,11733.44376340,25.52412710,0.00000000,10151.72797044,0.00000000,1,3,3,1.60000000,720.00000000,3,1.60000000,720.00000000,2
6,1,5077,2025,7,31,12,0,212,720,60,10894.31066688,298.81366302,2931.35134150,9119.44817884,234.99613268,894.11576942,4530.65088066,11357.11747314,0.00000000,5714.73510484,-0.93523373,0.00000000,9335.37085275,0.00000000,1,3,3,1.60000000,720.00000000,3,1.60000000,720.00000000,2
6,1,5078,2025,7,31,13,0,212,780,60,5197.09585636,258.78737807,1668.94239111,2072.59355182,15.94468325,709.66932739,4046.82053163,7806.93347854,0.00000000,12079.15614998,54.54348807,0.00000000,11895.23013274,0.00000000,1,3,4,1.92000000,864.00000000,3,1.60000000,720.00000000,2
6,1,5079,2025,7,31,14,0,212,840,60,11330.03464402,438.12986076,2553.72857600,4225.08275031,-164.28254161,664.03213853,3381.97631892,3507.31315462,0.00000000,9649.63083230,-26.17439368,0.00000000,3132.33028216,0.00000000,1,3,3,1.60000000,720.00000000,3,1.60000000,720.00000000,2
6,1,5080,2025,7,31,15,0,212,900,60,9373.85750741,159.64693160,2087.36404348,4260.02025420,-165.29506531,852.16559469,4366.41557468,9890.51152056,0.00000000,8593.21620791,46.48090013,0.00000000,7157.87535129,0.00000000,1,3,3,1.60000000,720.00000000,3,1.60000000,720.00000000,2
6,1,5081,2025,7,31,16,0,212,960,60,7403.87207204,180.24438835,1238.54880248,10691.53965061,36.87458912,32.84747311,4772.54873087,2603.49075573,0.00000000,9308.72996192,-45.70256386,0.00000000,14638.93326772,0.00000000,1,3,3,1.60000000,720.00000000,3,1.60000000,720.00000000,2
6,1,5082,2025,7,31,17,0,212,1020,60,11503.42058501,398.23754699,685.15609573,5075.01112197,-122.22640427,-3.71173094,5272.40015397,13232.98101199,0.00000000,10409.34767707,-57.31566097,0.00000000,13577.29632944,0.00000000,1,3,3,1.60000000,720.00000000,3,1.60000000,720.00000000,2
6,1,5083,2025,7,31,18,0,212,1080,60,11169.88124763,234.04393939,396.25088668,13019.65683879,-14.81037016,-20.66294374,4583.85914394,13587.53362867,0.00000000,13392.68140702,2.03989756,0.00000000,15701.04061591,0.00000000,1,3,2,1.00000000,450.00000000,2,1.00000000,450.00000000,2
6,1,5084,2025,7,31,19,0,212,1140,60,9749.48193254,495.92767803,90.66615328,12196.73125002,1266.28217800,66.53416619,4342.03197525,7865.26603697,0.00000000,8051.85449809,-48.33431813,0.00000000,10405.44324012,0.00000000,1,3,2,1.00000000,450.00000000,2,1.00000000,450.00000000,2
6,1,5085,2025,7,31,20,0,212,1200,60,9007.68396923,35.37980030,-314.46357056,9259.38012806,1341.18259133,-237.67512254,2844.07552724,8064.73010810,0.00000000,12598.84548237,-14.19681697,0.00000000,10759.59944112,0.00000000,1,3,3,1.60000000,720.00000000,3,1.60000000,720.00000000,2
6,1,5086,2025,7,31,21,0,212,1260,60,19660.81437410,88.32597430,-154.35101621,6856.59880221,1172.47453794,-77.87696161,1232.33845756,9745.52710095,0.00000000,10198.25834128,68.52443127,0.00000000,15409.94777566,0.00000000,1,3,4,1.92000000,864.00000000,3,1.60000000,720.00000000,2
6,1,5087,2025,7,31,22,0,212,1320,60,11957.80403929,90.19643617,-44.27378474,8496.10520868,-168.35535568,16.21640062,729.28072330,9898.50475690,0.00000000,13378.47363861,-13.81180749,0.00000000,13963.58073096,0.00000000,1,3,4,1.92000000,864.00000000,3,1.60000000,720.00000000,2
6,1,5088,2025,7,31,23,0,212,1380,60,12015.04044859,73.06076369,116.87247867,8744.02093498,62.18507022,112.80368948,175.47581148,14178.18384514,0.00000000,12291.35921193,-21.54052493,0.00000000,11705.48743297,0.00000000,1,3,2,1.00000000,450.00000000,2,1.00000000,450.00000000,2
6,1,5089,2025,8,1,0,0,213,0,60,8044.67698156,140.37275670,-295.60403323,5666.74431787,46.53974998,0.13225761,1312.41745361,7499.73179592,0.00000000,8043.01495816,69.79066395,0.00000000,8249.96239062,0.00000000,1,3,2,1.00000000,450.00000000,2,1.00000000,450.00000000,2
6,1,5090,2025,8,1,1,0,213,60,60,6113.76731897,270.66314828,151.96239104,8020.25813836,-8.11069113,100.31960399,81.18499644,11588.88087147,0.00000000,9447.38584944,59.49405071,0.00000000,4176.56605268,0.00000000,1,3,1,0.40000000,180.00000000,1,0.40000000,180.00000000,2
6,1,5091,2025,8,1,2,0,213,120,60,6111.74403398,-28.06406178,409.65974747,6101.94136585,55.87949048,-159.74769829,1511.86495415,7454.37850951,0.00000000,5189.88126418,49.13929168,0.00000000,11015.28683595,0.00000000,1,3,1,0.40000000,180.00000000,1,0.40000000,180.00000000,2
6,1,5092,2025,8,1,3,0,213,180,60,5945.85381836,231.21154464,-614.66184926,8352.24959172,23.05683436,-66.42289792,1144.62563683,10356.47895654,0.00000000,7122.62575796,37.96117906,0.00000000,5269.98858876,0.00000000,1,3,1,0.40000000,180.00000000,1,0.40000000,180.00000000,2
6,1,5093,2025,8,1,4,0,213,240,60,10059.09276837,274.08528867,-303.93745251,10987.85086456,-256.18917714,-56.62678267,2041.38901969,11522.92309896,0.00000000,10017.66026282,-35.01327903,0.00000000,15287.39717829,0.00000000,1,3,1,0.40000000,180.00000000,1,0.40000000,180.00000000,2
6,1,5094,2025,8,1,5,0,213,300,60,15152.59648989,264.02065933,64.77243048,4063.46876383,-53.61496853,121.07353516,1494.93871916,9289.74476034,0.00000000,9535.56675126,-67.73187113,0.00000000,9152.74619427,0.00000000,1,3,1,0.40000000,180.00000000,1,0.40000000,180.00000000,2
6,1,5095,2025,8,1,6,0,213,360,60,14417.90419739,338.35199203,474.71189148,4671.31030641,-163.03512786,147.91539312,1441.35095084,8022.14649068,0.00000000,12801.90814538,-23.77840079,0.00000000,2649.83053376,0.00000000,1,3,1,0.40000000,180.00000000,1,0.40000000,180.00000000,2
6,1,5096,2025,8,1,7,0,213,420,60,10868.84660684,184.13609517,1168.95727024,10203.17851663,-256.77232646,-84.67750653,-804.85685054,8801.86372951,0.00000000,9691.43568669,4.06272170,0.00000000,11492.42313398,0.00000000,1,3,2,1.00000000,450.00000000,2,1.00000000,450.00000000,2
6,1,5097,2025,8,1,8,0,213,480,60,9951.23475491,142.85450137,1417.98673057,8752.24773032,12.24339835,-50.21558828,760.32031573,9872.79536739,0.00000000,10769.02126872,15.33418015,0.00000000,7226.77806067,0.00000000,1,3,2,1.00000000,450.00000000,2,1.00000000,450.00000000,2
6,1,5098,2025,8,1,9,0,213,540,60,13911.65839218,277.39649029,2508.13248142,8374.54633757,124.63421291,-35.59854265,3190.96638131,8889.85614528,0.00000000,6271.55678945,-8.58375630,0.00000000,6475.99443848,0.00000000,1,3,2,1.00000000,450.00000000,2,1.00000000,450.00000000,2
6,1,5099,2025,8,1,10,0,213,600,60,11106.28040971,436.44228784,2343.14038301,8219.61241816,41.53646304,69.60341468,1611.94254569,5964.22721100,0.00000000,14913.57353816,19.72381447,0.00000000,5094.62266059,0.00000000,1,3,2,1.00000000,450.00000000,2,1.00000000,450.00000000,2
6,1,5100,2025,8,1,11,0,213,660,60,12124.45225735,241.48034338,2416.29170242,8453.69376003,44.66517899,918.92136822,1418.55371788,6854.39000619,0.00000000,10607.71226360,-11.70969006,0.00000000,11870.44599975,0.00000000,1,3,3,1.60000000,720.00000000,3,1.60000000,720.00000000,2
6,1,5101,2025,8,1,12,0,213,720,60,12380.67535925,234.25764842,2341.47423047,8147.47069798,100.35398954,764.64709089,3484.34547690,6862.63286060,0.00000000,7071.50860666,-39.57173349,0.00000000,8438.61865249,0.00000000,1,3,3,1.60000000,720.00000000,3,1.60000000,720.00000000,2
6,1,5102,2025,8,1,13,0,213,780,60,5152.51243229,129.40392954,2737.60815703,7513.40719657,-34.93628207,817.43892700,3475.92925041,6351.91374921,0.00000000,13599.17076047,13.60672636,0.00000000,5487.98649900,0.00000000,1,3,4,1.92000000,864.00000000,3,1.60000000,720.00000000,2
6,1,5103,2025,8,1,14,0,213,840,60,13050.24075369,237.15792994,2023.85236800,10785.19831104,-6.16039881,948.94689579,3361.82850580,8194.89007615,0.00000000,8303.24980998,10.29296571,0.00000000,9642.29508891,0.00000000,1,3,3,1.60000000,720.00000000,3,1.60000000,720.00000000,2
6,1,5104,2025,8,1,15,0,213,900,60,5358.88864346,85.18028023,1533.44568001,8547.15141428,-194.47616063,784.76499720,4792.35445815,8397.91497392,0.00000000,6508.05651554,27.92924096,0.00000000,4424.74996354,0.00000000,1,3,3,1.60000000,720.00000000,3,1.60000000,720.00000000,2
9,1,6656,2025,10,5,7,0,278,420,60,11428.39431774,154.01609966,194.87635716,9576.36253270,-184.89182127,27.82228665,-100.68111848,6967.71985891,0.00000000,9757.74693161,37.39537556,0.00000000,14479.36213457,0.00000000,1,2,1,0.40000000,180.00000000,1,0.40000000,180.00000000,2
9,1,6657,2025,10,5,8,0,278,480,60,10537.56895872,286.76397895,1030.85732800,11326.92347392,284.38570544,-136.88855220,597.40172637,10227.53382325,0.00000000,9033.69090892,-77.16294001,0.00000000,7483.67040231,0.00000000,1,2,2,1.00000000,450.00000000,2,1.00000000,450.00000000,2
9,1,6658,2025,10,5,9,0,278,540,60,7187.47307370,431.15336771,1409.98805496,11394.99357341,-169.24989558,8.41030793,1627.07647805,7047.71667335,0.00000000,7879.52856488,3.00669695,0.00000000,10558.49963093,0.00000000,1,2,2,1.00000000,450.00000000,2,1.00000000,450.00000000,2
9,1,6659,2025,10,5,10,0,278,600,60,1405.94057849,390.65526094,1491.25203595,9279.57431243,108.15803844,112.69287951,-38.51407190,5432.75229729,0.00000000,12337.67335078,-29.34690385,0.00000000,11825.22508625,0.00000000,1,2,3,1.60000000,720.00000000,3,1.60000000,720.00000000,2
9,1,6660,2025,10,5,11,0,278,660,60,12531.26214560,314.82544673,1923.99913859,7040.44940468,246.15048450,897.89400968,892.71908783,9465.26866241,0.00000000,6507.67550835,2.10280468,0.00000000,10824.66683589,0.00000000,1,2,3,1.60000000,720.00000000,3,1.60000000,720.00000000,2
9,1,6661,2025,10,5,12,0,278,720,60,8497.57498441,268.62331161,2834.37449778,10451.83888006,16.69988232,749.88827268,2446.15011764,7387.08288921,0.00000000,8313.88967836,-15.96131470,0.00000000,12651.40709777,0.00000000,1,2,2,1.00000000,450.00000000,2,1.00000000,450.00000000,2
9,1,6662,2025,10,5,13,0,278,780,60,9445.58384933,510.62234194,2475.13634858,6701.76431667,200.59855270,859.51869487,2570.98837034,9078.03182268,0.00000000,9267.98688280,-34.48515570,0.00000000,7494.37444460,0.00000000,1,2,2,1.00000000,450.00000000,2,1.00000000,450.00000000,2
9,1,6663,2025,10,5,14,0,278,840,60,14796.67384807,445.89401054,1985.85366242,9285.04019317,189.25162648,617.00216848,2246.11010701,11198.39830054,0.00000000,10864.04628568,-5.71650107,0.00000000,5116.95758205,0.00000000,1,2,2,1.00000000,450.00000000,2,1.00000000,450.00000000,2
9,1,6664,2025,10,5,15,0,278,900,60,10862.09173376,379.76350413,1303.39353197,10194.32831546,91.94725591,430.66019523,4462.64952179,8411.92459117,0.00000000,12024.06881325,-34.99917628,0.00000000,8948.09678497,0.00000000,1,2,2,1.00000000,450.00000000,2,1.00000000,450.00000000,2
9,1,6665,2025,10,5,16,0,278,960,60,10207.73071379,389.64808547,1487.16018154,2760.40501255,57.40706333,-207.09301438,3937.29010608,15055.95029695,0.00000000,11939.80529596,-3.86964778,0.00000000,7507.54241930,0.00000000,1,2,2,1.00000000,450.00000000,2,1.00000000,450.00000000,2
9,1,6666,2025,10,5,17,0,278,1020,60,5074.00896375,358.36401806,71.76453712,12520.78701660,-38.49298047,74.54046106,3769.56499706,9932.03294244,0.00000000,16250.02085736,-44.97269622,0.00000000,14320.74532973,0.00000000,1,2,3,1.60000000,720.00000000,3,1.60000000,720.00000000,2
9,1,6667,2025,10,5,18,0,278,1080,60,11947.89986758,475.66579575,-226.24505359,7572.98908947,-33.48941399,-143.25468656,2847.61693880,8928.92144251,0.00000000,13709.33238727,138.54207661,0.00000000,15636.67453934,0.00000000,2,2,3,1.60000000,720.00000000,3,1.60000000,720.00000000,2
9,1,6668,2025,10,5,19,0,278,1140,60,13347.49354020,284.08328043,207.33376667,10377.45941999,934.11806539,169.49342907,2007.44104704,6544.16680288,0.00000000,16492.24170562,23.57999523,0.00000000,11718.54362736,0.00000000,1,2,3,1.60000000,720.00000000,3,1.60000000,720.00000000,2
9,1,6669,2025,10,5,20,0,278,1200,60,12517.32357664,330.40395551,-163.37452235,7954.20299568,1113.63934577,-150.73459720,1047.34668123,15503.93631623,0.00000000,4626.90271592,-0.83558147,0.00000000,10979.08175818,0.00000000,1,2,3,1.60000000,720.00000000,3,1.60000000,720.00000000,2
9,1,6670,2025,10,5,21,0,278,1260,60,11586.21327650,269.38229279,335.47115430,9392.46375738,-190.92797988,109.96763749,1011.65965972,5156.53534453,0.00000000,12228.98619539,417.67706842,0.00000000,14443.68644965,0.00000000,2,2,3,1.60000000,720.00000000,3,1.60000000,720.00000000,2
9,1,6671,2025,10,5,22,0,278,1320,60,11369.24004720,266.29903949,449.36432454,10710.17268497,-10.48624097,-71.11959655,267.79763145,11949.16880059,0.00000000,11807.16044083,193.13402464,0.00000000,9480.60078204,0.00000000,2,2,1,0.40000000,180.00000000,1,0.40000000,180.00000000,2
9,1,6672,2025,10,5,23,0,278,1380,60,11707.59368446,588.18160974,-309.88426104,8328.11840524,132.88690823,-146.46205984,685.29253876,6490.71801159,0.00000000,13828.53382458,-22.98572018,0.00000000,4460.54366738,0.00000000,1,2,1,0.40000000,180.00000000,1,0.40000000,180.00000000,2
9,1,6673,2025,10,6,0,0,279,0,60,8916.42990138,230.44988549,-89.30252696,12755.33371185,127.76653704,-0.94943235,-118.14713388,15352.57556940,0.00000000,9963.94210861,8.95007710,0.00000000,7852.22460116,0.00000000,1,2,1,0.40000000,180.00000000,1,0.40000000,180.00000000,2
9,1,6674,2025,10,6,1,0,279,60,60,7872.03761387,310.72772531,331.38274003,10318.28531835,126.77785032,152.09227242,584.35628566,6610.48422016,0.00000000,16215.27580088,-34.00016336,0.00000000,9064.02694355,0.00000000,1,2,1,0.40000000,180.00000000,1,0.40000000,180.00000000,2
9,1,6675,2025,10,6,2,0,279,120,60,13237.24505105,418.03862372,-565.63449142,4360.65068497,-101.48518365,52.90770116,-429.61906411,6720.52045680,0.00000000,2641.36456687,-3.25736681,0.00000000,13376.76728069,0.00000000,1,2,1,0.40000000,180.00000000,1,0.40000000,180.00000000,2
9,1,6676,2025,10,6,3,0,279,180,60,6517.68612185,227.35909816,42.15557489,13568.25452552,-33.96301415,5.67589735,309.63798469,9369.82975617,0.00000000,16670.89188190,-19.18994197,0.00000000,4065.73658739,0.00000000,1,2,1,0.40000000,180.00000000,1,0.40000000,180.00000000,2
9,1,6677,2025,10,6,4,0,279,240,60,14034.09186741,516.06742765,138.46655416,10215.76996999,372.37683202,183.86623275,1658.95099512,7419.24404245,0.00000000,7286.22029407,32.03021133,0.00000000,8210.56981862,0.00000000,1,2,1,0.40000000,180.00000000,1,0.40000000,180.00000000,2
9,1,6678,2025,10,6,5,0,279,300,60,10996.82701962,462.33348820,22.60111237,6189.41591469,37.54847586,-53.11077577,-317.19740651,12236.85359009,0.00000000,8641.58081530,103.41867834,0.00000000,11351.34307943,0.00000000,1,2,1,0.40000000,180.00000000,1,0.40000000,180.00000000,2
9,1,6679,2025,10,6,6,0,279,360,60,11832.31673321,226.63615889,-181.46943265,15403.53069451,69.73238106,79.29755674,875.82195653,9815.26413374,0.00000000,13460.77238813,-3.77505817,0.00000000,12914.90019678,0.00000000,1,2,1,0.40000000,180.00000000,1,0.40000000,180.00000000,2
9,1,6680,2025,10,6,7,0,279,420,60,11802.98858351,435.91535578,297.40143351,10712.87941780,-89.14967667,-9.42316244,802.59092912,10963.10954617,0.00000000,4352.01651938,-53.98104367,0.00000000,14870.88053038,0.00000000,1,2,1,0.40000000,180.00000000,1,0.40000000,180.00000000,2
9,1,6681,2025,10,6,8,0,279,480,60,9795.47422110,365.86537894,483.51830483,6326.15730967,-50.34759037,104.35246897,-313.97971713,12408.75432282,0.00000000,6794.49687124,31.56874263,0.00000000,8351.74175480,0.00000000,1,2,2,1.00000000,450.00000000,2,1.00000000,450.00000000,2
9,1,6682,2025,10,6,9,0,279,540,60,11019.82724796,545.37683321,1604.95088551,6053.77762722,23.30172549,157.31405252,755.71403439,8224.20437119,0.00000000,10940.08173606,-6.90572936,0.00000000,8961.96418548,0.00000000,1,2,2,1.00000000,450.00000000,2,1.00000000,450.00000000,2
9,1,6683,2025,10,6,10,0,279,600,60,14440.61557892,480.95642347,929.78878442,11381.78864214,-1.97827451,-126.88022767,1173.08665895,6094.18516479,0.00000000,7413.38897358,23.47641361,0.00000000,16590.05929064,0.00000000,1,2,3,1.60000000,720.00000000,3,1.60000000,720.00000000,2
9,1,6684,2025,10,6,11,0,279,660,60,8871.01526959,219.09623136,2409.62146804,11064.76453901,186.19609309,821.95577310,1543.71228349,7849.16407421,0.00000000,12668.48246752,-7.82895655,0.00000000,11786.65785346,0.00000000,1,2,3,1.60000000,720.00000000,3,1.60000000,720.00000000,2
9,1,6685,2025,10,6,12,0,279,720,60,16092.42930230,473.58226782,2588.74480810,10279.41479015,103.68355442,728.68491421,1631.88060805,8441.10287003,0.00000000,13416.70713120,-18.19086724,0.00000000,8168.67725611,0.00000000,1,2,2,1.00000000,450.00000000,2,1.00000000,450.00000000,2
9,1,6686,2025,10,6,13,0,279,780,60,13826.26852914,410.43941034,1587.46728428,5.35380854,182.28425919,801.00619738,3089.28338219,5563.89827771,0.00000000,11188.41526830,26.74950522,0.00000000,11314.05215035,0.00000000,1,2,2,1.00000000,450.00000000,2,1.00000000,450.00000000,2
9,1,6687,2025,10,6,14,0,279,840,60,9774.81244504,423.95879490,1677.03740850,5234.43221460,-175.22385167,674.05986898,4698.98573649,11088.24556422,0.00000000,12398.98980457,68.98838114,0.00000000,10040.44853883,0.00000000,1,2,2,1.00000000,450.00000000,2,1.00000000,450.00000000,2
9,1,6688,2025,10,6,15,0,279,900,60,13382.77113782,647.37320949,934.77245842,13831.45207687,-117.03480957,719.52283864,4954.57873245,10166.19980051,0.00000000,9891.81681980,-0.25307496,0.00000000,15369.78052758,0.00000000,1,2,2,1.00000000,450.00000000,2,1.00000000,450.00000000,2
9,1,6689,2025,10,6,16,0,279,960,60,9551.37133786,472.70020904,167.00311402,5282.81373176,-34.08759388,180.01543400,3529.94548993,13732.36382148,0.00000000,11068.08592821,5.23274387,0.00000000,9720.14484441,0.00000000,1,2,2,1.00000000,450.00000000,2,1.00000000,450.00000000,2
9,1,6690,2025,10,6,17,0,279,1020,60,9892.55832686,514.34864369,515.86743095,11562.88900742,249.08796780,-46.80260308,3824.40672239,9741.63214553,0.00000000,5896.93038327,-68.48745997,0.00000000,8359.04869363,0.00000000,1,2,3,1.60000000,720.00000000,3,1.60000000,720.00000000,2
9,1,6691,2025,10,6,18,0,279,1080,60,8626.24511752,406.87270268,328.51403444,10124.43940273,171.58891400,101.72662457,4163.76288037,15864.53169741,0.00000000,9641.21677416,396.78368257,0.00000000,9482.35002673,0.00000000,2,2,3,1.60000000,720.00000000,3,1.60000000,720.00000000,2
9,1,6692,2025,10,6,19,0,279,1140,60,14919.85699354,601.44901795,-457.14211732,12767.03264393,1212.33704846,57.69129488,2451.26688439,5417.15050169,0.00000000,11360.36818867,44.55396141,0.00000000,11743.85899060,0.00000000,1,2,3,1.60000000,720.00000000,3,1.60000000,720.00000000,2
9,1,6693,2025,10,6,20,0,279,1200,60,3205.39310294,702.38086363,-643.73436506,9600.50731573,968.05119165,80.66086089,1609.97688345,10915.57789011,0.00000000,12959.91670080,-50.01928176,0.00000000,11876.60147554,0.00000000,1,2,3,1.60000000,720.00000000,3,1.60000000,720.00000000,2
9,1,6694,2025,10,6,21,0,279,1260,60,12546.78693045,174.64915156,818.68890087,11577.07705268,-40.05950485,-70.03611129,1342.43260035,6721.22157296,0.00000000,6953.44200531,648.93405921,0.00000000,13706.36135369,0.00000000,2,2,3,1.60000000,720.00000000,3,1.60000000,720.00000000,2
9,1,6695,2025,10,6,22,0,279,1320,60,15613.96804530,322.60064011,-7.55820376,8487.62610022,-45.82966064,-57.31314151,775.06425341,5674.45119266,0.00000000,13005.23512465,440.75523129,0.00000000,11851.59108920,0.00000000,2,2,1,0.40000000,180.00000000,1,0.40000000,180.00000000,2
9,1,6696,2025,10,6,23,0,279,1380,60,11494.25733196,394.82555209,44.59180066,11785.66110959,-39.07649272,-10.11181926,2991.33948068,13122.13868202,0.00000000,8786.17734842,229.64219659,0.00000000,16109.73483922,0.00000000,2,2,1,0.40000000,180.00000000,1,0.40000000,180.00000000,2
9,1,6697,2025,10,7,0,0,280,0,60,10905.01350805,289.93820287,125.89418912,10526.59214560,-25.79847863,14.76682232,1136.61443108,12977.56719012,0.00000000,11269.21872341,-19.43007830,0.00000000,12209.16170205,0.00000000,1,2,1,0.40000000,180.00000000,1,0.40000000,180.00000000,2
9,1,6698,2025,10,7,1,0,280,60,60,12291.33626787,211.56489312,-241.86441690,9418.00627378,197.50613371,75.07919320,1663.75959698,8132.35220853,0.00000000,11555.66696977,-30.66616532,0.00000000,12976.43770983,0.00000000,1,2,1,0.40000000,180.00000000,1,0.40000000,180.00000000,2
9,1,6699,2025,10,7,2,0,280,120,60,8274.48807009,316.51682373,304.68192157,11204.83373616,-43.39114106,66.32366961,1507.21267778,9891.57827371,0.00000000,7465.67458980,3.98134286,0.00000000,10060.55537228,0.00000000,1,2,1,0.40000000,180.00000000,1,0.40000000,180.00000000,2
9,1,6700,2025,10,7,3,0,280,180,60,9795.45574705,574.95227566,-724.84220900,14260.94720313,-13.02399211,59.55363220,986.93622137,9233.08648589,0.00000000,14331.60081330,63.17175314,0.00000000,13523.34432541,0.00000000,1,2,1,0.40000000,180.00000000,1,0.40000000,180.00000000,2
9,1,6701,2025,10,7,4,0,280,240,60,8349.91639355,749.67834793,694.03630255,7409.98424033,279.24741002,-52.58465790,2476.85963135,7616.47998882,0.00000000,6924.39140679,10.43360161,0.00000000,16494.17969013,0.00000000,1,2,1,0.40000000,180.00000000,1,0.40000000,180.00000000,2
9,1,6702,2025,10,7,5,0,280,300,60,9818.44864132,610.49418483,-71.10031062,9017.43674641,-28.76881309,174.91658680,2180.12636325,8031.37298447,0.00000000,6437.99778110,-24.88264588,0.00000000,5690.58633059,0.00000000,1,2,1,0.40000000,180.00000000,1,0.40000000,180.00000000,2
9,1,6703,2025,10,7,6,0,280,360,60,11387.95082297,494.38559204,-426.62996227,8111.13258624,-53.87872822,15.64069341,1592.61364624,8699.45441518,0.00000000,14788.65357503,-25.29640821,0.00000000,11297.45909994,0.00000000,1,2,1,0.40000000,180.00000000,1,0.40000000,180.00000000,2
9,1,6704,2025,10,7,7,0,280,420,60,11181.74615958,325.26603514,133.46548790,8370.79046107,38.08807931,46.68904138,871.60803402,9335.90476679,0.00000000,10835.62153621,58.68306000,0.00000000,6845.69819174,0.00000000,1,2,1,0.40000000,180.00000000,1,0.40000000,180.00000000,2
9,1,6705,2025,10,7,8,0,280,480,60,13056.18252143,433.67215879,123.80077106,12478.44671569,-211.80158970,-52.13902992,901.22295459,9386.42132395,0.00000000,10654.49247673,-34.84656170,0.00000000,10192.05693424,0.00000000,1,2,2,1.00000000,450.00000000,2,1.00000000,450.00000000,2
9,1,6706,2025,10,7,9,0,280,540,60,12570.18155894,639.13690715,1112.64476807,10447.69604787,-191.80999914,-167.51061683,228.81667472,5998.52181083,0.00000000,9454.06445226,6.57990972,0.00000000,8045.55283332,0.00000000,1,2,2,1.00000000,450.00000000,2,1.00000000,450.00000000,2
9,1,6707,2025,10,7,10,0,280,600,60,8594.82317215,580.89301671,2467.30615597,6069.87161896,-75.16612224,55.30712769,2584.05852141,9781.96307225,0.00000000,13592.09818731,-79.29264121,0.00000000,9919.50278874,0.00000000,1,2,3,1.60000000,720.00000000,3,1.60000000,720.00000000,2
9,1,6708,2025,10,7,11,0,280,660,60,11022.16605955,466.90881129,1756.30263713,13784.79378617,170.26922820,670.68399852,2161.82857726,5822.04871172,0.00000000,16456.92188567,56.79389120,0.00000000,13716.75583235,0.00000000,1,2,3,1.60000000,720.00000000,3,1.60000000,720.00000000,2
9,1,6709,2025,10,7,12,0,280,720,60,13693.33378748,670.60151967,2325.53511220,9621.72882485,-130.09581337,974.69649877,3043.62823009,6306.51871642,0.00000000,17520.52442539,-17.75098408,0.00000000,10053.83353105,0.00000000,1,2,2,1.00000000,450.00000000,2,1.00000000,450.00000000,2
9,1,6710,2025,10,7,13,0,280,780,60,10186.83748235,349.28508033,1928.56955083,13126.37575737,25.83190668,835.89011439,3339.55558678,5714.97706740,0.00000000,8797.79220672,1.84645015,0.00000000,9046.20046446,0.00000000,1,2,2,1.00000000,450.00000000,2,1.00000000,450.00000000,2
9,1,6711,2025,10,7,14,0,280,840,60,16962.15686678,660.69378237,1356.87699686,5297.99844137,-56.07741416,699.78748706,4845.06336356,11368.76197750,0.00000000,14004.88379960,-36.83082677,0.00000000,8300.93560251,0.00000000,1,2,2,1.00000000,450.00000000,2,1.00000000,450.00000000,2
9,1,6712,2025,10,7,15,0,280,900,60,11512.63718236,584.41737083,787.76791281,7947.93715235,-23.98881957,804.68659677,4902.93054292,7570.78334641,0.00000000,8179.84678038,-23.65766756,0.00000000,11238.59366797,0.00000000,1,2,2,1.00000000,450.00000000,2,1.00000000,450.00000000,2
9,1,6713,2025,10,7,16,0,280,960,60,9770.47052058,503.81834648,989.13557018,5557.11692706,-162.38263529,-116.92959444,4001.11923787,11612.15178313,0.00000000,11986.69159767,18.11420592,0.00000000,12190.48738483,0.00000000,1,2,2,1.00000000,450.00000000,2,1.00000000,450.00000000,2
9,1,6714,2025,10,7,17,0,280,1020,60,11377.04073247,575.97706107,-0.69358648,10863.99640544,-41.60745134,-128.97001031,4550.50648897,9458.06340933,0.00000000,10594.05670324,29.92963189,0.00000000,8477.65215915,0.00000000,1,2,3,1.60000000,720.00000000,3,1.60000000,720.00000000,2
9,1,6715,2025,10,7,18,0,280,1080,60,8238.58217889,295.36839837,537.72836376,7977.55607321,-128.26421754,124.87077489,4658.46083689,9771.85210230,0.00000000,9661.16609814,445.74969429,0.00000000,12201.09984150,0.00000000,2,2,3,1.60000000,720.00000000,3,1.60000000,720.00000000,2
9,1,6716,2025,10,7,19,0,280,1140,60,17256.76507889,268.27731123,-404.54187283,10364.81692269,1361.63868623,127.43081811,2850.74245411,9928.85585061,0.00000000,17166.75101915,7.41080301,0.00000000,6403.27151253,0.00000000,1,2,3,1.60000000,720.00000000,3,1.60000000,720.00000000,2
9,1,6717,2025,10,7,20,0,280,1200,60,5314.19284919,384.67142412,-11.38686072,6793.11409474,1417.69990153,-240.71074310,2416.83126253,12527.70396840,0.00000000,8623.10474573,-95.99435920,0.00000000,9486.04779363,0.00000000,1,2,3,1.60000000,720.00000000,3,1.60000000,720.00000000,2
9,1,6718,2025,10,7,21,0,280,1260,60,14503.51459284,460.69299731,432.40294246,7291.01319742,1218.04543646,-61.04017902,1256.50953260,12301.91012284,0.00000000,13369.58552377,-13.90552083,0.00000000,13368.30406302,0.00000000,1,2,3,1.60000000,720.00000000,3,1.60000000,720.00000000,2
9,1,6719,2025,10,7,22,0,280,1320,60,9463.36040527,416.15064134,106.09179719,12880.99526219,164.48980050,85.11836737,-121.47258717,10690.07617054,0.00000000,16284.01657349,437.30732755,0.00000000,7491.58403788,0.00000000,2,2,1,0.40000000,180.00000000,1,0.40000000,180.00000000,2
9,1,6720,2025,10,7,23,0,280,1380,60,8870.66547910,596.34339056,-46.04628987,14064.25919525,-179.12727759,-100.53961781,1278.30272727,9715.09777224,0.00000000,13694.64702191,165.46070386,0.00000000,16616.95438736,0.00000000,2,2,1,0.40000000,180.00000000,1,0.40000000,180.00000000,2
9,1,6721,2025,10,8,0,0,281,0,60,8881.95616070,324.32665387,765.51338243,11253.80938939,15.67291453,146.88282381,1070.56414805,6599.31622924,0.00000000,7438.46406616,-28.75377494,0.00000000,5916.53856256,0.00000000,1,2,1,0.40000000,180.00000000,1,0.40000000,180.00000000,2
9,1,6722,2025,10,8,1,0,281,60,60,10131.92567723,338.65173149,540.73915415,13528.44863940,28.16668928,-47.35786349,444.58277629,12641.42410641,0.00000000,9236.00772007,-24.99840645,0.00000000,4893.76996066,0.00000000,1,2,1,0.40000000,180.00000000,1,0.40000000,180.00000000,2
9,1,6723,2025,10,8,2,0,281,120,60,10591.78875173,250.88387169,486.20179798,10656.08106128,68.28450837,-6.06751048,1114.42861050,7298.87996494,0.00000000,10133.06698570,26.61808857,0.00000000,7820.23404711,0.00000000,1,2,1,0.40000000,180.00000000,1,0.40000000,180.00000000,2
9,1,6724,2025,10,8,3,0,281,180,60,10161.73729008,504.90630979,101.89504284,8884.26018611,-72.46126495,57.24451929,-648.88835436,9625.16093168,0.00000000,15574.65090327,-0.73252022,0.00000000,12513.24208905,0.00000000,1,2,1,0.40000000,180.00000000,1,0.40000000,180.00000000,2
9,1,6725,2025,10,8,4,0,281,240,60,7580.56021807,457.24822938,53.35359150,12004.04718924,-24.10211209,-24.48324338,468.32105153,8899.58058834,0.00000000,5446.94092698,1.43497688,0.00000000,12597.32468088,0.00000000,1,2,1,0.40000000,180.00000000,1,0.40000000,180.00000000,2
9,1,6726,2025,10,8,5,0,281,300,60,13220.91554533,506.73215653,-273.82646545,10345.78545264,-21.27647033,-127.21052221,-386.09116969,9176.16936925,0.00000000,9912.22871497,-1.71280639,0.00000000,14125.14462180,0.00000000,1,2,1,0.40000000,180.00000000,1,0.40000000,180.00000000,2
9,1,6727,2025,10,8,6,0,281,360,60,12123.34590964,521.56557618,-576.52153247,10918.21616408,-178.40184706,-12.63355202,-200.46243392,12415.37796499,0.00000000,9732.32857154,-17.27459404,0.00000000,11289.04514287,0.00000000,1,2,1,0.40000000,180.00000000,1,0.40000000,180.00000000,2
9,1,6728,2025,10,8,7,0,281,420,60,8505.23964688,613.89277389,-45.46675339,12143.54330243,222.90492293,4.11975456,54.27046159,2870.53649163,0.00000000,13471.61771099,18.00800312,0.00000000,14594.50686975,0.00000000,1,2,1,0.40000000,180.00000000,1,0.40000000,180.00000000,2
9,1,6729,2025,10,8,8,0,281,480,60,9845.66104303,739.43909138,392.59182681,5756.32966848,115.14742960,74.73131361,-1114.72447358,9738.49627289,0.00000000,10310.63861849,15.19729648,0.00000000,13333.93605919,0.00000000,1,2,2,1.00000000,450.00000000,2,1.00000000,450.00000000,2
9,1,6730,2025,10,8,9,0,281,540,60,3716.69850225,591.55922698,1263.19168291,8415.21405560,53.56361840,17.48662868,523.20937356,9357.78515116,0.00000000,8276.00791405,-23.47971867,0.00000000,13875.63172509,0.00000000,1,2,2,1.00000000,450.00000000,2,1.00000000,450.00000000,2
9,1,6731,2025,10,8,10,0,281,600,60,10554.85653063,595.81168966,1867.13623011,7753.77962046,209.52988468,-96.19708329,750.70362336,6946.32047910,0.00000000,7317.90732490,-62.59584179,0.00000000,2109.71146586,0.00000000,1,2,3,1.60000000,720.00000000,3,1.60000000,720.00000000,2
9,1,6732,2025,10,8,11,0,281,660,60,3502.42577894,585.66481877,1808.14841300,8079.37537269,102.45511015,846.60233323,1695.31827522,6035.88982054,0.00000000,8909.80762408,62.51092701,0.00000000,11613.18363072,0.00000000,1,2,3,1.60000000,720.00000000,3,1.60000000,720.00000000,2
9,1,6733,2025,10,8,12,0,281,720,60,6527.93968378,735.64720033,1396.04166138,7988.35387976,122.59195761,857.75893132,1515.63151005,3018.63024796,0.00000000,12893.11052511,23.02383181,0.00000000,13623.18164323,0.00000000,1,2,2,1.00000000,450.00000000,2,1.00000000,450.00000000,2
9,1,6734,2025,10,8,13,0,281,780,60,6792.96033094,528.95217527,1457.22941820,8898.19806537,152.61477058,711.98910135,3084.24970189,6107.35651321,0.00000000,5352.83882987,22.46144734,0.00000000,8882.37450665,0.00000000,1,2,2,1.00000000,450.00000000,2,1.00000000,450.00000000,2
9,1,6735,2025,10,8,14,0,281,840,60,8633.81984615,787.81961648,2088.34674052,10328.65101567,42.29434307,665.43725621,2672.46010169,8346.58110813,0.00000000,15968.88501333,28.12307375,0.00000000,15625.97444370,0.00000000,1,2,2,1.00000000,450.00000000,2,1.00000000,450.00000000,2
9,1,6736,2025,10,8,15,0,281,900,60,3926.83761586,541.15479297,682.45383550,8637.58180757,225.86052893,830.81974319,3071.01792748,7649.23514899,0.00000000,10139.60595282,-3.78781955,0.00000000,15552.65505401,0.00000000,1,2,2,1.00000000,450.00000000,2,1.00000000,450.00000000,2
9,1,6737,2025,10,8,16,0,281,960,60,7699.26780443,565.15607711,1162.37027541,9173.66785918,-154.85099216,56.46455886,3320.73265066,14133.91987176,0.00000000,7935.38458376,-14.58394383,0.00000000,10205.61061846,0.00000000,1,2,2,1.00000000,450.00000000,2,1.00000000,450.00000000,2
9,1,6738,2025,10,8,17,0,281,1020,60,9931.13910182,440.17737841,110.06834332,10844.54833145,50.71745974,-98.02250872,3387.77648514,10836.66437627,0.00000000,11853.74030225,-15.28060641,0.00000000,10544.76011827,0.00000000,1,2,3,1.60000000,720.00000000,3,1.60000000,720.00000000,2
9,1,6739,2025,10,8,18,0,281,1080,60,9159.48597554,430.91528724,-45.51549158,12050.93532261,-8.24299772,1.11043940,3766.64496598,13320.99530569,0.00000000,11012.42472530,396.74277746,0.00000000,13774.46295822,0.00000000,2,2,3,1.60000000,720.00000000,3,1.60000000,720.00000000,2
9,1,6740,2025,10,8,19,0,281,1140,60,6613.86399445,550.08317744,633.43822373,12391.67208841,886.02244809,76.06255078,1649.40491915,9898.25803861,0.00000000,6975.51018526,-9.03216026,0.00000000,10265.55066572,0.00000000,1,2,3,1.60000000,720.00000000,3,1.60000000,720.00000000,2
9,1,6741,2025,10,8,20,0,281,1200,60,11663.41892901,454.33552339,-307.86035336,9127.16701455,1192.36819668,138.64259538,78.39573845,10339.31864345,0.00000000,11960.51035900,-4.22336461,0.00000000,12949.98960713,0.00000000,1,2,3,1.60000000,720.00000000,3,1.60000000,720.00000000,2
9,1,6742,2025,10,8,21,0,281,1260,60,13677.70548029,429.22628644,74.32122865,13891.94396393,38.05880370,-21.24164513,163.95152451,11384.27425791,0.00000000,9112.73454086,625.38373158,0.00000000,11986.26879317,0.00000000,2,2,3,1.60000000,720.00000000,3,1.60000000,720.00000000,2
9,1,6743,2025,10,8,22,0,281,1320,60,11077.81458402,513.34276679,250.38488434,11136.42998135,-98.79503476,-52.42466685,292.42285480,9975.26912895,0.00000000,13510.84744804,423.70494998,0.00000000,9720.95314148,0.00000000,2,2,1,0.40000000,180.00000000,1,0.40000000,180.00000000,2
9,1,6744,2025,10,8,23,0,281,1380,60,8739.08793526,228.10445550,297.24583446,7593.45314973,86.28097521,-114.53260523,1624.60680176,5350.92592490,0.00000000,13429.63569126,248.74120543,0.00000000,13227.41314756,0.00000000,2,2,1,0.40000000,180.00000000,1,0.40000000,180.00000000,2
9,1,6745,2025,10,9,0,0,282,0,60,9593.06385562,552.06276873,290.68612423,11737.72863170,-64.74727661,23.44416012,1147.78153077,10948.16211170,0.00000000,5497.25435516,16.24814875,0.00000000,17593.26000990,0.00000000,1,2,1,0.40000000,180.00000000,1,0.40000000,180.00000000,2
9,1,6746,2025,10,9,1,0,282,60,60,18762.82965855,415.82978345,409.14540615,10933.59664105,-170.66602711,-328.09086728,1150.89153187,9746.36197850,0.00000000,12146.62548461,-76.08001308,0.00000000,9513.37603383,0.00000000,1,2,1,0.40000000,180.00000000,1,0.40000000,180.00000000,2
9,1,6747,2025,10,9,2,0,282,120,60,12638.57249049,413.64096161,-231.11398362,8395.88676763,73.11038547,-168.22649602,392.86298655,8019.17321380,0.00000000,16164.72760343,-40.69559898,0.00000000,13967.64576439,0.00000000,1,2,1,0.40000000,180.00000000,1,0.40000000,180.00000000,2
9,1,6748,2025,10,9,3,0,282,180,60,10482.96398651,587.98799911,580.67086263,8057.31183664,103.48418615,-26.24399650,1117.95445424,11394.67818888,0.00000000,6907.00798805,-25.17692588,0.00000000,13122.54207574,0.00000000,1,2,1,0.40000000,180.00000000,1,0.40000000,180.00000000,2
9,1,6749,2025,10,9,4,0,282,240,60,9514.55981663,622.75590496,48.71350061,13490.53851173,-0.75314343,27.26602491,358.21434355,9018.91736260,0.00000000,4170.13429649,-10.94395698,0.00000000,9304.56621710,0.00000000,1,2,1,0.40000000,180.00000000,1,0.40000000,180.00000000,2
9,1,6750,2025,10,9,5,0,282,300,60,3087.51771169,335.77241765,-162.28888445,7054.36358884,-84.42492967,15.72075650,244.40384251,5683.35626554,0.00000000,10374.66744932,-13.55199087,0.00000000,15229.62204637,0.00000000,1,2,1,0.40000000,180.00000000,1,0.40000000,180.00000000,2
9,1,6751,2025,10,9,6,0,282,360,60,5450.33141032,412.86433635,-59.29220368,10250.71932183,-220.11957514,15.26000838,1254.44789472,9137.10376708,0.00000000,10039.81483355,-32.65009667,0.00000000,8213.42845908,0.00000000,1,2,1,0.40000000,180.00000000,1,0.40000000,180.00000000,2
9,1,6752,2025,10,9,7,0,282,420,60,11705.57068205,430.97263909,384.19123017,8483.69084282,93.40033928,49.44056132,722.31004297,11907.98288919,0.00000000,5502.30545669,41.06376363,0.00000000,9232.37109265,0.00000000,1,2,1,0.40000000,180.00000000,1,0.40000000,180.00000000,2
9,1,6753,2025,10,9,8,0,282,480,60,11862.06398080,368.75408011,1308.38705912,11309.63623640,25.13276633,-12.59280630,566.48441405,8367.03929294,0.00000000,15173.15949120,14.60556150,0.00000000,4034.67673891,0.00000000,1,2,2,1.00000000,450.00000000,2,1.00000000,450.00000000,2
9,1,6754,2025,10,9,9,0,282,540,60,6601.53827246,510.05849846,665.89893636,8445.80890453,37.99838864,33.14656512,347.73174305,7120.57631056,0.00000000,11668.89312715,-8.09146465,0.00000000,6706.94866826,0.00000000,1,2,2,1.00000000,450.00000000,2,1.00000000,450.00000000,2
9,1,6755,2025,10,9,10,0,282,600,60,6245.11238556,407.25681416,1496.12909524,9438.42743866,-44.24806551,-56.74150809,585.22773056,13651.60917988,0.00000000,9111.16005859,55.77342666,0.00000000,10719.22770828,0.00000000,1,2,3,1.60000000,720.00000000,3,1.60000000,720.00000000,2
10,1,4010,2025,6,17,1,0,168,60,60,9463.82134048,361.65600184,-29.68127124,6001.53154948,75.95904461,-93.71927957,1296.54373284,7658.78437016,0.00000000,9383.46688546,49.47725177,0.00000000,3159.67713348,0.00000000,1,2,1,0.40000000,180.00000000,1,0.40000000,180.00000000,2
10,1,4011,2025,6,17,2,0,168,120,60,10337.53183783,-14.23955015,-36.19275230,5277.87675931,10.80005575,7.80023917,847.69137175,10374.07806494,0.00000000,10982.67091076,-0.37477544,0.00000000,7666.04133114,0.00000000,1,2,1,0.40000000,180.00000000,1,0.40000000,180.00000000,2
10,1,4012,2025,6,17,3,0,168,180,60,8710.15662809,-13.60474397,27.13629313,6983.17723025,-25.87053704,-12.91544652,792.87529697,5917.34939652,0.00000000,6871.20637042,-34.24613675,0.00000000,9309.09874296,0.00000000,1,2,1,0.40000000,180.00000000,1,0.40000000,180.00000000,2
10,1,4013,2025,6,17,4,0,168,240,60,5117.35013298,189.01715552,237.59985159,3159.88211689,218.20967006,-78.78420210,-999.03482626,6403.96604416,0.00000000,5758.63789902,10.69836576,0.00000000,10188.12240167,0.00000000,1,2,1,0.40000000,180.00000000,1,0.40000000,180.00000000,2
10,1,4014,2025,6,17,5,0,168,300,60,8900.86893596,178.66031756,87.75677028,10857.29293408,122.08991386,15.91563111,626.16700740,6142.64375013,0.00000000,9645.64517091,-35.63415067,0.00000000,8595.22664774,0.00000000,1,2,1,0.40000000,180.00000000,1,0.40000000,180.00000000,2
10,1,4015,2025,6,17,6,0,168,360,60,7736.37769081,103.44433872,-398.92244277,8269.40139638,151.80817958,86.43421854,1238.28936003,4659.81760794,0.00000000,6904.10301499,16.44787024,0.00000000,10790.21712762,0.00000000,1,2,1,0.40000000,180.00000000,1,0.40000000,180.00000000,2
10,1,4016,2025,6,17,7,0,168,420,60,9896.58661997,-45.81037612,413.82168969,14306.75071330,150.62443603,-53.22173816,-361.37401091,14912.01615889,0.00000000,5825.53231647,-57.60495275,0.00000000,7264.35840695,0.00000000,1,2,1,0.40000000,180.00000000,1,0.40000000,180.00000000,2
10,1,4017,2025,6,17,8,0,168,480,60,5247.53944556,55.70239855,1637.09761755,7343.92992040,47.47217316,-116.89926756,467.65956337,6401.52888603,0.00000000,8451.12725002,-17.75081103,0.00000000,10109.78032536,0.00000000,1,2,2,1.00000000,450.00000000,2,1.00000000,450.00000000,2
10,1,4018,2025,6,17,9,0,168,540,60,10758.37886426,215.95756779,1530.28094183,6184.39851637,-19.42959235,-80.88792895,-494.15987442,3056.02517976,0.00000000,12248.45241671,51.58475820,0.00000000,2307.97344387,0.00000000,1,2,2,1.00000000,450.00000000,2,1.00000000,450.00000000,2
10,1,4019,2025,6,17,10,0,168,600,60,14043.73421121,82.29905897,2301.80897388,9884.60564214,86.83828278,72.00152198,1084.44293800,9306.89568485,0.00000000,12049.65742021,21.16911760,0.00000000,10505.33688777,0.00000000,1,2,3,1.60000000,720.00000000,3,1.60000000,720.00000000,2
10,1,4020,2025,6,17,11,0,168,660,60,5598.68175243,-145.75069538,2424.68144525,9018.88653949,145.32731290,760.58168063,1482.59628268,7959.46603611,0.00000000,7361.80670864,-34.65094879,0.00000000,13667.22709219,0.00000000,1,2,3,1.60000000,720.00000000,3,1.60000000,720.00000000,2
10,1,4021,2025,6,17,12,0,168,720,60,7015.15653223,307.37723269,2728.14554743,12331.51767013,52.46252821,833.14087172,2698.81674964,5498.68707214,0.00000000,13020.59076314,-28.40647595,0.00000000,15288.83258246,0.00000000,1,2,2,1.00000000,450.00000000,2,1.00000000,450.00000000,2
10,1,4022,2025,6,17,13,0,168,780,60,12128.26835965,70.44052282,2797.24424385,10542.41093588,87.59286148,894.03285702,1812.70318034,4814.15350725,0.00000000,8043.16183709,2.79682042,0.00000000,6498.72987571,0.00000000,1,2,2,1.00000000,450.00000000,2,1.00000000,450.00000000,2
10,1,4023,2025,6,17,14,0,168,840,60,10140.83128655,49.38789228,2302.24011434,7162.92926218,36.27280689,717.28889384,4062.26702513,4497.86400505,0.00000000,9304.24994196,-39.41252228,0.00000000,9978.63729768,0.00000000,1,2,2,1.00000000,450.00000000,2,1.00000000,450.00000000,2
10,1,4024,2025,6,17,15,0,168,900,60,10082.39681340,118.21973236,1677.71209680,7138.43034678,93.89121683,622.53846702,3659.68264524,4535.24662831,0.00000000,9702.16379740,32.54196193,0.00000000,9200.83212716,0.00000000,1,2,2,1.00000000,450.00000000,2,1.00000000,450.00000000,2
10,1,4025,2025,6,17,16,0,168,960,60,10285.14829880,407.52073015,1703.11516333,8041.75338295,95.41538271,8.57510108,4536.00582117,12247.02824371,0.00000000,8608.02705332,43.20309802,0.00000000,6860.56145523,0.00000000,1,2,2,1.00000000,450.00000000,2,1.00000000,450.00000000,2
10,1,4026,2025,6,17,17,0,168,1020,60,11507.72879231,-83.39481483,1015.89530722,7306.21225264,88.99531808,-112.33859496,5156.97372093,10914.71304169,0.00000000,5729.77074023,49.69153418,0.00000000,7226.48556391,0.00000000,1,2,3,1.60000000,720.00000000,3,1.60000000,720.00000000,2
10,1,4027,2025,6,17,18,0,168,1080,60,7872.30693364,220.16336907,93.05227944,13866.74663805,50.59615593,80.35843284,4548.89684844,4688.13841585,0.00000000,8239.27148100,-3.42428149,0.00000000,9380.26760827,0.00000000,1,2,3,1.60000000,720.00000000,3,1.60000000,720.00000000,2
10,1,4028,2025,6,17,19,0,168,1140,60,1818.90206258,72.22814291,4.81414250,9867.27173060,1196.09946384,-15.23231758,2987.17593617,9685.06786202,0.00000000,7025.31768353,-12.98622532,0.00000000,12824.68520013,0.00000000,1,2,3,1.60000000,720.00000000,3,1.60000000,720.00000000,2
10,1,4029,2025,6,17,20,0,168,1200,60,15147.31780909,45.11289978,788.09169094,8464.81112121,1041.12147964,-107.90979904,1401.24850854,8423.40663890,0.00000000,2875.24615618,33.67466294,0.00000000,12964.58722549,0.00000000,1,2,3,1.60000000,720.00000000,3,1.60000000,720.00000000,2
10,1,4030,2025,6,17,21,0,168,1260,60,11053.67109541,359.91963714,62.87752866,11431.39742861,129.38052530,-250.80123295,2118.75531512,12182.01026396,0.00000000,12081.19189050,2.31606388,0.00000000,12368.53456926,0.00000000,1,2,3,1.60000000,720.00000000,3,1.60000000,720.00000000,2
10,1,4031,2025,6,17,22,0,168,1320,60,13592.75791820,96.39628071,13.80395537,9860.35781794,-123.53408462,-41.00987899,1270.98070254,10425.33059616,0.00000000,7451.21012381,24.08613946,0.00000000,3302.23075974,0.00000000,1,2,1,0.40000000,180.00000000,1,0.40000000,180.00000000,2
10,1,4032,2025,6,17,23,0,168,1380,60,5807.39248803,10.96604439,155.15085878,11213.06096710,-163.00274350,20.02275827,385.07290850,10181.30252132,0.00000000,6639.79677938,-16.46234529,0.00000000,9483.23049155,0.00000000,1,2,1,0.40000000,180.00000000,1,0.40000000,180.00000000,2
10,1,4033,2025,6,18,0,0,169,0,60,6373.98660826,19.74141029,-3.56265433,7677.20505470,-210.25983979,248.92508506,698.78398269,7188.44204751,0.00000000,6491.73509827,44.57544315,0.00000000,1300.71699193,0.00000000,1,2,1,0.40000000,180.00000000,1,0.40000000,180.00000000,2
10,1,4034,2025,6,18,1,0,169,60,60,4440.64916921,125.31875027,212.57001960,7053.30590189,181.81172933,-86.51030441,1504.09020477,10667.64003662,0.00000000,11563.69510561,12.30325574,0.00000000,8823.89920415,0.00000000,1,2,1,0.40000000,180.00000000,1,0.40000000,180.00000000,2
10,1,4035,2025,6,18,2,0,169,120,60,7562.86305572,343.51033327,49.05620611,4823.44045821,-81.09018311,-127.52530547,286.15786741,5260.69974250,0.00000000,7858.11319581,20.86676795,0.00000000,7928.38753807,0.00000000,1,2,1,0.40000000,180.00000000,1,0.40000000,180.00000000,2
10,1,4036,2025,6,18,3,0,169,180,60,8736.76048772,-18.98171633,-13.89000099,9619.80292864,217.58649091,193.93224766,1271.59104343,6616.97527093,0.00000000,11015.62649041,-9.66531102,0.00000000,7959.87983919,0.00000000,1,2,1,0.40000000,180.00000000,1,0.40000000,180.00000000,2
10,1,4037,2025,6,18,4,0,169,240,60,10422.82936198,-29.48020167,-90.30444244,10930.04748629,2.79887388,94.81894411,1157.66796334,11461.01232399,0.00000000,4770.99729567,-2.97700995,0.00000000,3598.63010108,0.00000000,1,2,1,0.40000000,180.00000000,1,0.40000000,180.00000000,2
10,1,4038,2025,6,18,5,0,169,300,60,5214.02172427,-92.50525532,362.85811899,11085.83617066,122.15493819,78.57234579,197.67393773,6477.10519844,0.00000000,5931.56116479,-4.42693315,0.00000000,11135.48036867,0.00000000,1,2,1,0.40000000,180.00000000,1,0.40000000,180.00000000,2
10,1,4039,2025,6,18,6,0,169,360,60,9619.75802559,247.59392992,-22.35808940,6868.45481214,2.57826708,-29.68308051,1647.08086402,4905.17143129,0.00000000,7919.76153286,11.05735706,0.00000000,12992.37771411,0.00000000,1,2,1,0.40000000,180.00000000,1,0.40000000,180.00000000,2
10,1,4040,2025,6,18,7,0,169,420,60,8737.26385321,67.98269448,990.00396474,9017.53892359,-35.28205419,-25.37360281,487.33502842,6998.84167008,0.00000000,13693.87883389,23.25011152,0.00000000,6714.19004812,0.00000000,1,2,1,0.40000000,180.00000000,1,0.40000000,180.00000000,2
10,1,4041,2025,6,18,8,0,169,480,60,7877.71851881,25.53917332,1350.47160318,4423.73765661,52.61005510,65.43475273,1071.31780200,5209.71072496,0.00000000,14699.94161649,-3.82123072,0.00000000,7558.70974500,0.00000000,1,2,2,1.00000000,450.00000000,2,1.00000000,450.00000000,2
10,1,4042,2025,6,18,9,0,169,540,60,10017.34779813,317.81402774,1586.22383611,4818.23605821,-48.43290466,106.30328531,1838.17009833,8247.11236565,0.00000000,18734.75411084,4.97736903,0.00000000,12552.35527250,0.00000000,1,2,2,1.00000000,450.00000000,2,1.00000000,450.00000000,2
10,1,4043,2025,6,18,10,0,169,600,60,11057.23366403,221.65658945,2117.59803168,2979.79592849,103.86534010,67.07029104,1113.99784298,9347.77770666,0.00000000,5441.71054475,45.55758635,0.00000000,11345.75368542,0.00000000,1,2,3,1.60000000,720.00000000,3,1.60000000,720.00000000,2
10,1,4044,2025,6,18,11,0,169,660,60,10409.80734562,359.51659205,1964.64303172,8171.19728876,-60.00121287,1002.22870410,2235.47959573,6760.50475459,0.00000000,2516.39784872,5.99598226,0.00000000,10735.22551932,0.00000000,1,2,3,1.60000000,720.00000000,3,1.60000000,720.00000000,2
10,1,4045,2025,6,18,12,0,169,720,60,7955.01640767,403.67700889,2726.00865285,2157.39983388,61.28708298,1229.55698258,2429.52246277,8982.65878578,0.00000000,10351.77012107,-36.61692218,0.00000000,8800.69541013,0.00000000,1,2,2,1.00000000,450.00000000,2,1.00000000,450.00000000,2
10,1,4046,2025,6,18,13,0,169,780,60,6168.63493608,180.47975896,2234.88390208,5434.28351138,254.01302884,902.22087622,2647.88664440,7058.33829806,0.00000000,11549.71652860,-27.35918369,0.00000000,10778.76738873,0.00000000,1,2,2,1.00000000,450.00000000,2,1.00000000,450.00000000,2
10,1,4047,2025,6,18,14,0,169,840,60,6335.24138912,72.75889676,2227.19444098,3049.18793059,49.11054294,797.78542261,4692.51305086,5557.26916591,0.00000000,8318.94675212,31.82650578,0.00000000,7347.36889475,0.00000000,1,2,2,1.00000000,450.00000000,2,1.00000000,450.00000000,2
10,1,4048,2025,6,18,15,0,169,900,60,7901.04373162,288.66522514,1327.39126457,11898.23408315,-8.88027934,825.51458067,3638.72925339,7698.08903392,0.00000000,7218.85674198,-17.63526704,0.00000000,7381.87533226,0.00000000,1,2,2,1.00000000,450.00000000,2,1.00000000,450.00000000,2
10,1,4049,2025,6,18,16,0,169,960,60,10180.48120620,118.56363314,1224.78931278,8302.23635083,-150.22358777,114.98098036,4215.63830788,9176.30741288,0.00000000,10402.73568254,-70.53853892,0.00000000,8966.57105337,0.00000000,1,2,2,1.00000000,450.00000000,2,1.00000000,450.00000000,2
10,1,4050,2025,6,18,17,0,169,1020,60,12062.21416162,138.62755881,542.71548326,6038.04492612,105.30265021,-87.05950265,4296.34176656,6814.80338392,0.00000000,7635.59155164,-26.24368167,0.00000000,10561.44496619,0.00000000,1,2,3,1.60000000,720.00000000,3,1.60000000,720.00000000,2
10,1,4051,2025,6,18,18,0,169,1080,60,11156.34478197,57.24465866,1166.00440609,3962.60907144,-131.20322990,-101.41523306,5629.80622751,8530.75394892,0.00000000,6885.76848497,48.03154358,0.00000000,10532.11240870,0.00000000,1,2,3,1.60000000,720.00000000,3,1.60000000,720.00000000,2
10,1,4052,2025,6,18,19,0,169,1140,60,13406.64448003,256.92183273,275.34181974,4554.60875515,1194.96830429,16.91826600,3151.12009699,8385.71282584,0.00000000,12485.57979276,11.45868370,0.00000000,13082.09046994,0.00000000,1,2,3,1.60000000,720.00000000,3,1.60000000,720.00000000,2
10,1,4053,2025,6,18,20,0,169,1200,60,9085.47862327,244.71380422,305.11358154,10316.47402200,1248.81535876,74.18225568,2454.38916057,10331.98485749,0.00000000,7060.77137339,9.02175805,0.00000000,8644.48076398,0.00000000,1,2,3,1.60000000,720.00000000,3,1.60000000,720.00000000,2
10,1,4054,2025,6,18,21,0,169,1260,60,7157.07641649,124.48937390,-643.63315310,4631.50700156,1098.30823243,-149.79505715,660.60403110,6562.51033494,0.00000000,13260.14249989,15.54454573,0.00000000,7837.35770753,0.00000000,1,2,3,1.60000000,720.00000000,3,1.60000000,720.00000000,2
10,1,4055,2025,6,18,22,0,169,1320,60,9018.69787850,-16.94357845,52.49006083,12329.14786861,181.01902851,-18.15964870,814.80995873,6823.00516419,0.00000000,10761.57812443,56.16691445,0.00000000,4601.38908674,0.00000000,1,2,1,0.40000000,180.00000000,1,0.40000000,180.00000000,2
10,1,4056,2025,6,18,23,0,169,1380,60,6612.33276521,254.54170383,-406.28273224,4746.31251400,-86.10777770,149.58431166,879.06351449,10578.11613370,0.00000000,11572.23867769,7.47512035,0.00000000,8112.87483942,0.00000000,1,2,1,0.40000000,180.00000000,1,0.40000000,180.00000000,2
10,1,4057,2025,6,19,0,0,170,0,60,8901.67391923,250.03071315,-191.63294738,7473.26397417,-59.12029123,31.53003976,693.34567059,7552.21393363,0.00000000,10517.59749510,-13.81681851,0.00000000,5996.99086892,0.00000000,1,2,1,0.40000000,180.00000000,1,0.40000000,180.00000000,2
10,1,4058,2025,6,19,1,0,170,60,60,11127.10012277,233.95978125,-52.01786494,13789.99424362,8.54015409,90.40774333,188.51747164,10134.18441776,0.00000000,9659.67119978,-0.99784268,0.00000000,11040.98771832,0.00000000,1,2,1,0.40000000,180.00000000,1,0.40000000,180.00000000,2
10,1,4059,2025,6,19,2,0,170,120,60,10821.98753809,387.31351432,322.48179961,8017.94823398,5.98996778,-171.55759806,442.72584538,6824.65561648,0.00000000,12549.60571864,18.82297776,0.00000000,5834.63112906,0.00000000,1,2,1,0.40000000,180.00000000,1,0.40000000,180.00000000,2
10,1,4060,2025,6,19,3,0,170,180,60,8372.01662611,201.24834318,452.61712327,5704.87683832,42.71054127,76.93536086,921.34013623,13533.79973816,0.00000000,7486.50190174,-8.71458246,0.00000000,4614.32248448,0.00000000,1,2,1,0.40000000,180.00000000,1,0.40000000,180.00000000,2
10,1,4061,2025,6,19,4,0,170,240,60,9761.59292002,220.48548402,-231.68048860,9469.52893513,71.35212133,-24.70007761,637.37538413,12705.34852280,0.00000000,5452.96763216,-48.44425851,0.00000000,11716.43830294,0.00000000,1,2,1,0.40000000,180.00000000,1,0.40000000,180.00000000,2
10,1,4062,2025,6,19,5,0,170,300,60,13566.17421090,133.54858500,-468.06221719,11300.92603566,-42.27348687,-140.77896384,324.02512907,9061.54334090,0.00000000,6392.26077104,55.74711115,0.00000000,13180.57284110,0.00000000,1,2,1,0.40000000,180.00000000,1,0.40000000,180.00000000,2
10,1,4063,2025,6,19,6,0,170,360,60,5899.67366549,378.46455781,146.21322965,8940.33654735,-82.25670457,-97.23460445,-283.44384003,5739.69972203,0.00000000,17201.84189978,-2.75412775,0.00000000,14326.60841500,0.00000000,1,2,1,0.40000000,180.00000000,1,0.40000000,180.00000000,2
10,1,4064,2025,6,19,7,0,170,420,60,9015.86955492,497.03102284,1263.31752165,5426.81993953,60.71392802,-47.94269859,1485.56613913,7298.10946428,0.00000000,9967.10266609,-11.98532577,0.00000000,5487.19828046,0.00000000,1,2,1,0.40000000,180.00000000,1,0.40000000,180.00000000,2
10,1,4065,2025,6,19,8,0,170,480,60,7944.11313556,546.61401237,1684.91390455,4207.71750281,-88.67392106,-176.63948097,1041.24774542,10522.97269666,0.00000000,12622.43460088,-95.14320622,0.00000000,8993.61709369,0.00000000,1,2,2,1.00000000,450.00000000,2,1.00000000,450.00000000,2
10,1,4066,2025,6,19,9,0,170,540,60,12851.39061696,331.99450503,1981.54998607,10425.97692818,-60.07479887,32.27158146,342.50854046,6220.41056254,0.00000000,11216.91652154,-43.20838822,0.00000000,9873.11459685,0.00000000,1,2,2,1.00000000,450.00000000,2,1.00000000,450.00000000,2
10,1,4067,2025,6,19,10,0,170,600,60,9771.12209316,200.82426873,2525.82065160,6333.61208534,69.19768484,-123.30434573,-295.81152984,10063.75938180,0.00000000,11284.23864187,43.36968769,0.00000000,9148.07475968,0.00000000,1,2,3,1.60000000,720.00000000,3,1.60000000,720.00000000,2
10,1,4068,2025,6,19,11,0,170,660,60,5782.43028592,133.01745548,2878.64126452,11284.92102504,23.64500660,867.59681611,1111.51431694,8986.46839566,0.00000000,14024.65661119,-59.17023903,0.00000000,10096.32858443,0.00000000,1,2,3,1.60000000,720.00000000,3,1.60000000,720.00000000,2
10,1,4069,2025,6,19,12,0,170,720,60,7084.55970339,241.50112420,3448.83818379,6652.95437496,75.51532496,981.31567792,1996.77026426,4608.55716969,0.00000000,6959.00490894,35.56231239,0.00000000,3474.11423895,0.00000000,1,2,2,1.00000000,450.00000000,2,1.00000000,450.00000000,2
10,1,4070,2025,6,19,13,0,170,780,60,11435.09425320,196.78460172,2100.91555483,7928.01531931,-77.56101383,808.99127028,3845.04360905,6842.67045256,0.00000000,8978.85976510,21.26967946,0.00000000,9782.40919711,0.00000000,1,2,2,1.00000000,450.00000000,2,1.00000000,450.00000000,2
10,1,4071,2025,6,19,14,0,170,840,60,7308.69662398,64.50936622,2010.42862130,5773.72620592,20.03843398,772.18147407,3944.06328161,-1018.80655092,0.00000000,11437.67267852,-23.91760845,0.00000000,9051.70594902,0.00000000,1,2,2,1.00000000,450.00000000,2,1.00000000,450.00000000,2
10,1,4072,2025,6,19,15,0,170,900,60,12539.46766861,157.82676854,1769.38181244,16502.38915089,-191.21396006,830.78537727,4585.48542981,4509.35004150,0.00000000,14166.20348875,1.42662132,0.00000000,11711.87217896,0.00000000,1,2,2,1.00000000,450.00000000,2,1.00000000,450.00000000,2
10,1,4073,2025,6,19,16,0,170,960,60,12991.89775773,263.33619566,2237.61765403,12080.81634253,-74.57507665,126.27064652,4222.66681436,11337.32722455,0.00000000,7266.26908286,38.39137789,0.00000000,2338.23342369,0.00000000,1,2,2,1.00000000,450.00000000,2,1.00000000,450.00000000,2
10,1,4074,2025,6,19,17,0,170,1020,60,7986.54350494,332.70336678,789.65187729,8088.81420514,-13.44558622,141.50437277,4476.77479348,12446.13736275,0.00000000,1538.14306124,12.00911040,0.00000000,15377.67338679,0.00000000,1,2,3,1.60000000,720.00000000,3,1.60000000,720.00000000,2
10,1,4075,2025,6,19,18,0,170,1080,60,11403.75861415,246.59780686,212.01880726,10396.61269065,-11.77825000,-49.28700899,4731.93129666,9322.32923167,0.00000000,12571.28912713,-87.25274339,0.00000000,8424.71323383,0.00000000,1,2,3,1.60000000,720.00000000,3,1.60000000,720.00000000,2
10,1,4076,2025,6,19,19,0,170,1140,60,4854.03385287,209.20791382,-355.58042835,6159.57340361,1247.41810464,181.25305132,2668.39557257,6418.04847864,0.00000000,9818.22345282,32.43442003,0.00000000,9934.70084817,0.00000000,1,2,3,1.60000000,720.00000000,3,1.60000000,720.00000000,2
10,1,4077,2025,6,19,20,0,170,1200,60,5553.61769120,183.67392391,11.93267481,7796.53037427,1301.50837120,244.36147445,2167.17301130,11822.67040914,0.00000000,10652.64216609,-39.78954067,0.00000000,1161.95025750,0.00000000,1,2,3,1.60000000,720.00000000,3,1.60000000,720.00000000,2
10,1,4078,2025,6,19,21,0,170,1260,60,4925.68078524,251.22864886,-576.65206404,13034.32629660,1282.79761632,38.60014523,425.13666454,10051.38923037,0.00000000,5762.83231844,-22.30753581,0.00000000,6932.43890488,0.00000000,1,2,3,1.60000000,720.00000000,3,1.60000000,720.00000000,2
10,1,4079,2025,6,19,22,0,170,1320,60,9655.41177829,330.64761121,717.67649721,9987.35722777,-150.03346772,114.40797594,-1086.56824103,8641.62915486,0.00000000,9344.98302203,-0.15469169,0.00000000,9527.56332042,0.00000000,1,2,1,0.40000000,180.00000000,1,0.40000000,180.00000000,2
10,1,4080,2025,6,19,23,0,170,1380,60,9793.44453946,187.53966422,-130.88352356,8243.44049913,-46.04141778,-24.22882600,118.56165316,8473.04487979,0.00000000,8767.88614184,17.23144842,0.00000000,8742.21164780,0.00000000,1,2,1,0.40000000,180.00000000,1,0.40000000,180.00000000,2
10,1,4081,2025,6,20,0,0,171,0,60,9547.24146941,243.76622811,182.00729273,5305.28862215,225.66496278,164.14674813,1136.55220457,9031.86468289,0.00000000,6183.55694229,28.27417140,0.00000000,7018.84037438,0.00000000,1,2,1,0.40000000,180.00000000,1,0.40000000,180.00000000,2
10,1,4082,2025,6,20,1,0,171,60,60,6937.21817674,207.13611985,-564.06378686,7702.49551603,-88.00161845,-12.59553928,900.83990817,9833.05195497,0.00000000,8959.46430007,13.33061182,0.00000000,9644.44052496,0.00000000,1,2,1,0.40000000,180.00000000,1,0.40000000,180.00000000,2
10,1,4083,2025,6,20,2,0,171,120,60,7073.75861813,275.05671283,-195.83702853,5351.89758823,50.05465988,166.77559599,980.11463650,6869.26990727,0.00000000,6703.24699212,-36.91640942,0.00000000,6576.78636514,0.00000000,1,2,1,0.40000000,180.00000000,1,0.40000000,180.00000000,2
10,1,4084,2025,6,20,3,0,171,180,60,7187.38086872,239.24268297,499.81603962,6514.16638232,-50.70929537,-33.83202980,436.31265768,12913.38991694,0.00000000,3191.56612326,28.88174520,0.00000000,9724.92304931,0.00000000,1,2,1,0.40000000,180.00000000,1,0.40000000,180.00000000,2
10,1,4085,2025,6,20,4,0,171,240,60,9190.02422721,107.50922914,803.62264413,7392.68347332,-117.81141878,30.81838808,16.94511489,8794.55879533,0.00000000,7417.83734094,5.48632276,0.00000000,7931.13713622,0.00000000,1,2,1,0.40000000,180.00000000,1,0.40000000,180.00000000,2
10,1,4086,2025,6,20,5,0,171,300,60,9165.13295516,462.44747157,34.56775802,8934.52265811,131.75545711,112.97250647,885.37774529,5603.54509599,0.00000000,9608.06123310,-33.43346837,0.00000000,9013.37388836,0.00000000,1,2,1,0.40000000,180.00000000,1,0.40000000,180.00000000,2
10,1,4087,2025,6,20,6,0,171,360,60,6577.69514915,468.88983300,160.09629309,12541.25620963,-56.58866753,15.44436450,73.08214051,11963.56093993,0.00000000,14503.84962919,-28.17535375,0.00000000,12074.90366009,0.00000000,1,2,1,0.40000000,180.00000000,1,0.40000000,180.00000000,2
10,1,4088,2025,6,20,7,0,171,420,60,10484.57746669,265.21518272,952.24986411,13606.23313163,140.63042022,14.61010965,674.86732384,11172.40844665,0.00000000,6459.20603259,-32.70408586,0.00000000,7788.49977525,0.00000000,1,2,1,0.40000000,180.00000000,1,0.40000000,180.00000000,2
10,1,4089,2025,6,20,8,0,171,480,60,13280.77984183,433.83569980,1158.14995152,7625.85326896,198.29483745,54.65174818,743.29666644,11922.15520775,0.00000000,3496.68342692,-31.04977547,0.00000000,9235.99252938,0.00000000,1,2,2,1.00000000,450.00000000,2,1.00000000,450.00000000,2
10,1,4090,2025,6,20,9,0,171,540,60,6932.61407709,485.38733864,1859.35641508,3724.14184320,161.30054054,-145.82957980,1203.77617070,7324.28552360,0.00000000,14683.74762750,11.60909855,0.00000000,12067.12003333,0.00000000,1,2,2,1.00000000,450.00000000,2,1.00000000,450.00000000,2
10,1,4091,2025,6,20,10,0,171,600,60,9409.63278483,296.19693550,1859.57746574,4547.82474332,82.98188031,113.25403140,43.21580959,7986.25533163,0.00000000,8609.50644719,-38.83437211,0.00000000,12002.37158818,0.00000000,1,2,3,1.60000000,720.00000000,3,1.60000000,720.00000000,2
10,1,4092,2025,6,20,11,0,171,660,60,9573.55389005,223.99525411,2412.01824075,8112.03713383,154.11267653,837.46679385,-560.04015822,8623.44175142,0.00000000,7671.73248489,22.55720308,0.00000000,13499.89873126,0.00000000,1,2,3,1.60000000,720.00000000,3,1.60000000,720.00000000,2
10,1,4093,2025,6,20,12,0,171,720,60,9704.34578433,342.71214087,2933.54787521,8055.40876997,-19.07353805,931.13559201,2495.38569984,4494.84939606,0.00000000,11456.10614432,18.25489159,0.00000000,14564.34523353,0.00000000,1,2,2,1.00000000,450.00000000,2,1.00000000,450.00000000,2
10,1,4094,2025,6,20,13,0,171,780,60,10218.36602186,432.49321418,2158.38058680,6193.74704327,68.04523647,892.38917545,3810.23572287,11911.89644011,0.00000000,10836.85481314,12.71538047,0.00000000,9567.57333461,0.00000000,1,2,2,1.00000000,450.00000000,2,1.00000000,450.00000000,2
10,1,4095,2025,6,20,14,0,171,840,60,6412.64172915,446.73267096,2281.05731750,8393.87081961,22.55167970,858.87562491,3529.43265840,5595.11557183,0.00000000,6883.57029308,20.77640567,0.00000000,14871.48350658,0.00000000,1,2,2,1.00000000,450.00000000,2,1.00000000,450.00000000,2
10,1,4096,2025,6,20,15,0,171,900,60,14724.74823154,286.28380270,1717.83701263,9650.61470630,136.38581358,780.08534239,5030.50705147,2942.07851161,0.00000000,11490.19560698,18.74832251,0.00000000,8127.74476655,0.00000000,1,2,2,1.00000000,450.00000000,2,1.00000000,450.00000000,2
10,1,4097,2025,6,20,16,0,171,960,60,8262.35579816,233.98864215,2003.13111312,2611.11720062,39.38116268,141.51167973,3481.99133453,9256.03993577,0.00000000,8297.19455783,48.05740996,0.00000000,5882.38375810,0.00000000,1,2,2,1.00000000,450.00000000,2,1.00000000,450.00000000,2
10,1,4098,2025,6,20,17,0,171,1020,60,9252.78219839,443.36578993,1228.87350776,6128.33336273,-40.74946915,200.03574678,4128.49262954,9451.51009611,0.00000000,7041.40868356,-8.27095602,0.00000000,7566.63379916,0.00000000,1,2,3,1.60000000,720.00000000,3,1.60000000,720.00000000,2
10,1,4099,2025,6,20,18,0,171,1080,60,8415.96894777,359.88403069,371.97716694,9376.43723139,-165.61162309,280.80444620,4392.09427663,12430.37373800,0.00000000,10056.70865131,15.65190734,0.00000000,6933.29086016,0.00000000,1,2,3,1.60000000,720.00000000,3,1.60000000,720.00000000,2
10,1,4100,2025,6,20,19,0,171,1140,60,9682.93217712,353.45584840,264.18928527,9469.27163586,1203.79257296,-260.25750947,2833.38005130,11614.19855887,0.00000000,6847.01663627,42.15117105,0.00000000,7692.72910498,0.00000000,1,2,3,1.60000000,720.00000000,3,1.60000000,720.00000000,2
10,1,4101,2025,6,20,20,0,171,1200,60,13161.00003608,310.57696036,448.48215225,6465.62802130,949.35725314,40.00820691,1745.49816803,10793.30670156,0.00000000,8664.69974580,-3.06971669,0.00000000,4249.75392995,0.00000000,1,2,3,1.60000000,720.00000000,3,1.60000000,720.00000000,2
10,1,4102,2025,6,20,21,0,171,1260,60,6380.78551082,487.86969112,260.54480843,9764.45283736,1182.60601794,30.01034723,1167.95773046,9744.39532945,0.00000000,8480.19576662,-6.14887042,0.00000000,6978.65010378,0.00000000,1,2,3,1.60000000,720.00000000,3,1.60000000,720.00000000,2
10,1,4103,2025,6,20,22,0,171,1320,60,12506.94652205,223.54544984,592.32164750,10994.92602830,30.52412038,-189.02919642,-819.44955470,11419.59539631,0.00000000,13941.90672026,-18.78415582,0.00000000,11419.72615767,0.00000000,1,2,1,0.40000000,180.00000000,1,0.40000000,180.00000000,2
10,1,4104,2025,6,20,23,0,171,1380,60,15395.35863390,356.52519053,280.74139679,7208.23618293,-280.06678265,-39.29341430,359.10950836,9762.23721764,0.00000000,6051.33088019,-8.74251095,0.00000000,7024.04085709,0.00000000,1,2,1,0.40000000,180.00000000,1,0.40000000,180.00000000,2
10,1,4105,2025,6,21,0,0,172,0,60,14606.62666297,218.84339852,753.47246775,6773.73280945,36.69299444,-18.81307833,205.50944111,9487.23238909,0.00000000,8927.77859379,38.42029623,0.00000000,8710.50516504,0.00000000,1,2,1,0.40000000,180.00000000,1,0.40000000,180.00000000,2
10,1,4106,2025,6,21,1,0,172,60,60,6487.27010225,463.88236299,-156.42530034,7865.53590343,-22.56340946,-224.73217324,-150.88258587,9075.01837952,0.00000000,13032.48140852,9.13624469,0.00000000,8146.75507075,0.00000000,1,2,1,0.40000000,180.00000000,1,0.40000000,180.00000000,2
10,1,4107,2025,6,21,2,0,172,120,60,6013.12163219,463.02005001,121.13793748,8361.14643833,116.13179045,116.35524361,-290.17288657,8294.91239316,0.00000000,13296.73930351,-22.17792996,0.00000000,1.56256880,0.00000000,1,2,1,0.40000000,180.00000000,1,0.40000000,180.00000000,2
10,1,4108,2025,6,21,3,0,172,180,60,6825.87357563,299.40625132,-908.27499923,10295.67599275,-169.78519213,222.89501015,-45.22963428,6313.19123361,0.00000000,14643.31587012,-15.07811601,0.00000000,8881.25178885,0.00000000,1,2,1,0.40000000,180.00000000,1,0.40000000,180.00000000,2
10,1,4109,2025,6,21,4,0,172,240,60,9020.43817229,405.15797863,-134.32973277,9791.28933748,-55.63219231,78.81601270,-515.08076783,8897.21032700,0.00000000,9214.91187879,31.14124351,0.00000000,7364.73729450,0.00000000,1,2,1,0.40000000,180.00000000,1,0.40000000,180.00000000,2
11,1,825,2025,2,4,8,0,35,480,60,12047.05933223,631.58772684,519.05959754,10397.20263750,-94.03520767,11.34793093,152.48370226,7423.37168646,0.00000000,7448.69471655,11.65732417,0.00000000,7406.82282588,0.00000000,1,1,2,1.00000000,450.00000000,2,1.00000000,450.00000000,1
11,1,826,2025,2,4,9,0,35,540,60,7697.58964794,440.09989827,196.99330823,6147.76327038,67.65687079,-137.07824181,1106.94367762,9652.96129161,0.00000000,10359.99522255,6.22091718,0.00000000,10446.70808796,0.00000000,1,1,2,1.00000000,450.00000000,2,1.00000000,450.00000000,1
11,1,827,2025,2,4,10,0,35,600,60,7675.87649617,662.36111001,1585.89949211,2755.87324999,-24.23373252,-7.35964323,1425.07575832,10801.44829592,0.00000000,9577.11478661,25.34862853,0.00000000,6235.36062399,0.00000000,1,1,3,1.60000000,720.00000000,3,1.60000000,720.00000000,1
11,1,828,2025,2,4,11,0,35,660,60,11012.01909346,664.95226042,1589.53696866,4894.60405053,3.39538801,784.05630400,1351.33668969,1508.99678007,0.00000000,11378.59193282,9.08922365,0.00000000,9992.68382683,0.00000000,1,1,3,1.60000000,720.00000000,3,1.60000000,720.00000000,1
11,1,829,2025,2,4,12,0,35,720,60,10256.64298353,720.86014617,826.73896856,10271.29675689,-43.59836346,732.61332594,2244.37827982,7144.30741143,0.00000000,10544.24576733,-34.73710442,0.00000000,10869.59978408,0.00000000,1,1,2,1.00000000,450.00000000,2,1.00000000,450.00000000,1
11,1,830,2025,2,4,13,0,35,780,60,11777.12218203,689.29405394,1033.86790855,9936.06705291,209.23653536,575.44412815,2012.05933824,7518.78402086,0.00000000,14099.25974693,34.96733221,0.00000000,12170.87087270,0.00000000,1,1,2,1.00000000,450.00000000,2,1.00000000,450.00000000,1
11,1,831,2025,2,4,14,0,35,840,60,7880.27582490,727.86212831,1013.73459745,12450.83400004,198.44299453,600.14911149,2816.70143976,10629.59646660,0.00000000,7565.91448992,-31.23198271,0.00000000,11982.22786138,0.00000000,1,1,2,1.00000000,450.00000000,2,1.00000000,450.00000000,1
11,1,832,2025,2,4,15,0,35,900,60,6372.59668989,744.35372150,1255.09063996,7856.69065475,-122.82532560,547.18012470,4185.80294057,11214.24732763,0.00000000,7358.40735542,-29.48032160,0.00000000,5597.40240539,0.00000000,1,1,2,1.00000000,450.00000000,2,1.00000000,450.00000000,1
11,1,833,2025,2,4,16,0,35,960,60,11790.49570615,310.50392424,-19.20354310,6674.60992917,53.39556439,108.77697139,2716.69426461,6421.58940712,0.00000000,10547.19451271,-17.40982371,0.00000000,15179.18779308,0.00000000,1,1,3,1.60000000,720.00000000,3,1.60000000,720.00000000,1
11,1,834,2025,2,4,17,0,35,1020,60,11285.73486380,514.97057535,-69.14379558,7490.69456240,40.33343451,81.80399005,3246.36426046,7668.89189716,0.00000000,11631.47708886,32.11985684,0.00000000,7447.64019143,0.00000000,1,1,3,1.60000000,720.00000000,3,1.60000000,720.00000000,1
11,1,835,2025,2,4,18,0,35,1080,60,4801.98471738,450.39733356,1074.16097094,15932.95376679,-202.38926886,-173.93651324,3263.30104392,11973.10005140,0.00000000,15446.64739303,-0.58368020,0.00000000,6305.55455881,0.00000000,1,1,3,1.60000000,720.00000000,3,1.60000000,720.00000000,1
11,1,836,2025,2,4,19,0,35,1140,60,10328.45505574,568.35388045,-231.70504848,10999.70219817,1234.48199007,234.63199009,2143.93899006,15054.85696568,0.00000000,22054.20753302,7.89730945,0.00000000,7910.72669817,0.00000000,1,1,3,1.60000000,720.00000000,3,1.60000000,720.00000000,1
11,1,837,2025,2,4,20,0,35,1200,60,13032.24263513,460.45580215,-153.43864068,7627.50900439,1144.38193530,139.57450999,799.16747779,2311.03200362,0.00000000,14957.55697923,21.51641165,0.00000000,8154.81583202,0.00000000,1,1,3,1.60000000,720.00000000,3,1.60000000,720.00000000,1
11,1,838,2025,2,4,21,0,35,1260,60,7785.47443800,433.63973765,117.75467942,3162.01278516,-99.35925987,40.45527542,233.78029351,11842.87935467,0.00000000,12969.07707715,124.00849926,0.00000000,8516.24990244,0.00000000,2,1,3,1.60000000,720.00000000,3,1.60000000,720.00000000,1
11,1,839,2025,2,4,22,0,35,1320,60,7795.29792692,469.47880994,544.69246549,7124.76924544,64.68315708,-64.85141871,1293.99579380,10425.86672148,0.00000000,10902.91724075,-6.84449262,0.00000000,6358.56942574,0.00000000,1,1,2,1.00000000,450.00000000,2,1.00000000,450.00000000,1
11,1,840,2025,2,4,23,0,35,1380,60,11277.90570473,542.58906874,-10.54881533,6562.46519032,61.70545751,-45.65146378,-161.42308345,10584.37177514,0.00000000,5762.78198848,-2.98085492,0.00000000,12859.94503814,0.00000000,1,1,2,1.00000000,450.00000000,2,1.00000000,450.00000000,1
11,1,841,2025,2,5,0,0,36,0,60,10318.94445996,559.66554472,734.81994384,8191.54355380,-11.77835923,-27.40929931,1194.90527535,5723.66862062,0.00000000,7487.12607599,27.81240334,0.00000000,7634.31013223,0.00000000,1,1,1,0.40000000,180.00000000,1,0.40000000,180.00000000,1
11,1,842,2025,2,5,1,0,36,60,60,9702.49655938,493.62306591,28.63479449,6651.25208755,-111.79846926,52.11389567,-178.86904844,8172.90401921,0.00000000,11776.39053921,38.84667289,0.00000000,12704.51416156,0.00000000,1,1,1,0.40000000,180.00000000,1,0.40000000,180.00000000,1
11,1,843,2025,2,5,2,0,36,120,60,8117.10707277,548.57513731,759.73901569,12689.50018991,141.56096386,127.52759976,1353.04290220,9813.83276380,0.00000000,10241.03810383,-65.75300638,0.00000000,4362.45579359,0.00000000,1,1,1,0.40000000,180.00000000,1,0.40000000,180.00000000,1
11,1,844,2025,2,5,3,0,36,180,60,8751.25907178,387.28981565,-26.50884720,12658.95015870,-201.37683742,123.86779363,1258.97354690,11122.37673198,0.00000000,5641.45030423,-8.92821521,0.00000000,5551.08432256,0.00000000,1,1,1,0.40000000,180.00000000,1,0.40000000,180.00000000,1
11,1,845,2025,2,5,4,0,36,240,60,5943.51456545,600.98714812,-31.56724458,9013.38426280,-49.81963832,-28.92467365,1893.52236797,13129.17485271,0.00000000,5210.92520306,-20.49128156,0.00000000,8000.87503339,0.00000000,1,1,1,0.40000000,180.00000000,1,0.40000000,180.00000000,1
11,1,846,2025,2,5,5,0,36,300,60,13835.08487682,826.69611591,-138.45080993,11609.10726738,86.60104866,73.09429415,1711.98914263,6468.51064751,0.00000000,16836.29664853,-33.35424673,0.00000000,8984.98547154,0.00000000,1,1,1,0.40000000,180.00000000,1,0.40000000,180.00000000,1
11,1,847,2025,2,5,6,0,36,360,60,9491.34468486,737.49199926,116.19970567,6662.72770489,207.38965980,9.51588545,1692.70874379,5428.32118820,0.00000000,6933.49320959,-9.21303451,0.00000000,7869.08273526,0.00000000,1,1,1,0.40000000,180.00000000,1,0.40000000,180.00000000,1
11,1,848,2025,2,5,7,0,36,420,60,6214.99550139,624.46542078,-95.96057525,6405.98315307,80.14094851,-129.67551012,328.72279261,10005.53734848,0.00000000,10604.18979313,-0.36117278,0.00000000,9894.92702672,0.00000000,1,1,1,0.40000000,180.00000000,1,0.40000000,180.00000000,1
11,1,849,2025,2,5,8,0,36,480,60,11570.29692157,891.83305183,104.45537247,11616.32067470,94.54829404,47.24630284,1138.55016910,11108.73736167,0.00000000,11592.37397241,-15.83831155,0.00000000,9097.40769193,0.00000000,1,1,2,1.00000000,450.00000000,2,1.00000000,450.00000000,1
11,1,850,2025,2,5,9,0,36,540,60,10367.97051507,639.43319072,1216.05603227,13857.40343267,20.88292259,15.01131749,1075.36444209,14578.68372144,0.00000000,12167.76315415,21.35919835,0.00000000,8937.58737963,0.00000000,1,1,2,1.00000000,450.00000000,2,1.00000000,450.00000000,1
11,1,851,2025,2,5,10,0,36,600,60,14830.58247160,757.20909475,1391.35347085,8506.43136321,20.99127136,-23.72820624,2716.33917321,4002.13159804,0.00000000,12030.10773524,5.52252677,0.00000000,11029.29670583,0.00000000,1,1,3,1.60000000,720.00000000,3,1.60000000,720.00000000,1
11,1,852,2025,2,5,11,0,36,660,60,8709.07617338,595.31424974,1538.31401625,11139.92179268,56.20415187,624.98184241,1369.06882827,13689.30020458,0.00000000,12979.91433426,-1.21940402,0.00000000,11871.14035689,0.00000000,1,1,3,1.60000000,720.00000000,3,1.60000000,720.00000000,1
11,1,853,2025,2,5,12,0,36,720,60,11170.46376477,706.24583947,1730.05198875,5960.20326092,-77.58967209,523.73893794,921.07024800,9214.98728381,0.00000000,11272.47211493,17.98311960,0.00000000,10196.80620443,0.00000000,1,1,2,1.00000000,450.00000000,2,1.00000000,450.00000000,1
11,1,854,2025,2,5,13,0,36,780,60,13237.66896338,615.92947527,2030.23981199,8273.61512402,1.58235494,807.38602778,3035.62532944,7458.36979063,0.00000000,10577.37581753,30.22679878,0.00000000,13184.30327467,0.00000000,1,1,2,1.00000000,450.00000000,2,1.00000000,450.00000000,1
11,1,855,2025,2,5,14,0,36,840,60,8261.21126434,699.47971503,787.53679986,5975.20076871,-77.07035523,594.53172185,1616.07973601,8135.74234152,0.00000000,1804.40636164,-18.47537599,0.00000000,15250.36297891,0.00000000,1,1,2,1.00000000,450.00000000,2,1.00000000,450.00000000,1
11,1,856,2025,2,5,15,0,36,900,60,14104.19253851,748.24699206,586.27474199,12620.28678979,-150.03121958,273.11514106,3223.19266999,7288.38261819,0.00000000,13759.14595011,-35.38664357,0.00000000,7307.15427378,0.00000000,1,1,2,1.00000000,450.00000000,2,1.00000000,450.00000000,1
11,1,857,2025,2,5,16,0,36,960,60,14063.56784711,722.56598133,124.55547714,9427.95269130,-34.06009068,45.55879745,3345.23563151,6348.73155591,0.00000000,10236.05394160,-10.16574017,0.00000000,12748.90802806,0.00000000,1,1,3,1.60000000,720.00000000,3,1.60000000,720.00000000,1
11,1,858,2025,2,5,17,0,36,1020,60,11159.40947749,638.55154710,196.76650359,8352.91435311,40.06482347,73.74441347,2853.07549907,12265.16928926,0.00000000,7716.67500808,-53.84741999,0.00000000,4729.37870686,0.00000000,1,1,3,1.60000000,720.00000000,3,1.60000000,720.00000000,1
11,1,859,2025,2,5,18,0,36,1080,60,14239.24449438,577.15612330,-241.86254817,8367.09571249,-5.27714071,-98.11163432,4153.04908311,5345.98878722,0.00000000,13166.63748286,-30.22204555,0.00000000,7140.00132425,0.00000000,1,1,3,1.60000000,720.00000000,3,1.60000000,720.00000000,1
11,1,860,2025,2,5,19,0,36,1140,60,3917.65502180,524.66464673,-242.73253901,9778.11481587,1284.24331282,64.61109076,2295.67538395,11159.59910030,0.00000000,13149.49490788,-38.52418808,0.00000000,10507.65894158,0.00000000,1,1,3,1.60000000,720.00000000,3,1.60000000,720.00000000,1
11,1,861,2025,2,5,20,0,36,1200,60,8378.41589794,430.00584088,289.00881548,14112.98687469,1076.71189669,72.51339734,1323.85731866,12350.40530038,0.00000000,9976.75369729,-1.68772964,0.00000000,10634.08170689,0.00000000,1,1,3,1.60000000,720.00000000,3,1.60000000,720.00000000,1
11,1,862,2025,2,5,21,0,36,1260,60,10383.64242669,638.98899825,627.49443967,16577.71253669,-336.79253609,-125.81217272,1492.43571052,19003.28102110,0.00000000,9075.57529853,137.64276135,0.00000000,12821.62149098,0.00000000,2,1,3,1.60000000,720.00000000,3,1.60000000,720.00000000,1
11,1,863,2025,2,5,22,0,36,1320,60,11847.06864582,484.33109559,-365.99667967,8242.76858855,152.49575975,264.07774751,1378.30260866,8438.16785294,0.00000000,11225.68454245,8.15321195,0.00000000,7951.68439457,0.00000000,1,1,2,1.00000000,450.00000000,2,1.00000000,450.00000000,1
11,1,864,2025,2,5,23,0,36,1380,60,8803.62619728,538.29412378,365.06712765,3814.88729755,137.74250853,101.36981403,315.25941209,9108.63256474,0.00000000,12396.36222975,21.73310699,0.00000000,7938.10662149,0.00000000,1,1,2,1.00000000,450.00000000,2,1.00000000,450.00000000,1
11,1,865,2025,2,6,0,0,37,0,60,7687.82991887,621.40540265,342.28918880,12025.93649850,73.84097961,133.35493752,773.32139285,13787.59860367,0.00000000,9679.39925716,10.88049091,0.00000000,10296.26255592,0.00000000,1,1,1,0.40000000,180.00000000,1,0.40000000,180.00000000,1
11,1,866,2025,2,6,1,0,37,60,60,7484.21323933,647.36657563,-247.45531349,7734.06979853,183.48395402,76.20360173,215.61227968,6280.45102730,0.00000000,5916.46965261,-12.58441360,0.00000000,13181.93273719,0.00000000,1,1,1,0.40000000,180.00000000,1,0.40000000,180.00000000,1
11,1,867,2025,2,6,2,0,37,120,60,11907.14744618,718.60577749,-44.28236576,6856.47570065,-64.28346796,-206.36624523,177.92676987,13806.96895093,0.00000000,14051.12197921,21.92366063,0.00000000,11608.15353575,0.00000000,1,1,1,0.40000000,180.00000000,1,0.40000000,180.00000000,1
11,1,868,2025,2,6,3,0,37,180,60,9284.52284600,546.42764771,403.39676786,12478.84595698,92.24314127,28.14626782,365.94963793,8746.80872480,0.00000000,1864.57109461,20.09757678,0.00000000,8024.21073507,0.00000000,1,1,1,0.40000000,180.00000000,1,0.40000000,180.00000000,1
11,1,869,2025,2,6,4,0,37,240,60,10417.39836384,586.36701445,-54.31838617,9105.74458114,-26.72526912,-53.50466845,826.65593487,13637.05886878,0.00000000,8479.43683131,35.92114923,0.00000000,14555.74093111,0.00000000,1,1,1,0.40000000,180.00000000,1,0.40000000,180.00000000,1
11,1,870,2025,2,6,5,0,37,300,60,11894.82339391,675.99220243,184.63682338,11111.30552794,-102.30286297,51.58000246,373.81794825,12277.17157779,0.00000000,9251.40744100,10.38541434,0.00000000,10759.17522735,0.00000000,1,1,1,0.40000000,180.00000000,1,0.40000000,180.00000000,1
11,1,871,2025,2,6,6,0,37,360,60,5165.66798858,1179.16389086,-221.51586673,10595.98333309,-23.43421497,-161.83994288,471.43126319,9379.32711711,0.00000000,7326.60103037,49.29487005,0.00000000,6598.04515486,0.00000000,1,1,1,0.40000000,180.00000000,1,0.40000000,180.00000000,1
11,1,872,2025,2,6,7,0,37,420,60,9321.38092020,599.88335496,-429.52669262,12107.23660346,-2.55857683,-178.16296338,-47.03492597,6246.75148449,0.00000000,12242.93952777,-23.60863072,0.00000000,7027.41155426,0.00000000,1,1,1,0.40000000,180.00000000,1,0.40000000,180.00000000,1
11,1,873,2025,2,6,8,0,37,480,60,12941.40226435,978.94354914,417.64694662,13308.12782447,-257.73334810,-104.49606410,1997.93298413,11455.56831483,0.00000000,4130.12671178,-21.10322180,0.00000000,13116.67022029,0.00000000,1,1,2,1.00000000,450.00000000,2,1.00000000,450.00000000,1
11,1,874,2025,2,6,9,0,37,540,60,12144.35397665,697.73331868,1360.32943923,5839.19841733,199.73978144,33.17915729,1284.40641654,5711.03750323,0.00000000,6213.15779783,24.01700916,0.00000000,8949.38145340,0.00000000,1,1,2,1.00000000,450.00000000,2,1.00000000,450.00000000,1
11,1,875,2025,2,6,10,0,37,600,60,8853.86967332,648.03668433,1433.81319506,7900.72507349,120.56569482,-32.21503044,473.43259466,11832.16628864,0.00000000,10855.01222590,-43.96881391,0.00000000,13740.13755172,0.00000000,1,1,3,1.60000000,720.00000000,3,1.60000000,720.00000000,1
11,1,876,2025,2,6,11,0,37,660,60,12764.00130751,711.14931806,978.14220176,7613.09243341,-28.32186428,609.38613860,1193.80919668,5317.67410381,0.00000000,12821.33766515,-40.50093029,0.00000000,8392.33614580,0.00000000,1,1,3,1.60000000,720.00000000,3,1.60000000,720.00000000,1
11,1,877,2025,2,6,12,0,37,720,60,7682.36922733,661.27865018,2125.65643802,10122.46633104,-53.70930877,598.80015287,1478.08052328,6400.08838607,0.00000000,14054.40963719,-0.80546921,0.00000000,13747.65283343,0.00000000,1,1,2,1.00000000,450.00000000,2,1.00000000,450.00000000,1
11,1,878,2025,2,6,13,0,37,780,60,11350.04626267,860.11820049,1864.33617104,8340.88141796,-8.38507843,836.91477529,3503.63560717,5263.40044580,0.00000000,7975.58829808,43.18351993,0.00000000,7112.66201694,0.00000000,1,1,2,1.00000000,450.00000000,2,1.00000000,450.00000000,1
11,1,879,2025,2,6,14,0,37,840,60,12827.26684958,683.40181645,1716.97422299,10153.07829854,127.50090963,473.73723498,2191.84111588,9361.41666192,0.00000000,6744.52098653,47.69499730,0.00000000,10002.26801167,0.00000000,1,1,2,1.00000000,450.00000000,2,1.00000000,450.00000000,1
11,1,880,2025,2,6,15,0,37,900,60,9796.92539135,937.94587890,914.53180185,13717.20395832,-118.41708609,361.77287821,4936.01761979,7334.30963470,0.00000000,11719.26133603,-3.95900376,0.00000000,802.51232642,0.00000000,1,1,2,1.00000000,450.00000000,2,1.00000000,450.00000000,1
11,1,881,2025,2,6,16,0,37,960,60,14233.82442044,556.12016672,930.08125872,10248.83305992,-90.51697786,29.34307489,3055.17259717,12343.97901806,0.00000000,8553.48374013,-23.80616886,0.00000000,13058.37056557,0.00000000,1,1,3,1.60000000,720.00000000,3,1.60000000,720.00000000,1
11,1,882,2025,2,6,17,0,37,1020,60,10138.40287651,449.05356527,575.70447583,8786.47363007,-27.60385807,38.36961849,3951.38234758,9169.11137232,0.00000000,3740.35625487,-3.39013855,0.00000000,9566.08823871,0.00000000,1,1,3,1.60000000,720.00000000,3,1.60000000,720.00000000,1
11,1,883,2025,2,6,18,0,37,1080,60,9071.38592204,684.40001090,-348.01175709,11136.85273835,-10.70521202,96.54667153,3181.77836103,10102.99524819,0.00000000,9971.58860706,-7.33317397,0.00000000,10603.29446306,0.00000000,1,1,3,1.60000000,720.00000000,3,1.60000000,720.00000000,1
11,1,884,2025,2,6,19,0,37,1140,60,6552.14061899,620.47263318,-576.74395879,11932.71202622,1402.94139421,45.60564698,2536.97827940,9988.61981277,0.00000000,11712.04139012,-14.30439810,0.00000000,11302.82643356,0.00000000,1,1,3,1.60000000,720.00000000,3,1.60000000,720.00000000,1
11,1,885,2025,2,6,20,0,37,1200,60,10274.80365910,599.88499094,106.98783531,9869.51160896,1115.76417093,203.37385995,-98.72568166,15976.63181455,0.00000000,9840.82127210,-13.84004839,0.00000000,6411.68976940,0.00000000,1,1,3,1.60000000,720.00000000,3,1.60000000,720.00000000,1
11,1,886,2025,2,6,21,0,37,1260,60,10930.26960517,199.96884445,376.09734012,7800.27392459,-79.02274342,-48.55181731,795.73749448,8730.53487124,0.00000000,11604.89256408,76.12617898,0.00000000,10037.52253822,0.00000000,2,1,3,1.60000000,720.00000000,3,1.60000000,720.00000000,1
11,1,887,2025,2,6,22,0,37,1320,60,12243.80250578,392.67571159,163.14536993,13349.25824161,-76.67207795,107.34899354,1181.76388833,9697.67889960,0.00000000,9099.95578498,-35.04236591,0.00000000,11890.20333784,0.00000000,1,1,2,1.00000000,450.00000000,2,1.00000000,450.00000000,1
11,1,888,2025,2,6,23,0,37,1380,60,9547.37629645,411.66824800,921.86724943,9675.80999651,56.14276794,39.29737652,676.51500884,9344.90809853,0.00000000,6118.51892805,19.69841599,0.00000000,7646.57074308,0.00000000,1,1,2,1.00000000,450.00000000,2,1.00000000,450.00000000,1
11,1,889,2025,2,7,0,0,38,0,60,6979.60104760,507.55989391,105.11537987,13242.74646119,111.48363962,-32.63279184,1221.59720691,11739.19987611,0.00000000,7806.40223134,-13.29249882,0.00000000,8976.90054783,0.00000000,1,1,1,0.40000000,180.00000000,1,0.40000000,180.00000000,1
11,1,890,2025,2,7,1,0,38,60,60,16937.14646394,416.04431967,141.89641759,10973.78733618,16.11595118,-15.89659128,733.65452235,10276.64583852,0.00000000,7623.15436260,-59.33167529,0.00000000,6960.16322427,0.00000000,1,1,1,0.40000000,180.00000000,1,0.40000000,180.00000000,1
11,1,891,2025,2,7,2,0,38,120,60,5793.85389901,609.81248714,-65.91751195,8752.86729641,-160.13157683,15.12182501,1289.30558245,10885.24492050,0.00000000,6293.50479521,60.69829349,0.00000000,2379.01834318,0.00000000,1,1,1,0.40000000,180.00000000,1,0.40000000,180.00000000,1
11,1,892,2025,2,7,3,0,38,180,60,4587.57914620,635.92924576,-116.01329610,10703.78067186,-209.67910967,105.09298685,1301.58848317,7113.06793836,0.00000000,12681.03524332,23.20873783,0.00000000,10190.60706883,0.00000000,1,1,1,0.40000000,180.00000000,1,0.40000000,180.00000000,1
11,1,893,2025,2,7,4,0,38,240,60,9093.77922268,686.43297572,-94.90812324,8516.95605180,125.17313752,15.06609409,1067.89346286,6823.59631882,0.00000000,6890.94678750,-8.98263171,0.00000000,6052.29474179,0.00000000,1,1,1,0.40000000,180.00000000,1,0.40000000,180.00000000,1
11,1,894,2025,2,7,5,0,38,300,60,10640.03244414,626.59519026,-248.85293453,10591.33176403,221.22027770,91.28651934,504.21014843,8750.89120909,0.00000000,11324.08764374,-25.58450988,0.00000000,4814.42683051,0.00000000,1,1,1,0.40000000,180.00000000,1,0.40000000,180.00000000,1
11,1,895,2025,2,7,6,0,38,360,60,11745.35489646,994.52452743,329.65240514,9355.52428564,-101.32844655,-159.12675526,758.14523561,6397.42734646,0.00000000,9268.15240253,13.94944084,0.00000000,5020.19696895,0.00000000,1,1,1,0.40000000,180.00000000,1,0.40000000,180.00000000,1
11,1,896,2025,2,7,7,0,38,420,60,7940.93076983,960.88544148,-203.91260066,7121.45047926,-250.00643896,-140.70426106,1273.37367059,15258.96973312,0.00000000,8417.61273294,-14.61818800,0.00000000,13210.91729731,0.00000000,1,1,1,0.40000000,180.00000000,1,0.40000000,180.00000000,1
11,1,897,2025,2,7,8,0,38,480,60,8127.32715609,690.68682820,612.64928879,7696.20539943,89.85487103,22.66023106,431.43889815,7206.83924951,0.00000000,12145.46299772,18.63147108,0.00000000,12217.26299089,0.00000000,1,1,2,1.00000000,450.00000000,2,1.00000000,450.00000000,1
11,1,898,2025,2,7,9,0,38,540,60,7371.77320119,775.02999382,638.28116363,8157.44259721,-231.80859890,-132.23571108,849.39141221,12468.75024513,0.00000000,5970.03882734,-7.73925666,0.00000000,10781.02745831,0.00000000,1,1,2,1.00000000,450.00000000,2,1.00000000,450.00000000,1
11,1,899,2025,2,7,10,0,38,600,60,10888.33827706,727.32302392,1273.12231311,5531.49647414,308.70910795,113.66532612,1353.24038337,12199.24070591,0.00000000,13561.61610196,-13.10458469,0.00000000,8506.74761310,0.00000000,1,1,3,1.60000000,720.00000000,3,1.60000000,720.00000000,1
11,1,900,2025,2,7,11,0,38,660,60,12271.27160763,604.87164008,1902.10650894,6271.38984026,-299.70478322,455.18635377,254.08856730,6556.43866329,0.00000000,11819.99967301,-64.17410605,0.00000000,10388.17710717,0.00000000,1,1,3,1.60000000,720.00000000,3,1.60000000,720.00000000,1
11,1,901,2025,2,7,12,0,38,720,60,9336.74799765,608.72776549,1830.78562550,5318.86160471,-122.46127770,724.32448399,685.44789638,8329.39370956,0.00000000,8828.44200651,3.14078031,0.00000000,7336.50570482,0.00000000,1,1,2,1.00000000,450.00000000,2,1.00000000,450.00000000,1
11,1,902,2025,2,7,13,0,38,780,60,3859.28999108,831.72500034,1579.07681584,5052.70758559,-84.05261165,815.81570450,3329.95210895,2520.06132854,0.00000000,11069.51475610,-38.42872986,0.00000000,10081.84875476,0.00000000,1,1,2,1.00000000,450.00000000,2,1.00000000,450.00000000,1
11,1,903,2025,2,7,14,0,38,840,60,6743.89019247,637.18706294,1098.94361652,8808.67421001,177.00495289,692.76533110,3258.58539331,7849.64197161,0.00000000,11355.90272102,-36.38072340,0.00000000,11257.85791268,0.00000000,1,1,2,1.00000000,450.00000000,2,1.00000000,450.00000000,1
11,1,904,2025,2,7,15,0,38,900,60,10490.04342037,800.61061740,1152.88704758,7405.91286483,41.69006043,518.54658606,4611.35785864,7444.51888513,0.00000000,7442.65272710,-48.93947213,0.00000000,7735.63419948,0.00000000,1,1,2,1.00000000,450.00000000,2,1.00000000,450.00000000,1
11,1,905,2025,2,7,16,0,38,960,60,9393.60593814,612.78478607,473.56711950,9509.89162656,-138.16226351,-222.31207269,3679.42450735,7278.87086171,0.00000000,11955.92488660,-8.93484779,0.00000000,6559.92706924,0.00000000,1,1,3,1.60000000,720.00000000,3,1.60000000,720.00000000,1
11,1,906,2025,2,7,17,0,38,1020,60,11950.35777171,524.68177019,864.96905976,9364.41070474,32.83352253,287.88499297,4660.56089329,10698.72089447,0.00000000,10132.14587274,19.15901817,0.00000000,8462.36477154,0.00000000,1,1,3,1.60000000,720.00000000,3,1.60000000,720.00000000,1
11,1,907,2025,2,7,18,0,38,1080,60,7328.14835217,542.28834180,-235.80851990,13828.34375452,209.61194022,-112.52720729,3185.03539704,11349.03496763,0.00000000,9756.86037954,16.58653191,0.00000000,8836.75497406,0.00000000,1,1,3,1.60000000,720.00000000,3,1.60000000,720.00000000,1
11,1,908,2025,2,7,19,0,38,1140,60,10597.74133277,644.76314647,226.23308278,7867.77302134,1264.31452421,44.86150444,3273.89904339,11595.89191442,0.00000000,11123.22757892,-31.63530449,0.00000000,12880.98881369,0.00000000,1,1,3,1.60000000,720.00000000,3,1.60000000,720.00000000,1
11,1,909,2025,2,7,20,0,38,1200,60,11989.39742407,540.13433161,269.65471998,11667.95586033,1155.02693444,89.36134570,1053.13180216,14309.05333039,0.00000000,5579.93362241,11.87332103,0.00000000,10168.67844424,0.00000000,1,1,3,1.60000000,720.00000000,3,1.60000000,720.00000000,1
11,1,910,2025,2,7,21,0,38,1260,60,8002.62596981,690.74824913,82.21331649,5330.26773331,71.90812143,8.17204393,1542.30786431,9477.68317396,0.00000000,7165.05424856,89.71359821,0.00000000,17734.71577657,0.00000000,2,1,3,1.60000000,720.00000000,3,1.60000000,720.00000000,1
11,1,911,2025,2,7,22,0,38,1320,60,13742.72343982,358.52718637,-77.97648405,11021.47410412,-167.78469586,6.97100800,1251.49696542,12051.58965446,0.00000000,9375.75029399,48.20571038,0.00000000,6706.57038655,0.00000000,1,1,2,1.00000000,450.00000000,2,1.00000000,450.00000000,1
11,1,912,2025,2,7,23,0,38,1380,60,9947.84258508,547.98416544,168.60154706,7200.07509385,-201.52114570,-177.61345811,1118.85091705,7262.66513916,0.00000000,11993.83345854,-33.41360612,0.00000000,12564.40512485,0.00000000,1,1,2,1.00000000,450.00000000,2,1.00000000,450.00000000,1
11,1,913,2025,2,8,0,0,39,0,60,11911.61988077,622.44038165,-111.95751379,4383.49839836,93.28682950,-31.66145358,1251.56037237,8096.99350314,0.00000000,9500.31533612,-16.77578005,0.00000000,11551.89057753,0.00000000,1,1,1,0.40000000,180.00000000,1,0.40000000,180.00000000,1
11,1,914,2025,2,8,1,0,39,60,60,8116.08752451,657.72003659,-199.86627078,10202.48530825,79.78374831,-6.84036713,1218.46590842,9146.49991741,0.00000000,12222.71893202,-3.15241676,0.00000000,12186.00917126,0.00000000,1,1,1,0.40000000,180.00000000,1,0.40000000,180.00000000,1
11,1,915,2025,2,8,2,0,39,120,60,16063.86193567,495.29777267,-476.28036219,8576.92711725,-232.63274979,-0.01475537,436.03782715,7992.11626559,0.00000000,9883.62233622,-29.25124316,0.00000000,7377.21926670,0.00000000,1,1,1,0.40000000,180.00000000,1,0.40000000,180.00000000,1
11,1,916,2025,2,8,3,0,39,180,60,2645.11368591,574.26098077,698.64361888,4553.95712749,-92.60827681,-52.87589134,1294.35471227,5571.89812578,0.00000000,9102.04588709,-13.58604894,0.00000000,12735.85426732,0.00000000,1,1,1,0.40000000,180.00000000,1,0.40000000,180.00000000,1
11,1,917,2025,2,8,4,0,39,240,60,12014.92078070,659.56455330,-35.23578185,12039.87861938,95.88314109,-49.90781912,-42.95186806,7918.73992510,0.00000000,12873.48110083,-69.72444872,0.00000000,9583.52509137,0.00000000,1,1,1,0.40000000,180.00000000,1,0.40000000,180.00000000,1
11,1,918,2025,2,8,5,0,39,300,60,13081.95990773,567.31788573,-228.55190144,12046.40062945,104.20766441,-125.40505099,561.51449654,6570.02665779,0.00000000,12383.39614787,9.65566859,0.00000000,9947.57409001,0.00000000,1,1,1,0.40000000,180.00000000,1,0.40000000,180.00000000,1
11,1,919,2025,2,8,6,0,39,360,60,8955.57331596,612.93178350,36.55787585,11095.78390553,-115.64565445,152.69139813,-219.95284548,10680.51714914,0.00000000,12801.32334560,34.27176295,0.00000000,7282.56241550,0.00000000,1,1,1,0.40000000,180.00000000,1,0.40000000,180.00000000,1
11,1,920,2025,2,8,7,0,39,420,60,12137.64277709,579.31657809,-3.41138408,7844.13844362,107.96733370,18.85460616,-529.76812202,4432.11416360,0.00000000,14475.32074021,6.00467809,0.00000000,13060.01493098,0.00000000,1,1,1,0.40000000,180.00000000,1,0.40000000,180.00000000,1
11,1,921,2025,2,8,8,0,39,480,60,13192.53720688,583.02881857,247.00428376,7615.94557038,-61.73830552,-44.34253365,626.82784139,9580.21588552,0.00000000,13754.97621155,15.64186047,0.00000000,8150.40834374,0.00000000,1,1,2,1.00000000,450.00000000,2,1.00000000,450.00000000,1
11,1,922,2025,2,8,9,0,39,540,60,11511.18256793,637.59527521,1325.70825078,6870.85086623,92.49995728,-77.39621556,1814.47723494,12104.44550626,0.00000000,8349.85745884,7.89130789,0.00000000,8268.68439158,0.00000000,1,1,2,1.00000000,450.00000000,2,1.00000000,450.00000000,1
11,1,923,2025,2,8,10,0,39,600,60,10802.04575723,563.50143447,1420.64683259,7985.31220702,38.36838097,43.14844064,611.27644542,9776.67512352,0.00000000,1653.43465161,-20.05808496,0.00000000,10310.69897604,0.00000000,1,1,3,1.60000000,720.00000000,3,1.60000000,720.00000000,1
11,1,924,2025,2,8,11,0,39,660,60,8885.44766842,519.30058470,1946.90040028,3943.50447138,154.37936103,478.89714562,2186.24779014,4266.15506198,0.00000000,7230.33957077,-50.68292120,0.00000000,10662.97614000,0.00000000,1,1,3,1.60000000,720.00000000,3,1.60000000,720.00000000,1
14,1,4478,2025,7,6,13,0,187,780,60,6243.33783325,-8.06205576,2611.22771058,4133.85180266,109.16257060,943.44372302,3074.80562924,6802.77385005,0.00000000,6893.49279525,-35.87471210,0.00000000,8048.31935611,0.00000000,1,3,4,1.92000000,864.00000000,3,1.60000000,720.00000000,2
14,1,4479,2025,7,6,14,0,187,840,60,7365.46905682,188.00156778,2218.58935267,7335.00513698,64.33422909,783.25159113,4456.92501532,8056.26782731,0.00000000,7746.03360791,-39.92542199,0.00000000,10913.90427305,0.00000000,1,3,3,1.60000000,720.00000000,3,1.60000000,720.00000000,2
14,1,4480,2025,7,6,15,0,187,900,60,9254.43108778,189.78054452,1745.25207928,5074.73315884,-70.26304964,724.74053848,4339.56622589,4912.21750328,0.00000000,11506.25294195,8.19604730,0.00000000,9771.28667146,0.00000000,1,3,3,1.60000000,720.00000000,3,1.60000000,720.00000000,2
14,1,4481,2025,7,6,16,0,187,960,60,7181.52477416,-18.45757336,1882.45719959,4663.87932378,-17.29457657,-11.96177262,4993.52790552,11713.93771370,0.00000000,8993.72595646,-46.62014704,0.00000000,9353.92703408,0.00000000,1,3,3,1.60000000,720.00000000,3,1.60000000,720.00000000,2
14,1,4482,2025,7,6,17,0,187,1020,60,7717.53175872,11.71864610,834.53365069,8402.88624856,-157.74075545,-14.39076665,4437.28218649,8716.51850863,0.00000000,7997.63202909,-35.01180527,0.00000000,13709.89151202,0.00000000,1,3,3,1.60000000,720.00000000,3,1.60000000,720.00000000,2
14,1,4483,2025,7,6,18,0,187,1080,60,10751.77285854,390.37644402,854.96837449,7023.93478329,204.90298626,4.54573038,4839.99760812,7788.44010509,0.00000000,8732.24252701,-3.35961551,0.00000000,785.98533882,0.00000000,1,3,2,1.00000000,450.00000000,2,1.00000000,450.00000000,2
14,1,4484,2025,7,6,19,0,187,1140,60,12396.81181181,-32.22938114,243.42830186,4795.91605707,1242.48860025,-56.85247041,3877.86893876,11713.18203896,0.00000000,12841.07383310,17.42305649,0.00000000,10175.78620048,0.00000000,1,3,2,1.00000000,450.00000000,2,1.00000000,450.00000000,2
14,1,4485,2025,7,6,20,0,187,1200,60,11865.98916132,63.36426527,348.28849167,13077.00744566,1046.76907823,4.47907188,2804.57513559,10586.12233096,0.00000000,9025.46140003,-5.38074407,0.00000000,11155.97416500,0.00000000,1,3,3,1.60000000,720.00000000,3,1.60000000,720.00000000,2
14,1,4486,2025,7,6,21,0,187,1260,60,14587.03492780,128.12859683,142.89480267,8888.30243497,1402.33650513,174.04470713,-375.64139775,10164.17154714,0.00000000,7216.91927260,-41.35627752,0.00000000,10913.87466162,0.00000000,1,3,4,1.92000000,864.00000000,3,1.60000000,720.00000000,2
14,1,4487,2025,7,6,22,0,187,1320,60,5010.93641500,158.38103870,-239.44047949,6413.73162281,-164.03011846,170.51367605,453.89803137,8142.20846274,0.00000000,10732.73868619,31.32932450,0.00000000,5688.07830065,0.00000000,1,3,4,1.92000000,864.00000000,3,1.60000000,720.00000000,2
14,1,4488,2025,7,6,23,0,187,1380,60,14654.33894485,87.96154553,241.62011038,15105.53915271,11.69733257,-127.87086233,1432.79392646,11279.62671189,0.00000000,6189.24088545,28.99393813,0.00000000,9787.32444150,0.00000000,1,3,2,1.00000000,450.00000000,2,1.00000000,450.00000000,2
14,1,4489,2025,7,7,0,0,188,0,60,7036.59127705,258.96027766,441.53658753,10557.79938041,95.98358824,18.35747084,669.62003773,13393.59740990,0.00000000,8139.53778486,6.64262875,0.00000000,2825.13368793,0.00000000,1,3,2,1.00000000,450.00000000,2,1.00000000,450.00000000,2
14,1,4490,2025,7,7,1,0,188,60,60,13247.33835292,-6.44033253,-291.97370093,8306.85278407,156.97061741,-41.08898520,1025.03180896,9439.52875491,0.00000000,9551.30128084,7.59559415,0.00000000,6563.45480660,0.00000000,1,3,1,0.40000000,180.00000000,1,0.40000000,180.00000000,2
14,1,4491,2025,7,7,2,0,188,120,60,7682.42470993,348.93529284,-338.34476290,10374.51547253,-142.91571146,-33.25675978,1168.92456370,11649.73474423,0.00000000,11674.98004537,-27.83731677,0.00000000,3289.83254098,0.00000000,1,3,1,0.40000000,180.00000000,1,0.40000000,180.00000000,2
14,1,4492,2025,7,7,3,0,188,180,60,8088.83402625,254.96876097,176.83790770,6586.57367842,-213.68639921,-346.05731899,1187.30233498,5720.57236729,0.00000000,9120.04123794,0.01633373,0.00000000,10293.25788624,0.00000000,1,3,1,0.40000000,180.00000000,1,0.40000000,180.00000000,2
14,1,4493,2025,7,7,4,0,188,240,60,9762.77694862,148.54677984,-176.94653063,7487.96972162,15.07873032,58.24003292,795.76069514,9546.06769892,0.00000000,4782.26745818,18.35607741,0.00000000,11012.68941242,0.00000000,1,3,1,0.40000000,180.00000000,1,0.40000000,180.00000000,2
14,1,4494,2025,7,7,5,0,188,300,60,14259.86781808,163.20182937,-134.42447802,7519.36890844,-64.42587878,14.32340745,378.75952237,6080.81701982,0.00000000,5524.03393893,66.65669664,0.00000000,7173.55678616,0.00000000,1,3,1,0.40000000,180.00000000,1,0.40000000,180.00000000,2
14,1,4495,2025,7,7,6,0,188,360,60,9310.67125851,146.30275856,724.74306619,11849.96445054,-41.82730388,-149.19552711,364.43205951,5916.45249666,0.00000000,10588.71022705,-8.28381805,0.00000000,12321.20395381,0.00000000,1,3,1,0.40000000,180.00000000,1,0.40000000,180.00000000,2
14,1,4496,2025,7,7,7,0,188,420,60,15746.32301153,77.71959362,1279.63236495,6296.78718389,-272.83384165,44.10758665,104.27540579,13572.66108303,0.00000000,11898.79006147,-4.97415186,0.00000000,13936.68114642,0.00000000,1,3,2,1.00000000,450.00000000,2,1.00000000,450.00000000,2
14,1,4497,2025,7,7,8,0,188,480,60,5883.52125016,167.37551752,1116.73304689,3504.61436111,247.45592739,-90.38314452,1601.70186120,7282.70214705,0.00000000,7402.92567992,14.23051434,0.00000000,5635.93883474,0.00000000,1,3,2,1.00000000,450.00000000,2,1.00000000,450.00000000,2
14,1,4498,2025,7,7,9,0,188,540,60,9014.94287366,491.41971727,2286.32324325,11302.63222770,17.16966556,-40.45536287,-14.74490937,1388.91230682,0.00000000,9496.52856885,42.82132444,0.00000000,6697.56768416,0.00000000,1,3,2,1.00000000,450.00000000,2,1.00000000,450.00000000,2
14,1,4499,2025,7,7,10,0,188,600,60,17706.97206396,280.27431771,2630.34865308,7697.15171849,11.98664940,-17.14133103,1409.89400421,5292.81578726,0.00000000,10704.95297873,54.53306913,0.00000000,15694.23178938,0.00000000,1,3,2,1.00000000,450.00000000,2,1.00000000,450.00000000,2
14,1,4500,2025,7,7,11,0,188,660,60,5197.57863271,295.97325802,2520.24797976,6720.45180031,14.56786789,1056.26755895,1962.07196349,9702.46722839,0.00000000,7427.36521577,36.15247512,0.00000000,14175.33856622,0.00000000,1,3,3,1.60000000,720.00000000,3,1.60000000,720.00000000,2
14,1,4501,2025,7,7,12,0,188,720,60,6022.01873595,288.41599336,2803.97755104,3891.74823923,120.24452494,1064.63490186,2207.53966505,8956.21753667,0.00000000,8478.13144473,26.72522847,0.00000000,10250.91165877,0.00000000,1,3,3,1.60000000,720.00000000,3,1.60000000,720.00000000,2
14,1,4502,2025,7,7,13,0,188,780,60,11340.88819063,358.30628413,2549.96877853,5258.96575736,-41.09920590,844.70375507,4936.49517480,9541.49845177,0.00000000,9472.65859260,13.49165517,0.00000000,11607.04722936,0.00000000,1,3,4,1.92000000,864.00000000,3,1.60000000,720.00000000,2
14,1,4503,2025,7,7,14,0,188,840,60,9882.19554487,224.14168140,2659.43708945,13207.04562843,109.85697153,902.36261184,4018.81314307,3118.78558944,0.00000000,10238.26718831,36.66097998,0.00000000,4510.60308689,0.00000000,1,3,3,1.60000000,720.00000000,3,1.60000000,720.00000000,2
14,1,4504,2025,7,7,15,0,188,900,60,9649.61170753,-16.11606594,1706.17698630,11242.65173449,149.64571901,679.27802146,5272.81736233,5088.90760624,0.00000000,4925.25646576,-7.49000385,0.00000000,8262.64815252,0.00000000,1,3,3,1.60000000,720.00000000,3,1.60000000,720.00000000,2
14,1,4505,2025,7,7,16,0,188,960,60,12521.10864952,291.40372320,1261.01220769,5308.97373383,146.01175584,26.51420538,3943.11341447,6442.94469207,0.00000000,7337.59489575,-21.26552926,0.00000000,8355.87856600,0.00000000,1,3,3,1.60000000,720.00000000,3,1.60000000,720.00000000,2
14,1,4506,2025,7,7,17,0,188,1020,60,8591.15952114,273.07202394,1185.64251817,9172.47528052,-66.03762011,-32.05350768,4537.49712179,8400.74855655,0.00000000,9420.46772849,35.73761498,0.00000000,3867.46050417,0.00000000,1,3,3,1.60000000,720.00000000,3,1.60000000,720.00000000,2
14,1,4507,2025,7,7,18,0,188,1080,60,5791.89529771,372.67968686,275.07787654,4480.25636046,-125.92374653,47.58149890,3666.78294248,8749.80864670,0.00000000,7957.26323977,41.58320179,0.00000000,7928.73771000,0.00000000,1,3,2,1.00000000,450.00000000,2,1.00000000,450.00000000,2
14,1,4508,2025,7,7,19,0,188,1140,60,12157.67448798,104.64705718,-80.79579741,5054.94416660,1202.52396856,91.87662653,4675.40033736,12336.45260623,0.00000000,14767.74911699,20.64405901,0.00000000,10426.83526584,0.00000000,1,3,2,1.00000000,450.00000000,2,1.00000000,450.00000000,2
14,1,4509,2025,7,7,20,0,188,1200,60,9446.77086273,-86.52746737,-121.28469779,8272.70637704,1015.64719802,-147.58180568,1316.88257151,2823.14941131,0.00000000,10627.44024425,-25.83813726,0.00000000,2868.18346540,0.00000000,1,3,3,1.60000000,720.00000000,3,1.60000000,720.00000000,2
14,1,4510,2025,7,7,21,0,188,1260,60,7976.36916968,157.96045286,-36.54866716,7426.12929065,1148.21123346,108.92628952,734.02040656,6788.15522692,0.00000000,12574.06271294,26.29820776,0.00000000,11260.29411786,0.00000000,1,3,4,1.92000000,864.00000000,3,1.60000000,720.00000000,2
14,1,4511,2025,7,7,22,0,188,1320,60,12149.90230225,413.66295731,56.61918512,9294.54356941,-95.38434432,108.37823197,671.14437200,5735.53745805,0.00000000,7869.53315181,13.09916895,0.00000000,7245.90132243,0.00000000,1,3,4,1.92000000,864.00000000,3,1.60000000,720.00000000,2
14,1,4512,2025,7,7,23,0,188,1380,60,6951.70495015,255.32044625,-323.79433014,5381.95676861,-12.36702271,45.53222103,1911.31447674,8287.71685113,0.00000000,9038.81474986,-51.80025689,0.00000000,9489.30325844,0.00000000,1,3,2,1.00000000,450.00000000,2,1.00000000,450.00000000,2
14,1,4513,2025,7,8,0,0,189,0,60,11417.99584526,181.32443956,219.88488758,12647.37077259,231.41754673,-45.80178481,1159.90034648,11762.35867948,0.00000000,10668.19659442,26.26296171,0.00000000,14098.27181818,0.00000000,1,3,2,1.00000000,450.00000000,2,1.00000000,450.00000000,2
14,1,4514,2025,7,8,1,0,189,60,60,8316.43952303,346.46932889,-551.60589099,10089.31119910,57.39280638,-49.87447166,458.68146746,5752.40821723,0.00000000,7841.31696545,-19.24991730,0.00000000,8625.50257978,0.00000000,1,3,1,0.40000000,180.00000000,1,0.40000000,180.00000000,2
14,1,4515,2025,7,8,2,0,189,120,60,5132.84124404,183.73729404,-429.08471529,13973.55635891,-102.63375753,74.11682689,463.28192362,11114.02530707,0.00000000,4434.55955336,-3.24570180,0.00000000,7925.34659075,0.00000000,1,3,1,0.40000000,180.00000000,1,0.40000000,180.00000000,2
14,1,4516,2025,7,8,3,0,189,180,60,9296.72220062,248.90476717,-557.85896654,9633.68464367,45.41196371,-138.85662718,-836.40469022,12965.29097210,0.00000000,10192.02169964,-23.85168985,0.00000000,10473.24427878,0.00000000,1,3,1,0.40000000,180.00000000,1,0.40000000,180.00000000,2
14,1,4517,2025,7,8,4,0,189,240,60,10296.09088424,233.05037799,-512.13504963,8484.66083610,148.08305258,-112.20844233,-64.84770995,9365.17322947,0.00000000,8389.86949967,-19.53203324,0.00000000,3677.97292037,0.00000000,1,3,1,0.40000000,180.00000000,1,0.40000000,180.00000000,2
14,1,4518,2025,7,8,5,0,189,300,60,7806.35506241,261.79342611,-222.44165624,9989.48250586,123.28679523,-59.53124774,-76.68841764,6743.38199898,0.00000000,6728.28104539,-38.41428680,0.00000000,9864.93001681,0.00000000,1,3,1,0.40000000,180.00000000,1,0.40000000,180.00000000,2
14,1,4519,2025,7,8,6,0,189,360,60,13592.38837900,88.10040572,520.38466142,11835.30493895,54.52740306,171.96203334,975.82683392,5090.19996986,0.00000000,7618.45690967,-52.24477075,0.00000000,6850.97387241,0.00000000,1,3,1,0.40000000,180.00000000,1,0.40000000,180.00000000,2
14,1,4520,2025,7,8,7,0,189,420,60,9399.20651377,210.84431971,1180.04783191,13355.34349641,-92.97455821,-28.49323960,406.46569898,12028.18189853,0.00000000,4511.57014980,-22.09224061,0.00000000,5067.19354911,0.00000000,1,3,2,1.00000000,450.00000000,2,1.00000000,450.00000000,2
14,1,4521,2025,7,8,8,0,189,480,60,5176.05002876,346.11713370,1399.50489112,5843.15375611,127.52441550,21.38686497,863.61396463,8029.32612916,0.00000000,10042.50526835,35.11189515,0.00000000,11931.94212604,0.00000000,1,3,2,1.00000000,450.00000000,2,1.00000000,450.00000000,2
14,1,4522,2025,7,8,9,0,189,540,60,7428.27717400,234.42336611,1890.27859824,7178.39288507,-164.13524554,-5.13241347,660.15083946,6198.46032027,0.00000000,4543.72970553,19.90818756,0.00000000,6438.46000838,0.00000000,1,3,2,1.00000000,450.00000000,2,1.00000000,450.00000000,2
14,1,4523,2025,7,8,10,0,189,600,60,10568.18962593,264.38314529,2685.53050452,10112.82010607,-235.43290710,-10.07747504,379.78884786,3676.93104810,0.00000000,12029.68998994,-51.29820538,0.00000000,8327.94448505,0.00000000,1,3,2,1.00000000,450.00000000,2,1.00000000,450.00000000,2
14,1,4524,2025,7,8,11,0,189,660,60,5332.67322741,300.72983983,2697.94919970,9022.97358268,-153.56692288,1161.60901603,2079.75437282,3828.12126204,0.00000000,7366.38093813,-5.45142777,0.00000000,10037.51826954,0.00000000,1,3,3,1.60000000,720.00000000,3,1.60000000,720.00000000,2
14,1,4525,2025,7,8,12,0,189,720,60,11781.41879782,345.29792477,3097.91836467,12595.76406619,-220.89573489,940.73022374,2515.67231985,11317.07281011,0.00000000,10523.72182290,-3.00383955,0.00000000,10482.11716872,0.00000000,1,3,3,1.60000000,720.00000000,3,1.60000000,720.00000000,2
14,1,4526,2025,7,8,13,0,189,780,60,15311.33671939,142.04464094,2705.59443151,10017.06388710,-221.35383240,1014.01381633,2087.47236599,7834.26466754,0.00000000,8755.37267745,43.81702999,0.00000000,8537.69488829,0.00000000,1,3,4,1.92000000,864.00000000,3,1.60000000,720.00000000,2
14,1,4527,2025,7,8,14,0,189,840,60,10669.67832082,647.59544221,2444.10664160,8479.37306565,97.06576522,813.42143992,5239.90404133,11787.79742768,0.00000000,12344.23745171,7.29957641,0.00000000,9140.27273885,0.00000000,1,3,3,1.60000000,720.00000000,3,1.60000000,720.00000000,2
14,1,4528,2025,7,8,15,0,189,900,60,9840.77506781,473.80414235,1914.66919454,11347.29989872,-64.92257499,806.04389535,4688.38870518,8883.59880122,0.00000000,5370.24385187,-27.24845070,0.00000000,8950.41817774,0.00000000,1,3,3,1.60000000,720.00000000,3,1.60000000,720.00000000,2
14,1,4529,2025,7,8,16,0,189,960,60,14915.53589002,290.25224032,1259.73991369,7610.91482242,-102.98859040,-90.70961071,4649.80357416,11005.21664702,0.00000000,7540.04275303,-28.97513334,0.00000000,5830.17436203,0.00000000,1,3,3,1.60000000,720.00000000,3,1.60000000,720.00000000,2
14,1,4530,2025,7,8,17,0,189,1020,60,9426.21119766,380.76938540,666.20492156,8115.56764747,59.62799910,19.00268651,4995.52218873,5916.15761467,0.00000000,8841.16350368,-14.15250661,0.00000000,6794.80490331,0.00000000,1,3,3,1.60000000,720.00000000,3,1.60000000,720.00000000,2
14,1,4531,2025,7,8,18,0,189,1080,60,7942.50963232,172.41955346,260.88290237,11498.02759380,-19.80984331,64.57687391,4323.80685026,10219.62514848,0.00000000,8163.35165490,-30.28144064,0.00000000,13722.75005522,0.00000000,1,3,2,1.00000000,450.00000000,2,1.00000000,450.00000000,2
14,1,4532,2025,7,8,19,0,189,1140,60,7813.46544109,381.64910293,-403.62216512,7479.04210076,1139.03913717,2.68209139,2644.18049674,6806.85715894,0.00000000,13719.00034959,28.38375736,0.00000000,9002.32968915,0.00000000,1,3,2,1.00000000,450.00000000,2,1.00000000,450.00000000,2
14,1,4533,2025,7,8,20,0,189,1200,60,9355.28229572,404.93625289,-700.48908190,12611.19204687,1167.13169032,-47.72985930,1290.36442701,13368.19308432,0.00000000,10642.23495330,58.92517064,0.00000000,9558.33942538,0.00000000,1,3,3,1.60000000,720.00000000,3,1.60000000,720.00000000,2
14,1,4534,2025,7,8,21,0,189,1260,60,8813.83634147,341.72830232,14.58887321,9578.05133389,1141.45201683,31.33009750,1175.34757953,12641.32593262,0.00000000,11368.90206408,0.71416403,0.00000000,12793.06955379,0.00000000,1,3,4,1.92000000,864.00000000,3,1.60000000,720.00000000,2
14,1,4535,2025,7,8,22,0,189,1320,60,16785.11478024,226.19767309,533.35150955,9118.62476446,4.16641696,-99.47320338,1504.88583625,4146.97561676,0.00000000,4802.32972114,14.50089883,0.00000000,8277.70409364,0.00000000,1,3,4,1.92000000,864.00000000,3,1.60000000,720.00000000,2
14,1,4536,2025,7,8,23,0,189,1380,60,9258.95540319,456.93585242,-166.74122286,6648.32460432,85.54983341,-108.91561379,236.05962204,4830.43248188,0.00000000,13527.25627458,10.32386106,0.00000000,9637.47029179,0.00000000,1,3,2,1.00000000,450.00000000,2,1.00000000,450.00000000,2
14,1,4537,2025,7,9,0,0,190,0,60,5869.65417056,504.69995592,471.14818264,8074.50379799,126.13984456,191.07430878,-234.63907390,7854.53174113,0.00000000,8379.69723771,7.77397839,0.00000000,9392.77861350,0.00000000,1,3,2,1.00000000,450.00000000,2,1.00000000,450.00000000,2
14,1,4538,2025,7,9,1,0,190,60,60,8044.95491622,400.00045564,-302.51279992,4552.13575270,112.50121007,-49.28214782,1595.72829467,5213.71314851,0.00000000,11293.26423438,-23.83925256,0.00000000,9349.48331135,0.00000000,1,3,1,0.40000000,180.00000000,1,0.40000000,180.00000000,2
14,1,4539,2025,7,9,2,0,190,120,60,6021.56899276,166.24753526,-485.79001917,13104.33881634,41.06330906,-18.14709448,-226.97229355,3608.36286439,0.00000000,12025.19414855,50.14536028,0.00000000,10304.36731324,0.00000000,1,3,1,0.40000000,180.00000000,1,0.40000000,180.00000000,2
14,1,4540,2025,7,9,3,0,190,180,60,13922.06351363,220.04284932,-399.08808377,6139.59121351,67.88823763,-110.72115751,595.81709123,6636.07040716,0.00000000,889.07078587,25.03081272,0.00000000,10997.81014685,0.00000000,1,3,1,0.40000000,180.00000000,1,0.40000000,180.00000000,2
14,1,4541,2025,7,9,4,0,190,240,60,12780.99686564,291.61363928,374.09830246,14098.69961492,-33.45334114,-274.13663899,1139.73062188,9689.02004792,0.00000000,4182.01549419,23.40305470,0.00000000,5780.69398012,0.00000000,1,3,1,0.40000000,180.00000000,1,0.40000000,180.00000000,2
14,1,4542,2025,7,9,5,0,190,300,60,6156.63455956,426.98823188,591.11374964,12862.24599690,-172.73975205,16.05267332,322.40597088,9681.91371733,0.00000000,5166.82986096,17.75966210,0.00000000,9946.05144603,0.00000000,1,3,1,0.40000000,180.00000000,1,0.40000000,180.00000000,2
14,1,4543,2025,7,9,6,0,190,360,60,11521.18882840,602.00103742,402.99893902,9010.88721549,9.43182537,-79.03163653,-656.64361399,8663.92410961,0.00000000,2298.81518775,17.31152565,0.00000000,12816.81559522,0.00000000,1,3,1,0.40000000,180.00000000,1,0.40000000,180.00000000,2
14,1,4544,2025,7,9,7,0,190,420,60,6927.95171089,299.54828610,719.40153153,9179.23634234,52.52016579,138.39729853,1307.74884282,5880.61507167,0.00000000,7526.47580916,8.65970926,0.00000000,10518.61801965,0.00000000,1,3,2,1.00000000,450.00000000,2,1.00000000,450.00000000,2
14,1,4545,2025,7,9,8,0,190,480,60,9482.27782922,485.21703849,1360.54967144,6112.22867382,81.46239392,-146.76768220,105.44870493,5191.22167952,0.00000000,14209.75037065,-32.13143780,0.00000000,9596.32013784,0.00000000,1,3,2,1.00000000,450.00000000,2,1.00000000,450.00000000,2
14,1,4546,2025,7,9,9,0,190,540,60,9047.04370717,437.19896433,1696.43167330,7314.25589513,-157.79170926,-90.09791150,590.76669096,1761.37246642,0.00000000,11568.92702449,1.76814829,0.00000000,7756.90922125,0.00000000,1,3,2,1.00000000,450.00000000,2,1.00000000,450.00000000,2
14,1,4547,2025,7,9,10,0,190,600,60,8466.62394756,422.45831327,2802.22416712,8742.96087456,50.69853845,104.64493801,806.72605060,6130.64275196,0.00000000,13120.53925769,-10.26734052,0.00000000,15844.65985722,0.00000000,1,3,2,1.00000000,450.00000000,2,1.00000000,450.00000000,2
14,1,4548,2025,7,9,11,0,190,660,60,6656.35630738,528.13791849,3078.66751139,13089.38969825,123.08980422,1006.57022912,-7.57287615,5836.50353397,0.00000000,7457.84881816,23.85507428,0.00000000,8925.27176629,0.00000000,1,3,3,1.60000000,720.00000000,3,1.60000000,720.00000000,2
14,1,4549,2025,7,9,12,0,190,720,60,7494.75949654,431.92185440,2967.84659854,5175.77464064,130.60873137,939.50436184,3618.54773918,12845.90492667,0.00000000,9992.35227524,41.60774631,0.00000000,12339.96458413,0.00000000,1,3,3,1.60000000,720.00000000,3,1.60000000,720.00000000,2
14,1,4550,2025,7,9,13,0,190,780,60,2346.00142319,420.72193101,2552.52943431,6218.84421549,48.22611370,1002.30981254,3394.85642608,7249.34792116,0.00000000,14166.07177803,-59.43081221,0.00000000,7960.59125300,0.00000000,1,3,4,1.92000000,864.00000000,3,1.60000000,720.00000000,2
14,1,4551,2025,7,9,14,0,190,840,60,8841.09143794,521.13027687,2816.54843028,7996.86227560,-245.55195852,786.18493712,3539.00324195,5211.71138462,0.00000000,7766.69952259,-66.66087241,0.00000000,9468.99713903,0.00000000,1,3,3,1.60000000,720.00000000,3,1.60000000,720.00000000,2
14,1,4552,2025,7,9,15,0,190,900,60,10497.20597062,297.94356053,1848.52800884,6799.78961773,-28.40419297,877.48804900,4171.68749118,11651.85361897,0.00000000,8885.43799243,25.70925178,0.00000000,6984.20938901,0.00000000,1,3,3,1.60000000,720.00000000,3,1.60000000,720.00000000,2
14,1,4553,2025,7,9,16,0,190,960,60,12881.57073422,645.00731082,1486.05456318,2963.60212453,-197.58266861,-67.53707401,5380.83510499,5369.44339452,0.00000000,9855.99398072,29.94794396,0.00000000,8035.90037147,0.00000000,1,3,3,1.60000000,720.00000000,3,1.60000000,720.00000000,2
14,1,4554,2025,7,9,17,0,190,1020,60,10566.17850798,454.48398895,599.10487081,3649.36161051,-22.16021275,31.37424937,4720.87478965,4807.38574320,0.00000000,10066.68084247,8.80159395,0.00000000,7826.50777915,0.00000000,1,3,3,1.60000000,720.00000000,3,1.60000000,720.00000000,2
14,1,4555,2025,7,9,18,0,190,1080,60,9635.38346016,346.87414940,655.56153774,3350.74909769,4.86382523,-118.90387324,3640.41271331,5844.84780661,0.00000000,6052.53748626,17.53022058,0.00000000,11018.77272871,0.00000000,1,3,2,1.00000000,450.00000000,2,1.00000000,450.00000000,2
14,1,4556,2025,7,9,19,0,190,1140,60,13688.08488802,340.32283466,234.73633864,8741.26660448,1214.26257887,24.84448320,3468.90827201,10310.24537330,0.00000000,4562.25312531,-53.56244999,0.00000000,5660.14260454,0.00000000,1,3,2,1.00000000,450.00000000,2,1.00000000,450.00000000,2
14,1,4557,2025,7,9,20,0,190,1200,60,8851.40744058,443.31921148,544.81375927,8695.73686859,1077.77181951,-62.72039964,1772.47494861,9803.68489169,0.00000000,12101.54884323,19.74991991,0.00000000,10585.37431445,0.00000000,1,3,3,1.60000000,720.00000000,3,1.60000000,720.00000000,2
14,1,4558,2025,7,9,21,0,190,1260,60,13290.48417369,485.90183530,-88.45872258,8605.74291619,1202.48859728,257.34103434,-748.74184043,8737.20602112,0.00000000,12333.48568112,-20.81829623,0.00000000,11819.16649586,0.00000000,1,3,4,1.92000000,864.00000000,3,1.60000000,720.00000000,2
14,1,4559,2025,7,9,22,0,190,1320,60,9194.96812451,443.42785268,-588.17943316,11236.04230706,66.87788450,-144.41359764,212.52227772,9217.46181784,0.00000000,17352.43402217,-23.85283586,0.00000000,8474.75094876,0.00000000,1,3,4,1.92000000,864.00000000,3,1.60000000,720.00000000,2
14,1,4560,2025,7,9,23,0,190,1380,60,8202.27096568,538.63629339,304.54991380,11404.10685124,-55.98506519,-66.35502366,1438.67784235,6732.42768027,0.00000000,3927.09180512,12.92966025,0.00000000,9756.02007868,0.00000000,1,3,2,1.00000000,450.00000000,2,1.00000000,450.00000000,2
14,1,4561,2025,7,10,0,0,191,0,60,11526.67364893,-5.54259486,86.36744700,4635.08640146,-161.14243533,4.20528229,-566.22320917,9138.75742134,0.00000000,5079.23036749,-16.32302709,0.00000000,6610.77918022,0.00000000,1,3,2,1.00000000,450.00000000,2,1.00000000,450.00000000,2
14,1,4562,2025,7,10,1,0,191,60,60,11373.46512278,132.51879768,-293.08162569,3345.12149417,-100.14651669,69.27223509,1194.52039455,11613.62586100,0.00000000,16137.10433625,-12.04724017,0.00000000,8689.27542278,0.00000000,1,3,1,0.40000000,180.00000000,1,0.40000000,180.00000000,2
14,1,4563,2025,7,10,2,0,191,120,60,4913.43438854,293.68733453,240.49970223,4748.47628554,-3.39316381,-143.57366313,-198.99988932,9660.69652240,0.00000000,8585.90128568,-53.07267382,0.00000000,11091.87992455,0.00000000,1,3,1,0.40000000,180.00000000,1,0.40000000,180.00000000,2
14,1,4564,2025,7,10,3,0,191,180,60,8391.81714750,146.06145253,-178.89581328,9086.43003656,48.43707568,-119.09473373,-848.20724489,12529.39239200,0.00000000,12454.59653870,-7.78746725,0.00000000,11450.05484759,0.00000000,1,3,1,0.40000000,180.00000000,1,0.40000000,180.00000000,2
14,1,4565,2025,7,10,4,0,191,240,60,8713.98499894,666.51908765,211.68670182,6692.53432503,161.19469624,-48.02890890,-1662.88814304,11559.60577304,0.00000000,6253.92277664,-12.28110317,0.00000000,4225.97614356,0.00000000,1,3,1,0.40000000,180.00000000,1,0.40000000,180.00000000,2
14,1,4566,2025,7,10,5,0,191,300,60,9916.61438015,371.91312345,-221.60140721,12105.95090110,122.37310483,-130.68659456,-894.14599560,8349.71491873,0.00000000,7414.99221746,0.81727692,0.00000000,7929.20788913,0.00000000,1,3,1,0.40000000,180.00000000,1,0.40000000,180.00000000,2
14,1,4567,2025,7,10,6,0,191,360,60,4417.35871537,449.49187550,-171.63815948,7239.04915732,283.29146745,191.51079728,-534.50458132,10020.31985022,0.00000000,13267.80244455,1.34884171,0.00000000,4390.71734460,0.00000000,1,3,1,0.40000000,180.00000000,1,0.40000000,180.00000000,2
14,1,4568,2025,7,10,7,0,191,420,60,9016.80630257,547.32162568,783.65208531,5488.73043258,-162.70026553,181.60706250,-470.76016378,10608.35182782,0.00000000,8938.68886313,7.62553894,0.00000000,5839.38065924,0.00000000,1,3,2,1.00000000,450.00000000,2,1.00000000,450.00000000,2
14,1,4569,2025,7,10,8,0,191,480,60,11139.89575848,211.75600451,1491.63235297,7831.74454209,-88.06848790,-9.70126884,613.76555012,8010.96880261,0.00000000,10314.93635420,-40.92785193,0.00000000,17206.27634390,0.00000000,1,3,2,1.00000000,450.00000000,2,1.00000000,450.00000000,2
14,1,4570,2025,7,10,9,0,191,540,60,7944.73329234,297.85417005,1921.08997717,6635.37763978,178.96053813,-10.25368301,-216.85945249,8998.58035521,0.00000000,11081.79759729,-42.57978053,0.00000000,9608.78706403,0.00000000,1,3,2,1.00000000,450.00000000,2,1.00000000,450.00000000,2
14,1,4571,2025,7,10,10,0,191,600,60,16251.27384645,368.55384660,2635.61083226,8636.88536611,-93.94844996,-10.69629304,2256.37911259,11150.54612726,0.00000000,8844.14610322,54.34803515,0.00000000,12950.02342283,0.00000000,1,3,2,1.00000000,450.00000000,2,1.00000000,450.00000000,2
14,1,4572,2025,7,10,11,0,191,660,60,8015.01674002,200.97706288,2693.33366036,6433.66911939,2.68024652,955.08760922,669.10748929,9751.75586819,0.00000000,7305.86772336,-34.05153123,0.00000000,8963.19239395,0.00000000,1,3,3,1.60000000,720.00000000,3,1.60000000,720.00000000,2
14,1,4573,2025,7,10,12,0,191,720,60,11924.26556191,299.27572324,2237.97772908,9225.17129777,-96.56213002,919.91459718,2686.57026504,3884.63638634,0.00000000,6733.66190654,42.48323908,0.00000000,12396.52350232,0.00000000,1,3,3,1.60000000,720.00000000,3,1.60000000,720.00000000,2
14,1,4574,2025,7,10,13,0,191,780,60,13988.58237352,554.86650971,2345.07523489,4866.02651170,17.87446717,985.43105609,3249.43432148,408.86338509,0.00000000,8160.99899152,-13.35175783,0.00000000,10320.83103384,0.00000000,1,3,4,1.92000000,864.00000000,3,1.60000000,720.00000000,2
14,1,4575,2025,7,10,14,0,191,840,60,8975.18621007,342.21742538,2063.46651065,12549.47643874,-9.17322647,910.49925729,2845.18793443,7938.87548296,0.00000000,8792.55407191,-15.07753152,0.00000000,4344.41581427,0.00000000,1,3,3,1.60000000,720.00000000,3,1.60000000,720.00000000,2
14,1,4576,2025,7,10,15,0,191,900,60,2352.18836117,577.36167008,2472.96718035,8172.61797784,198.33355332,680.83110278,4091.66872197,5957.12456718,0.00000000,10527.12790050,-48.86611847,0.00000000,7650.50671860,0.00000000,1,3,3,1.60000000,720.00000000,3,1.60000000,720.00000000,2
14,1,4577,2025,7,10,16,0,191,960,60,13597.15407108,553.05641162,1422.68759880,4515.78673623,234.23509694,59.06941060,2801.03353451,5419.14853663,0.00000000,6997.27569769,-35.59286612,0.00000000,11479.60254216,0.00000000,1,3,3,1.60000000,720.00000000,3,1.60000000,720.00000000,2
15,1,4283,2025,6,28,10,0,179,600,60,7312.33599247,274.99246495,2073.44029657,6850.41789373,-173.27146779,36.40546497,519.11689465,4518.54649057,0.00000000,3917.00795818,-30.13729347,0.00000000,14652.70759168,0.00000000,1,2,3,1.60000000,720.00000000,3,1.60000000,720.00000000,2
15,1,4284,2025,6,28,11,0,179,660,60,6189.79940477,363.24375006,2641.91526909,6619.87573422,-216.58632224,861.87854276,1305.45437676,6311.03311474,0.00000000,8421.62783452,70.39108222,0.00000000,9228.16800434,0.00000000,1,2,3,1.60000000,720.00000000,3,1.60000000,720.00000000,2
15,1,4285,2025,6,28,12,0,179,720,60,9298.84731415,522.17337535,2310.73209268,1500.82797539,-25.84618074,1071.36117246,2517.15756333,8054.82840451,0.00000000,7527.30388950,9.11706658,0.00000000,7884.20840142,0.00000000,1,2,2,1.00000000,450.00000000,2,1.00000000,450.00000000,2
15,1,4286,2025,6,28,13,0,179,780,60,8296.78659827,308.45785887,3161.33232861,868.45718441,-17.78286435,1052.03982847,3640.40784005,10012.84604345,0.00000000,7958.47302726,6.23360941,0.00000000,7262.54564802,0.00000000,1,2,2,1.00000000,450.00000000,2,1.00000000,450.00000000,2
15,1,4287,2025,6,28,14,0,179,840,60,16453.02148968,397.15500410,2016.66620281,6045.48051018,-64.50765296,685.40282726,3528.35904499,5260.39956034,0.00000000,7401.33193148,19.69226767,0.00000000,11098.66150469,0.00000000,1,2,2,1.00000000,450.00000000,2,1.00000000,450.00000000,2
15,1,4288,2025,6,28,15,0,179,900,60,14668.21591287,343.84649113,1711.02231101,9925.93434877,136.29006880,686.34813433,3908.74047464,5823.71188852,0.00000000,9972.06491826,71.43903541,0.00000000,7440.26656455,0.00000000,1,2,2,1.00000000,450.00000000,2,1.00000000,450.00000000,2
15,1,4289,2025,6,28,16,0,179,960,60,5460.82137390,145.01518173,1433.07852415,6586.36882377,81.26825188,157.96232318,4173.97561039,2203.15711198,0.00000000,9209.87519886,11.38392831,0.00000000,10443.49750403,0.00000000,1,2,2,1.00000000,450.00000000,2,1.00000000,450.00000000,2
15,1,4290,2025,6,28,17,0,179,1020,60,9444.66028186,343.82331428,677.88146523,7786.44972161,-90.69688788,46.39391881,4141.03092324,6185.54778848,0.00000000,13268.49050623,13.86786183,0.00000000,12202.78086489,0.00000000,1,2,3,1.60000000,720.00000000,3,1.60000000,720.00000000,2
15,1,4291,2025,6,28,18,0,179,1080,60,4577.31733187,288.76617200,239.09008631,9613.42241117,-147.17100598,-14.46512741,4238.57225528,6169.31394190,0.00000000,8697.07684398,-28.11328393,0.00000000,4223.82061100,0.00000000,1,2,3,1.60000000,720.00000000,3,1.60000000,720.00000000,2
15,1,4292,2025,6,28,19,0,179,1140,60,14456.04384481,292.30737264,-130.97766561,3106.23349758,1074.14909093,-22.87283583,3202.02385895,8995.12369709,0.00000000,13681.56985548,28.92389360,0.00000000,10663.39915248,0.00000000,1,2,3,1.60000000,720.00000000,3,1.60000000,720.00000000,2
15,1,4293,2025,6,28,20,0,179,1200,60,13309.24970166,286.60635381,391.67847770,7222.16105454,1297.66944183,1.10976965,1155.22054569,5770.27961842,0.00000000,6333.63150079,-10.52473696,0.00000000,6742.55169609,0.00000000,1,2,3,1.60000000,720.00000000,3,1.60000000,720.00000000,2
15,1,4294,2025,6,28,21,0,179,1260,60,8795.04896083,114.98028562,-212.49331122,2613.22692986,1120.05483295,-18.83520959,839.23205466,13259.75908155,0.00000000,12602.85087171,6.69869990,0.00000000,8150.75089469,0.00000000,1,2,3,1.60000000,720.00000000,3,1.60000000,720.00000000,2
15,1,4295,2025,6,28,22,0,179,1320,60,15120.91249199,349.87640193,-63.23265766,8732.95431080,-25.78071431,-329.49910030,-256.58028782,7911.51834013,0.00000000,13197.74492161,-12.87116597,0.00000000,12318.21108893,0.00000000,1,2,1,0.40000000,180.00000000,1,0.40000000,180.00000000,2
15,1,4296,2025,6,28,23,0,179,1380,60,5708.57047828,291.75163686,441.72459758,5232.32171493,92.91417321,-87.73503629,495.61832532,6730.58842856,0.00000000,6693.54261532,63.37485565,0.00000000,5616.03837878,0.00000000,1,2,1,0.40000000,180.00000000,1,0.40000000,180.00000000,2
15,1,4297,2025,6,29,0,0,180,0,60,12425.31205122,450.16965010,-262.29792568,5793.37952747,-377.98719843,-0.76102266,270.41288987,8344.86459004,0.00000000,11332.13858996,-39.89158406,0.00000000,8968.34970335,0.00000000,1,2,1,0.40000000,180.00000000,1,0.40000000,180.00000000,2
15,1,4298,2025,6,29,1,0,180,60,60,10421.45069885,529.52820230,89.02032443,7302.22508244,-127.36657032,-66.02240444,-1046.07257640,8543.62880497,0.00000000,9641.51743564,-22.87359890,0.00000000,7062.79948883,0.00000000,1,2,1,0.40000000,180.00000000,1,0.40000000,180.00000000,2
15,1,4299,2025,6,29,2,0,180,120,60,10823.34928991,236.82177158,-281.42525574,12499.00741529,47.80197960,-127.47474333,326.18998641,6346.86561328,0.00000000,6918.75176264,-16.78146153,0.00000000,7862.65731773,0.00000000,1,2,1,0.40000000,180.00000000,1,0.40000000,180.00000000,2
15,1,4300,2025,6,29,3,0,180,180,60,9209.65484715,353.20340245,-50.24257954,8690.31828376,-32.42966183,115.30497233,566.91852387,9382.55796532,0.00000000,8728.18507244,-17.61399281,0.00000000,9337.13174018,0.00000000,1,2,1,0.40000000,180.00000000,1,0.40000000,180.00000000,2
15,1,4301,2025,6,29,4,0,180,240,60,7765.00480914,381.56684324,-445.80737286,7163.23220705,103.10281645,104.55011877,-207.06031857,7635.81714615,0.00000000,5030.60510940,-1.56273471,0.00000000,6814.44464264,0.00000000,1,2,1,0.40000000,180.00000000,1,0.40000000,180.00000000,2
15,1,4302,2025,6,29,5,0,180,300,60,12264.98842279,561.30879206,-40.66587939,7941.41560318,-69.74964211,74.81681409,182.82591504,8730.15601472,0.00000000,6601.42096240,11.45735052,0.00000000,8576.85848507,0.00000000,1,2,1,0.40000000,180.00000000,1,0.40000000,180.00000000,2
15,1,4303,2025,6,29,6,0,180,360,60,6156.86229643,536.19831258,-23.24594945,8913.12450793,-139.84505188,-113.94966660,-648.27293323,3345.30565004,0.00000000,8213.07711444,-9.58833172,0.00000000,10312.63134970,0.00000000,1,2,1,0.40000000,180.00000000,1,0.40000000,180.00000000,2
15,1,4304,2025,6,29,7,0,180,420,60,11276.87181981,422.65749210,1358.78255062,9045.01871984,-184.14612044,50.30551482,945.96547315,11228.16070945,0.00000000,10731.72813586,1.38819983,0.00000000,10703.37344705,0.00000000,1,2,1,0.40000000,180.00000000,1,0.40000000,180.00000000,2
15,1,4305,2025,6,29,8,0,180,480,60,9386.92322070,444.53382002,1144.33277300,4532.11472567,-20.47055687,-22.47538268,-592.83620580,11249.73365095,0.00000000,11143.26868347,-13.03623966,0.00000000,3457.84221578,0.00000000,1,2,2,1.00000000,450.00000000,2,1.00000000,450.00000000,2
15,1,4306,2025,6,29,9,0,180,540,60,12134.45522765,474.07648977,1484.28039202,7114.81972736,-307.10589466,55.85829266,795.82686462,6137.74875081,0.00000000,12093.53167840,-17.58513558,0.00000000,12135.21408542,0.00000000,1,2,2,1.00000000,450.00000000,2,1.00000000,450.00000000,2
15,1,4307,2025,6,29,10,0,180,600,60,3485.67882577,193.14760879,2152.92786507,9541.97256293,-45.97225123,21.19312508,-392.33555250,6474.31201614,0.00000000,5200.25269179,9.97160843,0.00000000,3920.46096453,0.00000000,1,2,3,1.60000000,720.00000000,3,1.60000000,720.00000000,2
15,1,4308,2025,6,29,11,0,180,660,60,8093.19899077,584.36655903,2748.34677752,3606.06362372,30.32124991,866.49019939,2008.55785687,3119.02753417,0.00000000,10250.61574028,-28.62620406,0.00000000,8899.97126959,0.00000000,1,2,3,1.60000000,720.00000000,3,1.60000000,720.00000000,2
15,1,4309,2025,6,29,12,0,180,720,60,9694.40934174,469.40196836,2901.73870563,6978.98112099,-42.30113757,912.83896694,2553.26174771,6555.78528872,0.00000000,5854.18941518,23.62626671,0.00000000,4424.93701038,0.00000000,1,2,2,1.00000000,450.00000000,2,1.00000000,450.00000000,2
15,1,4310,2025,6,29,13,0,180,780,60,7845.13335109,513.51498363,2333.05951508,8100.34866608,-63.90119477,800.00493929,2460.98267110,4638.27503334,0.00000000,9178.33195148,15.87332450,0.00000000,9836.95017744,0.00000000,1,2,2,1.00000000,450.00000000,2,1.00000000,450.00000000,2
15,1,4311,2025,6,29,14,0,180,840,60,4464.47045964,599.52809324,2053.28428011,10606.67826097,25.20072869,780.34778749,3097.12352056,2665.56320606,0.00000000,2529.20196913,-23.23154799,0.00000000,12754.02183871,0.00000000,1,2,2,1.00000000,450.00000000,2,1.00000000,450.00000000,2
15,1,4312,2025,6,29,15,0,180,900,60,8664.92298333,557.38025269,1320.34310556,5228.81409023,2.50860827,636.72289344,3518.42454167,6477.14386016,0.00000000,6708.92807939,9.45306828,0.00000000,12437.87293488,0.00000000,1,2,2,1.00000000,450.00000000,2,1.00000000,450.00000000,2
15,1,4313,2025,6,29,16,0,180,960,60,9062.90855870,341.36975855,1315.70581197,952.33913378,-74.85837695,-114.25490791,4037.64857736,7981.35256445,0.00000000,13393.92621242,4.08714182,0.00000000,14496.17830463,0.00000000,1,2,2,1.00000000,450.00000000,2,1.00000000,450.00000000,2
15,1,4314,2025,6,29,17,0,180,1020,60,8812.04079754,366.28278911,1107.23992251,9642.47905379,-151.83394568,194.68208841,4087.24315571,7539.75413925,0.00000000,8600.05443863,31.18934443,0.00000000,13651.23657604,0.00000000,1,2,3,1.60000000,720.00000000,3,1.60000000,720.00000000,2
15,1,4315,2025,6,29,18,0,180,1080,60,10718.43031975,205.97971362,291.72682103,7657.52265000,-21.47082560,28.53328036,4448.82192102,6622.60531863,0.00000000,5873.90475148,-11.25295259,0.00000000,7044.70434794,0.00000000,1,2,3,1.60000000,720.00000000,3,1.60000000,720.00000000,2
15,1,4316,2025,6,29,19,0,180,1140,60,9345.86982292,244.15132746,136.94571044,6710.85572644,1151.29803604,21.34159367,2992.16276376,8314.30338784,0.00000000,9393.47622022,16.98370780,0.00000000,7061.79733308,0.00000000,1,2,3,1.60000000,720.00000000,3,1.60000000,720.00000000,2
15,1,4317,2025,6,29,20,0,180,1200,60,8122.09480710,234.55012955,27.37249535,5015.51910664,1033.38719609,14.39794715,773.03671168,10485.05023961,0.00000000,10541.72411161,-54.05982290,0.00000000,7595.28674507,0.00000000,1,2,3,1.60000000,720.00000000,3,1.60000000,720.00000000,2
15,1,4318,2025,6,29,21,0,180,1260,60,11036.42247949,320.26496921,334.53116995,8830.21979397,-311.40842510,213.19551503,832.28886838,12092.99932251,0.00000000,8353.01084295,34.32474511,0.00000000,13682.65861170,0.00000000,1,2,3,1.60000000,720.00000000,3,1.60000000,720.00000000,2
15,1,4319,2025,6,29,22,0,180,1320,60,15533.03418261,7.46327726,-121.85947312,7273.35330176,51.08181582,26.26879970,782.52990322,8887.71641887,0.00000000,9633.07506616,20.50829666,0.00000000,12006.57486092,0.00000000,1,2,1,0.40000000,180.00000000,1,0.40000000,180.00000000,2
15,1,4320,2025,6,29,23,0,180,1380,60,8341.36658049,418.36889603,287.78459628,14300.67063053,-143.67704025,78.72562112,524.71919976,12738.87876546,0.00000000,6313.52786688,63.36960061,0.00000000,7972.51122321,0.00000000,1,2,1,0.40000000,180.00000000,1,0.40000000,180.00000000,2
15,1,4321,2025,6,30,0,0,181,0,60,7531.49663083,567.73825862,112.17339232,7844.82679579,-36.39674292,123.58222632,1357.65884418,6729.60917512,0.00000000,11871.11861167,-3.01119178,0.00000000,7996.11065473,0.00000000,1,2,1,0.40000000,180.00000000,1,0.40000000,180.00000000,2
15,1,4322,2025,6,30,1,0,181,60,60,8250.24939986,416.46449377,143.24006288,11669.73264396,-10.07981381,13.03639524,2292.25070096,10541.16499837,0.00000000,13193.82883384,-1.46357092,0.00000000,14814.32442020,0.00000000,1,2,1,0.40000000,180.00000000,1,0.40000000,180.00000000,2
15,1,4323,2025,6,30,2,0,181,120,60,11072.40956650,203.66888536,-61.25458776,12682.55579246,-43.06895394,62.78365028,1721.59587465,12034.64852139,0.00000000,6145.79246517,35.44313987,0.00000000,9233.71779330,0.00000000,1,2,1,0.40000000,180.00000000,1,0.40000000,180.00000000,2
15,1,4324,2025,6,30,3,0,181,180,60,13603.58857849,331.03801004,-319.25427328,10919.41223289,-12.55775548,-34.70974588,722.76684292,10178.32666355,0.00000000,7518.22725736,-49.13182582,0.00000000,5722.66896445,0.00000000,1,2,1,0.40000000,180.00000000,1,0.40000000,180.00000000,2
15,1,4325,2025,6,30,4,0,181,240,60,8477.43798781,544.33900442,144.01545804,6953.52652042,44.41368320,12.55966321,1016.86161763,3908.77300831,0.00000000,10452.89017226,31.28227338,0.00000000,11164.45329694,0.00000000,1,2,1,0.40000000,180.00000000,1,0.40000000,180.00000000,2
15,1,4326,2025,6,30,5,0,181,300,60,10441.09983231,214.95618788,-10.59713105,4885.29413735,-280.92049999,133.79556698,305.33836461,11338.12280553,0.00000000,8831.39153734,15.83592351,0.00000000,9799.70131972,0.00000000,1,2,1,0.40000000,180.00000000,1,0.40000000,180.00000000,2
15,1,4327,2025,6,30,6,0,181,360,60,5161.87208554,609.50315402,-234.25350357,7122.45865563,-234.52827732,184.96996077,1623.63229250,12413.17763580,0.00000000,6955.21159224,-36.30134941,0.00000000,18433.90882476,0.00000000,1,2,1,0.40000000,180.00000000,1,0.40000000,180.00000000,2
15,1,4328,2025,6,30,7,0,181,420,60,5607.91400180,543.55095515,315.36087760,7643.99476522,107.38956633,-6.05956307,1587.49432167,4601.61204095,0.00000000,6313.59775490,-18.90772434,0.00000000,13893.67341328,0.00000000,1,2,1,0.40000000,180.00000000,1,0.40000000,180.00000000,2
15,1,4329,2025,6,30,8,0,181,480,60,3160.61709892,495.23408439,1312.27811422,7801.17404572,-28.21152270,-113.63518356,1160.87818908,5798.55243919,0.00000000,11588.02392035,71.82911884,0.00000000,8303.59207892,0.00000000,1,2,2,1.00000000,450.00000000,2,1.00000000,450.00000000,2
15,1,4330,2025,6,30,9,0,181,540,60,5163.47098821,308.20962379,2398.34258824,9151.48525141,277.54405016,-37.98548383,682.84027202,13717.75082798,0.00000000,11910.50313479,8.59938123,0.00000000,5632.22862050,0.00000000,1,2,2,1.00000000,450.00000000,2,1.00000000,450.00000000,2
15,1,4331,2025,6,30,10,0,181,600,60,9432.86076608,415.06830849,2214.08222404,5470.16688683,-81.12541646,54.80204338,723.28074589,9851.40182524,0.00000000,9110.43672063,-0.50702631,0.00000000,14463.82723741,0.00000000,1,2,3,1.60000000,720.00000000,3,1.60000000,720.00000000,2
15,1,4332,2025,6,30,11,0,181,660,60,9507.21770588,315.86895045,2708.03062973,5460.86611942,-98.65151186,852.92700822,1874.39907664,5671.74984720,0.00000000,8767.39751386,-23.95663062,0.00000000,6254.11690076,0.00000000,1,2,3,1.60000000,720.00000000,3,1.60000000,720.00000000,2
15,1,4333,2025,6,30,12,0,181,720,60,7952.09221895,549.54020075,2464.73425336,4768.19070728,52.05118394,870.11987516,3097.40439189,3864.85049137,0.00000000,7242.25962810,-59.58750395,0.00000000,6040.69444899,0.00000000,1,2,2,1.00000000,450.00000000,2,1.00000000,450.00000000,2
15,1,4334,2025,6,30,13,0,181,780,60,2774.00709834,347.23907013,2032.16907211,8219.85971215,-58.92693661,930.84920564,3141.82903703,7755.80726745,0.00000000,17270.32085712,-22.40421521,0.00000000,7024.28527033,0.00000000,1,2,2,1.00000000,450.00000000,2,1.00000000,450.00000000,2
15,1,4335,2025,6,30,14,0,181,840,60,4564.10512715,447.01663805,2408.16563910,10674.50285041,-26.08762613,627.08170085,4528.70043026,5676.10013557,0.00000000,11382.94711718,-54.64900244,0.00000000,13256.65790355,0.00000000,1,2,2,1.00000000,450.00000000,2,1.00000000,450.00000000,2
15,1,4336,2025,6,30,15,0,181,900,60,14015.99043322,204.52686370,1709.37122050,4655.25706321,-8.54340648,777.25215677,4507.47619105,6770.11979252,0.00000000,7830.80461301,38.12480178,0.00000000,7667.74627227,0.00000000,1,2,2,1.00000000,450.00000000,2,1.00000000,450.00000000,2
15,1,4337,2025,6,30,16,0,181,960,60,9159.37379753,341.85511265,882.60889122,2385.78701994,124.64122628,-65.24974878,4196.17990542,2841.85216337,0.00000000,12639.07014005,46.20084832,0.00000000,5541.32750814,0.00000000,1,2,2,1.00000000,450.00000000,2,1.00000000,450.00000000,2
15,1,4338,2025,6,30,17,0,181,1020,60,5799.65326085,444.42647532,803.11418006,5506.33673342,99.68164226,12.78836600,3800.58001598,11743.99933685,0.00000000,9517.70224365,8.43841087,0.00000000,7415.23679905,0.00000000,1,2,3,1.60000000,720.00000000,3,1.60000000,720.00000000,2
15,1,4339,2025,6,30,18,0,181,1080,60,8067.77065724,358.20652082,85.06237898,9024.13146844,-129.83391571,-136.19900473,5436.54505543,12947.58892849,0.00000000,7622.96647794,55.66107353,0.00000000,13008.30276396,0.00000000,1,2,3,1.60000000,720.00000000,3,1.60000000,720.00000000,2
15,1,4340,2025,6,30,19,0,181,1140,60,7348.17338396,400.95293094,163.01228472,7708.16098685,1153.88654402,41.54027075,2487.77911863,14863.57316851,0.00000000,16652.80537306,-13.56988076,0.00000000,9382.00441211,0.00000000,1,2,3,1.60000000,720.00000000,3,1.60000000,720.00000000,2
15,1,4341,2025,6,30,20,0,181,1200,60,7510.99877504,347.04392507,-123.14013508,8558.42248519,1171.36321552,-18.18667990,1464.13735951,12654.71654729,0.00000000,13614.80128226,18.86456207,0.00000000,13685.69406024,0.00000000,1,2,3,1.60000000,720.00000000,3,1.60000000,720.00000000,2
15,1,4342,2025,6,30,21,0,181,1260,60,7567.55302508,259.50327865,-251.02427695,8979.52409604,1134.10878688,-142.49799986,260.30875562,6354.41911856,0.00000000,8187.39668802,-81.57283379,0.00000000,7481.89078041,0.00000000,1,2,3,1.60000000,720.00000000,3,1.60000000,720.00000000,2
15,1,4343,2025,6,30,22,0,181,1320,60,5202.22048902,26.72050467,116.37473167,13312.35003091,128.68608651,287.93249376,1402.45536559,4249.09968888,0.00000000,8771.39014668,1.80899707,0.00000000,9575.18670745,0.00000000,1,2,1,0.40000000,180.00000000,1,0.40000000,180.00000000,2
15,1,4344,2025,6,30,23,0,181,1380,60,5417.34664787,398.07600092,-638.90435160,12254.32696523,60.65351946,-117.83976686,516.58878540,5694.89502953,0.00000000,11218.59662379,-11.92392811,0.00000000,8832.13689058,0.00000000,1,2,1,0.40000000,180.00000000,1,0.40000000,180.00000000,2
15,1,4345,2025,7,1,0,0,182,0,60,5294.77045371,322.35550750,21.53257568,9899.78983831,-74.58170062,-12.78448435,2063.12942823,11293.34551711,0.00000000,6529.04450271,-48.76788003,0.00000000,5562.22318445,0.00000000,1,3,2,1.00000000,450.00000000,2,1.00000000,450.00000000,2
15,1,4346,2025,7,1,1,0,182,60,60,12553.54847493,567.89200130,559.04848101,10487.26230092,-43.24537757,255.78250424,625.82370003,12273.53131652,0.00000000,10237.19185320,10.10571545,0.00000000,12166.11490442,0.00000000,1,3,1,0.40000000,180.00000000,1,0.40000000,180.00000000,2
15,1,4347,2025,7,1,2,0,182,120,60,12168.63624072,486.31823769,-116.58879663,7272.82401835,31.81432840,-18.21363530,730.53499205,10010.87069242,0.00000000,12354.15874230,-42.04861352,0.00000000,11513.34541841,0.00000000,1,3,1,0.40000000,180.00000000,1,0.40000000,180.00000000,2
15,1,4348,2025,7,1,3,0,182,180,60,8866.45391722,359.87324737,223.16465313,7509.28793745,146.42102122,218.59278999,448.39491802,10842.12891890,0.00000000,8630.35589849,21.67719147,0.00000000,11594.54887053,0.00000000,1,3,1,0.40000000,180.00000000,1,0.40000000,180.00000000,2
15,1,4349,2025,7,1,4,0,182,240,60,5188.65255290,414.15253388,-322.60150202,5863.46477748,40.10400398,-11.49899730,169.98503072,10998.74497640,0.00000000,7634.10865713,31.39568283,0.00000000,9800.35899033,0.00000000,1,3,1,0.40000000,180.00000000,1,0.40000000,180.00000000,2
15,1,4350,2025,7,1,5,0,182,300,60,13174.56177825,398.20860318,294.40737683,10875.39609022,-106.91396145,-59.24434313,-151.39485843,9794.52915262,0.00000000,9876.89748178,-21.23059511,0.00000000,11059.00973914,0.00000000,1,3,1,0.40000000,180.00000000,1,0.40000000,180.00000000,2
15,1,4351,2025,7,1,6,0,182,360,60,10569.64361055,526.13504287,769.31807390,3630.89176078,259.85998392,148.06130812,1655.51896625,13175.13843936,0.00000000,13132.31458388,-4.17989988,0.00000000,9022.05657753,0.00000000,1,3,1,0.40000000,180.00000000,1,0.40000000,180.00000000,2
15,1,4352,2025,7,1,7,0,182,420,60,16012.33977578,348.72987733,751.63684509,5835.82835359,-254.52944736,-74.82666352,502.65127094,7413.38436023,0.00000000,9527.59051976,11.03230451,0.00000000,4801.82107694,0.00000000,1,3,2,1.00000000,450.00000000,2,1.00000000,450.00000000,2
15,1,4353,2025,7,1,8,0,182,480,60,13945.65631294,237.17375584,1179.82247890,9232.88568940,-131.41618657,-36.89280472,274.97061389,7985.03834444,0.00000000,11064.95100561,-22.30501212,0.00000000,7423.58609290,0.00000000,1,3,2,1.00000000,450.00000000,2,1.00000000,450.00000000,2
15,1,4354,2025,7,1,9,0,182,540,60,6204.07884384,371.61270236,1629.78222115,6002.43444752,7.68151231,-97.36361401,-304.82995423,8573.21772450,0.00000000,9481.81216743,-42.24935879,0.00000000,4026.83056752,0.00000000,1,3,2,1.00000000,450.00000000,2,1.00000000,450.00000000,2
15,1,4355,2025,7,1,10,0,182,600,60,8958.14171171,399.94272355,2129.47226997,7373.35129730,-41.26722704,39.27480646,605.58948864,3604.50522784,0.00000000,9839.77989472,-11.23231347,0.00000000,16457.32633068,0.00000000,1,3,2,1.00000000,450.00000000,2,1.00000000,450.00000000,2
15,1,4356,2025,7,1,11,0,182,660,60,8921.57847108,316.15925586,2388.56076914,8876.90251183,-75.00053575,798.48344052,946.18249855,5795.31432981,0.00000000,6002.47182863,9.60810645,0.00000000,9118.09070734,0.00000000,1,3,3,1.60000000,720.00000000,3,1.60000000,720.00000000,2
15,1,4357,2025,7,1,12,0,182,720,60,7138.36420734,120.27493429,2063.30226530,11658.16829675,27.42166679,766.90478880,2549.31909725,5666.91349092,0.00000000,6912.24677210,-39.57105732,0.00000000,8488.95166147,0.00000000,1,3,3,1.60000000,720.00000000,3,1.60000000,720.00000000,2
15,1,4358,2025,7,1,13,0,182,780,60,13645.93613477,293.22585186,1836.68662168,8588.85006973,84.42804411,849.33298224,2239.45275084,4277.40195769,0.00000000,9081.70003669,13.58806292,0.00000000,9169.30752445,0.00000000,1,3,4,1.92000000,864.00000000,3,1.60000000,720.00000000,2
15,1,4359,2025,7,1,14,0,182,840,60,9607.07367844,495.97598904,1643.95130575,4417.59490176,6.93872116,701.52895056,2433.34369984,8540.61198983,0.00000000,5711.85048836,-12.38370805,0.00000000,7142.46022265,0.00000000,1,3,3,1.60000000,720.00000000,3,1.60000000,720.00000000,2
15,1,4360,2025,7,1,15,0,182,900,60,12296.36675159,172.32627568,1894.35904452,9674.66685718,282.12338921,580.59229360,4499.72168080,8021.86932758,0.00000000,10185.95302091,-52.33678927,0.00000000,8435.70333227,0.00000000,1,3,3,1.60000000,720.00000000,3,1.60000000,720.00000000,2
15,1,4361,2025,7,1,16,0,182,960,60,8756.44270132,437.23190455,820.53099281,8689.78530573,-47.43209056,146.91748777,5172.62731947,10725.71656097,0.00000000,7429.29373706,-55.11756193,0.00000000,9099.49563898,0.00000000,1,3,3,1.60000000,720.00000000,3,1.60000000,720.00000000,2
15,1,4362,2025,7,1,17,0,182,1020,60,7563.56642471,372.33354970,834.93830917,4728.96033471,8.12186111,-3.73820845,5019.22700386,3235.51527076,0.00000000,11334.40248950,53.05350186,0.00000000,4346.17960192,0.00000000,1,3,3,1.60000000,720.00000000,3,1.60000000,720.00000000,2
15,1,4363,2025,7,1,18,0,182,1080,60,9482.21798607,99.65232629,79.51595145,10312.82418785,88.68550842,-36.40936134,4146.09811218,9630.25894370,0.00000000,11760.22494012,15.83218684,0.00000000,10751.30376854,0.00000000,1,3,2,1.00000000,450.00000000,2,1.00000000,450.00000000,2
15,1,4364,2025,7,1,19,0,182,1140,60,3818.13606134,344.95603918,-494.40780823,7515.80762846,985.78328194,-86.59105800,3754.87623528,7157.10293485,0.00000000,4450.43985994,-13.65532874,0.00000000,13435.46280124,0.00000000,1,3,2,1.00000000,450.00000000,2,1.00000000,450.00000000,2
15,1,4365,2025,7,1,20,0,182,1200,60,8476.42003509,2.00325238,-254.17522486,8639.42615222,1224.63118638,-66.62107595,877.82854295,8442.52614029,0.00000000,15154.91393359,-18.67575175,0.00000000,6781.23812615,0.00000000,1,3,3,1.60000000,720.00000000,3,1.60000000,720.00000000,2
15,1,4366,2025,7,1,21,0,182,1260,60,7255.42873460,218.71924484,319.19096489,8643.06059338,1430.22391272,82.34282004,766.62034970,11961.83789868,0.00000000,12976.19498868,-2.91208925,0.00000000,10743.67910213,0.00000000,1,3,4,1.92000000,864.00000000,3,1.60000000,720.00000000,2
15,1,4367,2025,7,1,22,0,182,1320,60,9092.82145211,140.68895356,425.58153303,12167.42443537,115.65734577,-42.65514984,535.33723304,9751.26404653,0.00000000,8857.80678994,13.47262270,0.00000000,11161.99797910,0.00000000,1,3,4,1.92000000,864.00000000,3,1.60000000,720.00000000,2
15,1,4368,2025,7,1,23,0,182,1380,60,10158.79065807,223.59816018,634.93717144,9381.40633952,257.86018648,143.73124951,1070.13888326,5649.45389953,0.00000000,11089.67288629,9.69517722,0.00000000,7594.25358369,0.00000000,1,3,2,1.00000000,450.00000000,2,1.00000000,450.00000000,2
15,1,4369,2025,7,2,0,0,183,0,60,6837.18046402,429.37551778,154.13502377,6895.33464095,101.81335611,-132.07936289,-952.29215527,10844.39102161,0.00000000,4201.25935476,-39.72033096,0.00000000,10928.50958348,0.00000000,1,3,2,1.00000000,450.00000000,2,1.00000000,450.00000000,2
15,1,4370,2025,7,2,1,0,183,60,60,13991.87969830,487.82199221,-95.65587018,9757.38948629,61.90666226,-18.40230781,219.51101831,4379.50094477,0.00000000,6582.42865638,-40.88067432,0.00000000,7233.53437079,0.00000000,1,3,1,0.40000000,180.00000000,1,0.40000000,180.00000000,2
15,1,4371,2025,7,2,2,0,183,120,60,7858.55400924,349.08241568,-129.42963935,13019.52818906,-228.45657241,48.42017912,932.14379896,12150.36572582,0.00000000,3007.82365146,-39.93223261,0.00000000,6773.70385130,0.00000000,1,3,1,0.40000000,180.00000000,1,0.40000000,180.00000000,2
15,1,4372,2025,7,2,3,0,183,180,60,10438.72393445,460.72958285,294.23118817,8612.42126921,81.42942743,67.05101819,801.59456452,7775.15703226,0.00000000,18049.02132123,-18.07943034,0.00000000,8554.66690199,0.00000000,1,3,1,0.40000000,180.00000000,1,0.40000000,180.00000000,2
15,1,4373,2025,7,2,4,0,183,240,60,5340.63241542,325.68353034,-129.16179167,7565.57232779,-94.38508112,-15.50895983,293.10406711,1845.66286604,0.00000000,9363.34592302,19.09539511,0.00000000,10585.51335819,0.00000000,1,3,1,0.40000000,180.00000000,1,0.40000000,180.00000000,2
15,1,4374,2025,7,2,5,0,183,300,60,5520.93890216,300.68139722,-187.24913627,8331.48790005,-21.71077567,14.27908318,746.83383262,12210.46810471,0.00000000,9010.43385056,50.50982672,0.00000000,13294.68524422,0.00000000,1,3,1,0.40000000,180.00000000,1,0.40000000,180.00000000,2
15,1,4375,2025,7,2,6,0,183,360,60,14892.52264829,449.84907773,61.76163078,4160.63097667,6.83499211,-146.21506041,-538.04345901,8956.67923527,0.00000000,9858.14789535,58.51161496,0.00000000,7679.09882201,0.00000000,1,3,1,0.40000000,180.00000000,1,0.40000000,180.00000000,2
15,1,4376,2025,7,2,7,0,183,420,60,10450.92404411,330.14838398,616.34399792,10611.21123752,133.90767066,104.42373450,1326.07169234,4536.85800679,0.00000000,15227.16238186,-30.87554370,0.00000000,7221.93818415,0.00000000,1,3,2,1.00000000,450.00000000,2,1.00000000,450.00000000,2
15,1,4377,2025,7,2,8,0,183,480,60,12205.75606605,603.03373072,1104.45418746,5727.35111413,-12.81471266,4.97756643,997.10449798,4896.36508942,0.00000000,11643.50851202,29.68858374,0.00000000,10400.91827964,0.00000000,1,3,2,1.00000000,450.00000000,2,1.00000000,450.00000000,2
15,1,4378,2025,7,2,9,0,183,540,60,8680.96573586,483.46529834,1660.27077590,4865.39020484,27.51506998,-87.79243387,-1107.68317233,2401.48571827,0.00000000,16719.00136968,39.99252685,0.00000000,9913.38041343,0.00000000,1,3,2,1.00000000,450.00000000,2,1.00000000,450.00000000,2
15,1,4379,2025,7,2,10,0,183,600,60,10372.61153983,433.14750472,1906.44212140,9494.06059744,-30.02598245,-17.21132140,318.49431090,10770.89743916,0.00000000,12230.45645208,-6.21975514,0.00000000,4960.38300530,0.00000000,1,3,2,1.00000000,450.00000000,2,1.00000000,450.00000000,2
15,1,4380,2025,7,2,11,0,183,660,60,8925.39148015,242.49794913,1513.17535214,7051.01256000,236.89210575,609.67691766,1156.18600901,11937.45835536,0.00000000,6208.16260032,-59.72914578,0.00000000,3439.24260530,0.00000000,1,3,3,1.60000000,720.00000000,3,1.60000000,720.00000000,2
15,1,4381,2025,7,2,12,0,183,720,60,14622.97552924,180.58343506,2537.66506478,4890.09853381,-142.29408382,659.57904538,1857.05985294,7784.08419962,0.00000000,10564.73256265,-19.62441152,0.00000000,11185.04388884,0.00000000,1,3,3,1.60000000,720.00000000,3,1.60000000,720.00000000,2
15,1,4382,2025,7,2,13,0,183,780,60,8495.74861013,218.82083309,1568.51035212,7899.13337280,218.11936312,754.65364652,964.59931207,2715.32344497,0.00000000,5434.59180486,24.76857731,0.00000000,10440.07432693,0.00000000,1,3,4,1.92000000,864.00000000,3,1.60000000,720.00000000,2
16,1,8509,2025,12,21,12,0,355,720,60,8327.62094582,486.66910735,1456.98218415,9283.68752073,148.18150308,776.89552797,3730.50962739,8409.15901164,0.00000000,7698.75024191,-17.25145587,0.00000000,11976.65248271,0.00000000,1,1,2,1.00000000,450.00000000,2,1.00000000,450.00000000,2
16,1,8510,2025,12,21,13,0,355,780,60,12400.97111508,454.14185022,596.91106898,4968.56672440,-89.70812132,627.41363460,1658.21040991,9679.17533948,0.00000000,11375.31563841,72.10955063,0.00000000,9068.52419887,0.00000000,1,1,2,1.00000000,450.00000000,2,1.00000000,450.00000000,2
16,1,8511,2025,12,21,14,0,355,840,60,6411.36828579,562.98210038,906.62128015,2217.89241267,17.96659663,474.47558673,3518.26258549,7627.47550320,0.00000000,9944.26402715,7.49560627,0.00000000,-1091.36230788,0.00000000,1,1,2,1.00000000,450.00000000,2,1.00000000,450.00000000,2
16,1,8512,2025,12,21,15,0,355,900,60,11393.16107693,536.07865488,739.59032429,4437.14835538,-10.32722213,583.15268483,4292.31333250,11868.62238171,0.00000000,11456.51043801,46.28681980,0.00000000,11377.91502095,0.00000000,1,1,2,1.00000000,450.00000000,2,1.00000000,450.00000000,2
16,1,8513,2025,12,21,16,0,355,960,60,14013.87264611,311.65654682,-40.77045952,9694.77002137,-0.60122334,68.06306786,2637.42654700,10722.68616219,0.00000000,13453.14925940,12.38284891,0.00000000,13686.73711346,0.00000000,1,1,3,1.60000000,720.00000000,3,1.60000000,720.00000000,2
16,1,8514,2025,12,21,17,0,355,1020,60,6311.32066309,651.92231785,284.31558083,10175.20835186,92.16229718,-102.54958103,2900.45165107,7811.93886525,0.00000000,6331.30616169,59.10198135,0.00000000,11065.20932954,0.00000000,1,1,3,1.60000000,720.00000000,3,1.60000000,720.00000000,2
16,1,8515,2025,12,21,18,0,355,1080,60,4547.98130234,466.43184417,651.65895273,8952.56445709,40.23559651,-37.08533470,3988.05996305,11013.31352621,0.00000000,11902.87361643,52.27843824,0.00000000,10900.49093416,0.00000000,2,1,3,1.60000000,720.00000000,3,1.60000000,720.00000000,2
16,1,8516,2025,12,21,19,0,355,1140,60,9591.92901540,214.51777612,28.99006739,8455.47479760,1212.89620751,-113.34036593,2174.59911937,9475.24045616,0.00000000,8946.00701301,-27.42329503,0.00000000,11568.28102585,0.00000000,1,1,3,1.60000000,720.00000000,3,1.60000000,720.00000000,2
16,1,8517,2025,12,21,20,0,355,1200,60,12650.98278793,272.53219326,3.76108437,5207.14697674,1218.91565533,119.70398268,1859.72088813,10377.63692993,0.00000000,12061.79951081,-8.57441051,0.00000000,6972.05412868,0.00000000,1,1,3,1.60000000,720.00000000,3,1.60000000,720.00000000,2
16,1,8518,2025,12,21,21,0,355,1260,60,10419.99312209,571.52308463,-92.66788136,8271.85208353,103.70215793,40.15016158,1475.39108656,7867.21533112,0.00000000,6293.59820269,336.77547930,0.00000000,9257.75030487,0.00000000,2,1,3,1.60000000,720.00000000,3,1.60000000,720.00000000,2
16,1,8519,2025,12,21,22,0,355,1320,60,4353.11497010,419.65944039,292.44151062,14284.28861703,145.46604801,4.97433573,497.28882789,4622.44707732,0.00000000,9078.44605675,97.05029906,0.00000000,9660.94888501,0.00000000,2,1,2,1.00000000,450.00000000,2,1.00000000,450.00000000,2
16,1,8520,2025,12,21,23,0,355,1380,60,5616.63669993,520.69839335,-337.70911409,12049.51084037,-52.77064352,53.13241725,-130.17135336,4716.62215421,0.00000000,13125.92783462,-0.08143068,0.00000000,6089.02392901,0.00000000,1,1,2,1.00000000,450.00000000,2,1.00000000,450.00000000,2
16,1,8521,2025,12,22,0,0,356,0,60,15978.29023743,98.98933241,-206.67335507,4731.68565672,11.87553666,42.68828825,1279.81972020,5344.94875837,0.00000000,15147.87031872,44.23178649,0.00000000,12857.99098638,0.00000000,1,1,1,0.40000000,180.00000000,1,0.40000000,180.00000000,2
16,1,8522,2025,12,22,1,0,356,60,60,10208.54383277,320.48811294,-35.19205678,8223.10863369,36.02699780,-8.26850130,-117.52912478,9335.56553916,0.00000000,10195.79719591,-12.13126585,0.00000000,8206.87766514,0.00000000,1,1,1,0.40000000,180.00000000,1,0.40000000,180.00000000,2
16,1,8523,2025,12,22,2,0,356,120,60,10624.85291331,222.05728747,-63.14955474,8301.60187976,-136.97183799,27.98859517,1220.77410686,9840.35528467,0.00000000,5978.76057085,-49.54830956,0.00000000,10938.16571510,0.00000000,1,1,1,0.40000000,180.00000000,1,0.40000000,180.00000000,2
16,1,8524,2025,12,22,3,0,356,180,60,17361.69691687,405.71726761,346.37916815,10004.62179629,-81.35782617,35.45197325,1140.68602227,6299.59440442,0.00000000,11929.44899036,35.11952515,0.00000000,5290.58748346,0.00000000,1,1,1,0.40000000,180.00000000,1,0.40000000,180.00000000,2
16,1,8525,2025,12,22,4,0,356,240,60,9635.52499006,335.98422806,-302.86935888,6839.22723106,7.54340876,-97.07233012,1052.69995959,8213.25997869,0.00000000,5316.31748470,-18.18480102,0.00000000,13209.51599837,0.00000000,1,1,1,0.40000000,180.00000000,1,0.40000000,180.00000000,2
16,1,8526,2025,12,22,5,0,356,300,60,10874.60891803,600.28780577,613.62201247,8005.81812955,-48.23139645,-110.93863598,1435.84736727,14139.65814169,0.00000000,13154.48100286,-4.93201046,0.00000000,11751.42277898,0.00000000,1,1,1,0.40000000,180.00000000,1,0.40000000,180.00000000,2
16,1,8527,2025,12,22,6,0,356,360,60,3811.95762083,483.81466231,258.85460690,8402.05434614,58.46169407,-252.10413618,487.28058976,14632.19600159,0.00000000,11764.92977172,-19.49330584,0.00000000,7070.15104463,0.00000000,1,1,1,0.40000000,180.00000000,1,0.40000000,180.00000000,2
16,1,8528,2025,12,22,7,0,356,420,60,12940.84755108,602.35129414,-171.54739915,10202.33141051,-15.40329148,39.77515314,678.70339919,7223.62073285,0.00000000,9656.61054922,-41.16470318,0.00000000,6214.84992544,0.00000000,1,1,1,0.40000000,180.00000000,1,0.40000000,180.00000000,2
16,1,8529,2025,12,22,8,0,356,480,60,10446.77942045,573.92630515,166.30819717,8449.42633524,82.20727168,-72.43922143,334.86299325,9077.07768749,0.00000000,9178.77241723,33.80095635,0.00000000,7753.15384254,0.00000000,1,1,2,1.00000000,450.00000000,2,1.00000000,450.00000000,2
16,1,8530,2025,12,22,9,0,356,540,60,12771.42618754,448.78494787,882.36324749,9208.73266188,43.19969140,184.52822514,9.41499473,4814.44280937,0.00000000,4671.64317892,-12.51503569,0.00000000,8152.77266019,0.00000000,1,1,2,1.00000000,450.00000000,2,1.00000000,450.00000000,2
16,1,8531,2025,12,22,10,0,356,600,60,12631.00770076,602.38971290,1581.40583915,9645.45441443,-124.31874153,15.67364472,328.27058222,12482.50332924,0.00000000,9074.61749445,-45.49229859,0.00000000,4071.89260532,0.00000000,1,1,3,1.60000000,720.00000000,3,1.60000000,720.00000000,2
16,1,8532,2025,12,22,11,0,356,660,60,14513.42413423,476.39423485,1644.85749537,10362.89558762,-22.39783959,862.54435334,1850.63072478,8614.40844270,0.00000000,12175.18294438,-7.30148292,0.00000000,4090.57601848,0.00000000,1,1,3,1.60000000,720.00000000,3,1.60000000,720.00000000,2
16,1,8533,2025,12,22,12,0,356,720,60,10793.46744799,611.41548253,1628.55047345,11486.94716378,-39.91379633,750.47807533,1828.99877502,3776.26549886,0.00000000,11693.32223158,-7.78750704,0.00000000,11858.87051477,0.00000000,1,1,2,1.00000000,450.00000000,2,1.00000000,450.00000000,2
16,1,8534,2025,12,22,13,0,356,780,60,14595.99851682,398.03734050,1468.63553918,5169.08950378,102.29628312,560.72133067,2822.62936454,13388.68105442,0.00000000,10815.79252970,-26.52487284,0.00000000,7345.94274986,0.00000000,1,1,2,1.00000000,450.00000000,2,1.00000000,450.00000000,2
16,1,8535,2025,12,22,14,0,356,840,60,1418.02027383,560.95048945,898.75989660,8995.11868369,-155.80990195,507.42611767,3232.09170800,8602.30940738,0.00000000,10528.89479409,-51.52154293,0.00000000,16608.26757728,0.00000000,1,1,2,1.00000000,450.00000000,2,1.00000000,450.00000000,2
16,1,8536,2025,12,22,15,0,356,900,60,9745.96350099,630.89887273,1096.43834918,10754.29632660,-80.60807269,588.38055039,3449.84387446,7260.60909315,0.00000000,13111.86454650,49.29485427,0.00000000,10359.11538613,0.00000000,1,1,2,1.00000000,450.00000000,2,1.00000000,450.00000000,2
16,1,8537,2025,12,22,16,0,356,960,60,1171.62342444,540.75029677,883.55288768,14791.25891861,-173.39730336,-30.55000972,4233.79375774,11298.06063969,0.00000000,14082.27547089,-33.99986018,0.00000000,12080.93944131,0.00000000,1,1,3,1.60000000,720.00000000,3,1.60000000,720.00000000,2
16,1,8538,2025,12,22,17,0,356,1020,60,12753.59053950,383.46381009,133.14864721,11153.52280895,-184.34822123,-58.85787193,2574.40843101,16644.34963958,0.00000000,11635.97719026,256.02006121,0.00000000,11542.45361375,0.00000000,2,1,3,1.60000000,720.00000000,3,1.60000000,720.00000000,2
16,1,8539,2025,12,22,18,0,356,1080,60,17197.79919720,423.56120941,-34.44873208,8583.17623064,91.24291273,132.51001798,3390.26225286,13326.32159092,0.00000000,15210.09402464,550.14286285,0.00000000,8611.85913367,0.00000000,2,1,3,1.60000000,720.00000000,3,1.60000000,720.00000000,2
16,1,8540,2025,12,22,19,0,356,1140,60,14127.21227464,315.37653489,274.91143447,8294.62256879,1244.13014231,87.87036296,1967.92230140,10453.61289205,0.00000000,9018.71901488,-19.11053548,0.00000000,7295.06312917,0.00000000,1,1,3,1.60000000,720.00000000,3,1.60000000,720.00000000,2
16,1,8541,2025,12,22,20,0,356,1200,60,12247.75429133,74.09485480,134.26074031,9695.66260762,1239.48217882,-178.73249041,-304.09566668,12071.55448875,0.00000000,7701.30000679,77.63632927,0.00000000,12323.05003264,0.00000000,1,1,3,1.60000000,720.00000000,3,1.60000000,720.00000000,2
16,1,8542,2025,12,22,21,0,356,1260,60,10795.75099159,366.80815541,230.84685949,10296.15319341,-59.59978122,-134.29510666,554.71301239,16154.41725885,0.00000000,12204.72842616,789.48259852,0.00000000,9168.37407294,0.00000000,2,1,3,1.60000000,720.00000000,3,1.60000000,720.00000000,2
16,1,8543,2025,12,22,22,0,356,1320,60,9408.85863782,74.28709038,-649.23255172,12894.90367859,-48.26333819,14.70690652,1641.61967049,8334.95327816,0.00000000,10196.00344705,590.31342851,0.00000000,12620.82207062,0.00000000,2,1,2,1.00000000,450.00000000,2,1.00000000,450.00000000,2
16,1,8544,2025,12,22,23,0,356,1380,60,11630.64714934,388.19958370,-517.84561293,10895.62698456,34.95365079,-136.45279304,1002.42470426,13240.95423996,0.00000000,10956.05840043,354.21401409,0.00000000,11209.23991789,0.00000000,2,1,2,1.00000000,450.00000000,2,1.00000000,450.00000000,2
16,1,8545,2025,12,23,0,0,357,0,60,11035.95045322,579.51060521,280.49500272,6644.01078479,-245.45763765,121.58629571,-390.06673529,6223.74639789,0.00000000,6746.18509845,36.39916438,0.00000000,5668.46803864,0.00000000,1,1,1,0.40000000,180.00000000,1,0.40000000,180.00000000,2
16,1,8546,2025,12,23,1,0,357,60,60,15458.26752897,309.52837948,-259.68880175,9984.07524224,44.02255117,-362.89603466,-359.76313605,7078.36686357,0.00000000,11358.61715398,36.68270768,0.00000000,14932.83766115,0.00000000,1,1,1,0.40000000,180.00000000,1,0.40000000,180.00000000,2
16,1,8547,2025,12,23,2,0,357,120,60,13086.91074955,409.46362122,-320.92899476,6670.55888377,169.37703106,6.27485405,818.35581631,10034.87654716,0.00000000,11852.47480754,-61.09298182,0.00000000,12545.56696898,0.00000000,1,1,1,0.40000000,180.00000000,1,0.40000000,180.00000000,2
16,1,8548,2025,12,23,3,0,357,180,60,8768.63564997,292.61757388,64.72108700,11552.32983748,-237.43310970,84.61429813,1540.05054340,13099.74047277,0.00000000,6765.86755589,-8.44763366,0.00000000,4429.17010929,0.00000000,1,1,1,0.40000000,180.00000000,1,0.40000000,180.00000000,2
16,1,8549,2025,12,23,4,0,357,240,60,6789.09841364,459.31540326,-17.81002936,11652.21601264,4.80316553,230.77834869,829.76480836,7688.60823756,0.00000000,8094.21977847,-14.32050045,0.00000000,7218.32741430,0.00000000,1,1,1,0.40000000,180.00000000,1,0.40000000,180.00000000,2
16,1,8550,2025,12,23,5,0,357,300,60,9368.81389854,345.01851240,-536.06631076,3717.07464906,88.89160075,-56.77997087,1654.01430784,8134.82794908,0.00000000,5578.45770954,-21.22166087,0.00000000,8281.68658847,0.00000000,1,1,1,0.40000000,180.00000000,1,0.40000000,180.00000000,2
16,1,8551,2025,12,23,6,0,357,360,60,16936.55940163,464.36539706,638.17866796,12389.21060332,41.35235938,1.37443607,294.10901099,11804.97042642,0.00000000,12500.31207188,53.55876471,0.00000000,15926.85133829,0.00000000,1,1,1,0.40000000,180.00000000,1,0.40000000,180.00000000,2
16,1,8552,2025,12,23,7,0,357,420,60,8330.07610197,378.68624590,-91.04951017,6774.17968899,-62.96752907,70.72452367,996.97161195,6900.57766874,0.00000000,10120.32958791,10.96029722,0.00000000,15018.29684610,0.00000000,1,1,1,0.40000000,180.00000000,1,0.40000000,180.00000000,2
16,1,8553,2025,12,23,8,0,357,480,60,6950.93464956,480.49344655,666.64626641,6449.59619782,-114.50586315,68.26936715,536.70472600,5562.09254403,0.00000000,5690.06607908,20.87521627,0.00000000,10112.05072625,0.00000000,1,1,2,1.00000000,450.00000000,2,1.00000000,450.00000000,2
16,1,8554,2025,12,23,9,0,357,540,60,8060.93598450,434.90007862,489.86612725,8355.73826862,-59.45728587,36.81537406,523.13018072,14272.91030548,0.00000000,17723.73840192,-30.07863735,0.00000000,9789.37576485,0.00000000,1,1,2,1.00000000,450.00000000,2,1.00000000,450.00000000,2
16,1,8555,2025,12,23,10,0,357,600,60,8409.49582386,624.85582150,649.36936609,4335.69207690,9.45839135,-16.94238222,1750.78404713,5544.00725534,0.00000000,12369.73020751,-3.83086126,0.00000000,14291.06175925,0.00000000,1,1,3,1.60000000,720.00000000,3,1.60000000,720.00000000,2
16,1,8556,2025,12,23,11,0,357,660,60,11363.99656897,435.89263528,966.56293182,7178.01792784,-170.38692880,757.16365444,888.65388622,10548.02553084,0.00000000,9218.37956644,52.53041795,0.00000000,11484.04394805,0.00000000,1,1,3,1.60000000,720.00000000,3,1.60000000,720.00000000,2
16,1,8557,2025,12,23,12,0,357,720,60,7853.91515272,432.77107955,1471.85118411,12809.58599480,5.87727493,455.46986134,1363.02109956,6562.75842291,0.00000000,10515.66080633,-32.68697715,0.00000000,6145.24734999,0.00000000,1,1,2,1.00000000,450.00000000,2,1.00000000,450.00000000,2
16,1,8558,2025,12,23,13,0,357,780,60,15687.17612779,318.98572335,979.80980873,6082.23578938,-129.46371964,796.84659581,2293.31167316,11069.20106284,0.00000000,14118.15422191,29.69202413,0.00000000,12583.34054894,0.00000000,1,1,2,1.00000000,450.00000000,2,1.00000000,450.00000000,2
16,1,8559,2025,12,23,14,0,357,840,60,9916.67092450,580.69622484,1288.84289022,11794.51555955,-52.88870386,472.52970729,2568.41111865,7736.44687210,0.00000000,6366.65869815,-65.20897393,0.00000000,9151.89744494,0.00000000,1,1,2,1.00000000,450.00000000,2,1.00000000,450.00000000,2
16,1,8560,2025,12,23,15,0,357,900,60,11067.33253039,526.65175837,585.13313903,8836.05544008,-90.33760938,320.83895920,1354.84081903,6858.27288190,0.00000000,15002.09425381,-49.00824358,0.00000000,16338.11033761,0.00000000,1,1,2,1.00000000,450.00000000,2,1.00000000,450.00000000,2
16,1,8561,2025,12,23,16,0,357,960,60,6188.01393230,484.08211148,166.27060912,9296.46802274,-13.57630851,33.00086833,3536.67484833,8476.77743590,0.00000000,11193.39078425,-9.81651640,0.00000000,8565.32125799,0.00000000,1,1,3,1.60000000,720.00000000,3,1.60000000,720.00000000,2
16,1,8562,2025,12,23,17,0,357,1020,60,15063.95440974,173.09680689,100.08915582,6068.73170322,153.05442203,31.41888767,2253.55509365,7804.47338433,0.00000000,10844.57521990,288.45671304,0.00000000,15418.86093351,0.00000000,2,1,3,1.60000000,720.00000000,3,1.60000000,720.00000000,2
16,1,8563,2025,12,23,18,0,357,1080,60,8823.97526945,211.29815301,-195.54305821,7336.36563934,31.39874425,23.49776991,3109.96611995,10616.65976620,0.00000000,9677.29183773,559.94693028,0.00000000,14351.72202961,0.00000000,2,1,3,1.60000000,720.00000000,3,1.60000000,720.00000000,2
16,1,8564,2025,12,23,19,0,357,1140,60,6933.42875998,313.77996645,-370.36531225,4566.81903654,1369.92548691,-45.60367684,1641.19100076,16907.92388391,0.00000000,8999.35728803,59.23173817,0.00000000,11862.88425897,0.00000000,1,1,3,1.60000000,720.00000000,3,1.60000000,720.00000000,2
16,1,8565,2025,12,23,20,0,357,1200,60,9247.93436915,488.77133952,584.96348160,11102.68982660,1232.27667287,-52.67903838,1392.16472705,11291.79708318,0.00000000,7184.43399107,-4.32981807,0.00000000,10261.01516040,0.00000000,1,1,3,1.60000000,720.00000000,3,1.60000000,720.00000000,2
16,1,8566,2025,12,23,21,0,357,1260,60,11481.14941314,73.92676202,-306.37604115,10950.26025762,-32.39702829,40.18297340,-961.21067732,9544.67063077,0.00000000,11258.93616719,797.44281712,0.00000000,10738.10993605,0.00000000,2,1,3,1.60000000,720.00000000,3,1.60000000,720.00000000,2
16,1,8567,2025,12,23,22,0,357,1320,60,6176.19684937,378.34923151,280.29999223,13500.57135382,-36.87290759,-16.10762574,194.04369659,12288.82884419,0.00000000,7561.18687426,601.34803481,0.00000000,8566.66296789,0.00000000,2,1,2,1.00000000,450.00000000,2,1.00000000,450.00000000,2
16,1,8568,2025,12,23,23,0,357,1380,60,10733.06797607,352.89569312,-132.99867126,11544.04511671,-201.66578976,151.48259281,278.25758991,6706.86636286,0.00000000,8790.16072809,380.57985262,0.00000000,9898.55589238,0.00000000,2,1,2,1.00000000,450.00000000,2,1.00000000,450.00000000,2
16,1,8569,2025,12,24,0,0,358,0,60,8897.25822304,585.34377348,827.03981941,6362.37110342,-8.69828242,-58.17435673,1366.80980107,11213.89596096,0.00000000,5877.74939880,-65.17742613,0.00000000,4223.78363464,0.00000000,1,1,1,0.40000000,180.00000000,1,0.40000000,180.00000000,2
16,1,8570,2025,12,24,1,0,358,60,60,12788.92235127,512.77015778,436.40745740,12304.93912141,-98.35520183,117.63862649,856.81495640,8204.66409660,0.00000000,4938.38851342,33.79081941,0.00000000,14221.03790728,0.00000000,1,1,1,0.40000000,180.00000000,1,0.40000000,180.00000000,2
16,1,8571,2025,12,24,2,0,358,120,60,11239.52194625,597.74522035,96.14868453,11168.86223288,-157.25021211,74.48573011,-359.82437993,8984.88034720,0.00000000,14199.14524562,-3.15566378,0.00000000,14524.30665325,0.00000000,1,1,1,0.40000000,180.00000000,1,0.40000000,180.00000000,2
16,1,8572,2025,12,24,3,0,358,180,60,12689.12238100,382.34591363,255.56302106,7785.62995029,-164.34640215,65.89648792,-30.16479778,7193.63476733,0.00000000,12724.17945255,5.22421069,0.00000000,8147.70334228,0.00000000,1,1,1,0.40000000,180.00000000,1,0.40000000,180.00000000,2
16,1,8573,2025,12,24,4,0,358,240,60,9813.75541799,700.52059864,773.72234395,11603.29476120,-141.48285554,6.06319881,270.69933351,11268.77739159,0.00000000,9589.87276392,-35.36012570,0.00000000,11348.53647485,0.00000000,1,1,1,0.40000000,180.00000000,1,0.40000000,180.00000000,2
16,1,8574,2025,12,24,5,0,358,300,60,9084.85788239,476.28180957,427.19975364,9776.26184045,-21.34596460,159.26711753,1077.94588375,4561.17177128,0.00000000,9596.66168246,33.22365525,0.00000000,10286.61722927,0.00000000,1,1,1,0.40000000,180.00000000,1,0.40000000,180.00000000,2
16,1,8575,2025,12,24,6,0,358,360,60,9383.12350096,180.38969526,-83.13166819,4505.14898846,93.43321850,-229.27526019,1506.65456029,9819.69521510,0.00000000,4395.22458779,-12.45683076,0.00000000,13207.49083394,0.00000000,1,1,1,0.40000000,180.00000000,1,0.40000000,180.00000000,2
16,1,8576,2025,12,24,7,0,358,420,60,11318.02750637,421.88440831,381.24317482,10206.61128192,-106.56822202,140.94836209,-463.20696210,11229.04084900,0.00000000,8855.61586321,-67.21073119,0.00000000,9409.78257000,0.00000000,1,1,1,0.40000000,180.00000000,1,0.40000000,180.00000000,2
16,1,8577,2025,12,24,8,0,358,480,60,15092.86778632,434.26513413,172.23136686,13223.60651771,222.83528072,-4.27264467,658.92748441,9592.95833905,0.00000000,6572.13388571,-6.84831798,0.00000000,8288.79954089,0.00000000,1,1,2,1.00000000,450.00000000,2,1.00000000,450.00000000,2
16,1,8578,2025,12,24,9,0,358,540,60,8185.99869180,817.20448236,1125.37057773,9618.17422017,183.95009146,-122.97169641,275.34429345,6404.23052465,0.00000000,9286.84120561,-17.56016580,0.00000000,13695.45640892,0.00000000,1,1,2,1.00000000,450.00000000,2,1.00000000,450.00000000,2
16,1,8579,2025,12,24,10,0,358,600,60,6850.39875858,465.25199599,1062.57914998,5693.31931479,-102.99491415,131.43706051,241.17726347,7701.60418234,0.00000000,5628.09005853,2.46253012,0.00000000,12798.55457103,0.00000000,1,1,3,1.60000000,720.00000000,3,1.60000000,720.00000000,2
16,1,8580,2025,12,24,11,0,358,660,60,10210.41101643,554.30943276,1472.47151711,7898.71778409,-72.66627490,542.68743123,651.65804923,3916.02722431,0.00000000,10451.75286442,4.37277470,0.00000000,12154.90880184,0.00000000,1,1,3,1.60000000,720.00000000,3,1.60000000,720.00000000,2
16,1,8581,2025,12,24,12,0,358,720,60,12631.99505673,733.57122828,1827.44386742,8845.41761065,-28.15407153,567.50624867,2094.99354303,6784.36306522,0.00000000,15452.19122380,23.16248774,0.00000000,10638.39246521,0.00000000,1,1,2,1.00000000,450.00000000,2,1.00000000,450.00000000,2
16,1,8582,2025,12,24,13,0,358,780,60,13752.32091725,390.15643750,1972.14218465,7953.63725512,9.73233886,681.27995450,1498.16909175,9149.41905028,0.00000000,15781.54808785,47.25097876,0.00000000,12919.01811440,0.00000000,1,1,2,1.00000000,450.00000000,2,1.00000000,450.00000000,2
16,1,8583,2025,12,24,14,0,358,840,60,10603.79490554,419.44684028,1033.78518415,9288.70020368,-175.68720023,795.15717666,3238.94166757,5177.42543872,0.00000000,12123.01799290,-25.59133635,0.00000000,11795.70798046,0.00000000,1,1,2,1.00000000,450.00000000,2,1.00000000,450.00000000,2
16,1,8584,2025,12,24,15,0,358,900,60,9187.29965519,188.48175957,1097.99230546,14209.88259460,116.35920324,551.55458483,3662.39366371,12523.19958419,0.00000000,9522.53637683,21.13925892,0.00000000,6379.01891056,0.00000000,1,1,2,1.00000000,450.00000000,2,1.00000000,450.00000000,2
16,1,8585,2025,12,24,16,0,358,960,60,7634.35049084,476.01179224,524.65820714,9144.81389472,76.46162871,-36.82723945,1621.05042725,6322.99530628,0.00000000,13058.26718921,3.12404238,0.00000000,16659.48381944,0.00000000,1,1,3,1.60000000,720.00000000,3,1.60000000,720.00000000,2
16,1,8586,2025,12,24,17,0,358,1020,60,13144.35010257,475.42242358,-2.22922086,9451.14745400,133.97253218,50.28817335,3199.90693975,10031.28111966,0.00000000,9823.73516520,178.49110291,0.00000000,15866.20439812,0.00000000,2,1,3,1.60000000,720.00000000,3,1.60000000,720.00000000,2
16,1,8587,2025,12,24,18,0,358,1080,60,8262.96912929,338.41048489,-569.74623121,13140.99023316,88.44148569,177.33914324,2182.33043310,10007.04829646,0.00000000,6701.79285200,534.25621022,0.00000000,11879.54816171,0.00000000,2,1,3,1.60000000,720.00000000,3,1.60000000,720.00000000,2
16,1,8588,2025,12,24,19,0,358,1140,60,7003.91203258,181.43843067,-104.09894923,10200.74378140,1283.31589509,289.60381396,1831.27613092,6407.22626408,0.00000000,10212.44856104,-6.71801006,0.00000000,9542.70188749,0.00000000,1,1,3,1.60000000,720.00000000,3,1.60000000,720.00000000,2
16,1,8589,2025,12,24,20,0,358,1200,60,14859.06777408,550.76587162,-341.71681510,9118.84991461,990.84857141,-147.34249788,723.72401363,10639.63074449,0.00000000,13398.06170228,-32.26845110,0.00000000,14342.71316926,0.00000000,1,1,3,1.60000000,720.00000000,3,1.60000000,720.00000000,2
16,1,8590,2025,12,24,21,0,358,1260,60,11967.58103296,488.08059159,286.19809144,7061.27742250,209.67091312,-187.14124080,499.45149221,8929.79338738,0.00000000,11529.37709252,781.59551500,0.00000000,12214.86966183,0.00000000,2,1,3,1.60000000,720.00000000,3,1.60000000,720.00000000,2
16,1,8591,2025,12,24,22,0,358,1320,60,6477.80271696,425.06526385,-215.23659642,12508.78326048,-69.11951131,49.43024091,714.74426237,15239.61134863,0.00000000,11502.81492901,603.03878290,0.00000000,10005.75832463,0.00000000,2,1,2,1.00000000,450.00000000,2,1.00000000,450.00000000,2
16,1,8592,2025,12,24,23,0,358,1380,60,8957.34436400,346.90014665,-224.30471769,8740.53726325,-122.37394995,40.89446394,1132.72522684,6610.19992129,0.00000000,6175.29251383,363.97035027,0.00000000,3442.83937226,0.00000000,2,1,2,1.00000000,450.00000000,2,1.00000000,450.00000000,2
16,1,8593,2025,12,25,0,0,359,0,60,6514.38954559,163.41847476,116.98497308,9357.21791395,-3.82785641,-35.22754491,1501.32216959,7859.87664849,0.00000000,10717.89447893,-2.62883738,0.00000000,9416.18369773,0.00000000,1,1,1,0.40000000,180.00000000,1,0.40000000,180.00000000,2
16,1,8594,2025,12,25,1,0,359,60,60,10661.79013462,825.33932711,217.75173135,7955.51880241,31.37679385,217.86777333,37.73577860,10304.63787655,0.00000000,12667.37912208,-5.20308301,0.00000000,9585.23046824,0.00000000,1,1,1,0.40000000,180.00000000,1,0.40000000,180.00000000,2
16,1,8595,2025,12,25,2,0,359,120,60,11585.38550249,430.85946688,-269.46172818,3603.09974311,-65.99716716,184.61890259,-454.68282560,12779.68285387,0.00000000,12482.70404362,-75.63946108,0.00000000,10960.94131284,0.00000000,1,1,1,0.40000000,180.00000000,1,0.40000000,180.00000000,2
16,1,8596,2025,12,25,3,0,359,180,60,6285.92244796,657.22547975,-460.48487956,13802.63790523,-78.11399812,-126.05386173,1274.79907313,10513.53539360,0.00000000,10338.57667230,16.81317120,0.00000000,13294.86296156,0.00000000,1,1,1,0.40000000,180.00000000,1,0.40000000,180.00000000,2
16,1,8597,2025,12,25,4,0,359,240,60,8836.64378024,538.37274586,-320.31168292,5481.59856220,282.93114005,-174.41215583,1386.12859849,6260.28789145,0.00000000,12746.79781650,46.23284209,0.00000000,5060.91431970,0.00000000,1,1,1,0.40000000,180.00000000,1,0.40000000,180.00000000,2
16,1,8598,2025,12,25,5,0,359,300,60,6483.22626302,540.51981615,204.68296737,13145.90978838,-146.02257291,-176.45589344,408.08912489,13455.34827213,0.00000000,5895.48973904,0.52672581,0.00000000,5731.60619053,0.00000000,1,1,1,0.40000000,180.00000000,1,0.40000000,180.00000000,2
16,1,8599,2025,12,25,6,0,359,360,60,7403.93817487,572.09191867,-498.68130330,14225.62146212,-55.23192757,92.29448603,365.08531897,9832.08412313,0.00000000,12837.87540087,-57.96856906,0.00000000,5932.90156332,0.00000000,1,1,1,0.40000000,180.00000000,1,0.40000000,180.00000000,2
16,1,8600,2025,12,25,7,0,359,420,60,10864.80422963,351.64624100,-369.43381426,13229.64129707,-25.17254642,-126.03222579,845.91644298,13578.73318840,0.00000000,12614.17383427,24.04061364,0.00000000,15150.77718527,0.00000000,1,1,1,0.40000000,180.00000000,1,0.40000000,180.00000000,2
16,1,8601,2025,12,25,8,0,359,480,60,9199.53899090,633.90417680,-30.15949687,8821.60681719,-222.30681743,-22.04543049,-247.45140118,9977.33350731,0.00000000,7664.35793993,49.67344529,0.00000000,10323.30695304,0.00000000,1,1,2,1.00000000,450.00000000,2,1.00000000,450.00000000,2
16,1,8602,2025,12,25,9,0,359,540,60,12099.91950992,745.81476956,61.05976568,10739.21235757,84.96345980,157.46491715,804.67066129,12851.04182948,0.00000000,10988.05454427,-5.19608605,0.00000000,12441.38346041,0.00000000,1,1,2,1.00000000,450.00000000,2,1.00000000,450.00000000,2
16,1,8603,2025,12,25,10,0,359,600,60,7657.85316193,466.23115314,1513.72401539,9441.30368177,153.64664596,-208.01175022,-568.40265534,9452.79008961,0.00000000,11873.79336180,-30.27646122,0.00000000,17062.92213337,0.00000000,1,1,3,1.60000000,720.00000000,3,1.60000000,720.00000000,2
16,1,8604,2025,12,25,11,0,359,660,60,5577.58693774,711.31919132,1587.74530743,11727.69080130,-28.09773526,597.99317209,894.42029672,8357.32854651,0.00000000,9146.04474850,-9.75907013,0.00000000,14165.96674754,0.00000000,1,1,3,1.60000000,720.00000000,3,1.60000000,720.00000000,2
16,1,8605,2025,12,25,12,0,359,720,60,8519.50975912,456.86175560,1276.86723755,11556.05352910,-42.83423495,748.15356915,1460.48626241,12057.88486328,0.00000000,13441.19007852,38.92009710,0.00000000,12377.28214480,0.00000000,1,1,2,1.00000000,450.00000000,2,1.00000000,450.00000000,2
16,1,8606,2025,12,25,13,0,359,780,60,9712.24422223,659.66066578,1531.12342329,9139.59314134,37.26243286,586.41551695,2710.02280915,1092.03466913,0.00000000,10685.42890095,34.40485919,0.00000000,15783.38534338,0.00000000,1,1,2,1.00000000,450.00000000,2,1.00000000,450.00000000,2
16,1,8607,2025,12,25,14,0,359,840,60,11220.34822727,258.76878367,902.50426487,6674.90911834,-56.90312993,239.53793172,2481.86232470,4843.24935493,0.00000000,6436.34762657,23.32088590,0.00000000,7112.95416604,0.00000000,1,1,2,1.00000000,450.00000000,2,1.00000000,450.00000000,2
16,1,8608,2025,12,25,15,0,359,900,60,12997.20609301,417.79072365,821.09593024,8946.82009341,-13.23282767,362.64888534,2166.44111748,7041.08180731,0.00000000,4095.03566818,-1.61093527,0.00000000,11446.90487861,0.00000000,1,1,2,1.00000000,450.00000000,2,1.00000000,450.00000000,2
17,1,5238,2025,8,7,5,0,219,300,60,7381.18616365,365.44778601,186.15844196,11965.45372107,42.30003785,-20.32251735,594.14335042,7320.42694700,0.00000000,9061.34092390,12.21513578,0.00000000,7350.18487069,0.00000000,1,3,1,0.40000000,180.00000000,1,0.40000000,180.00000000,2
17,1,5239,2025,8,7,6,0,219,360,60,5440.06115164,501.39817584,144.14704986,9752.94746106,21.90096806,15.30082885,716.33977932,8299.02961352,0.00000000,5065.62966236,21.96597022,0.00000000,7303.81715964,0.00000000,1,3,1,0.40000000,180.00000000,1,0.40000000,180.00000000,2
17,1,5240,2025,8,7,7,0,219,420,60,9856.53064442,294.50067006,432.85345048,10334.66845110,11.78794529,-57.83240469,421.58763110,6996.22261552,0.00000000,8373.38775507,-63.49689458,0.00000000,6380.27547579,0.00000000,1,3,2,1.00000000,450.00000000,2,1.00000000,450.00000000,2
17,1,5241,2025,8,7,8,0,219,480,60,9206.01816561,236.90661083,510.91169127,14153.33413540,-45.46374312,-31.29314123,-277.01363854,10918.71609766,0.00000000,9711.26636848,34.45556562,0.00000000,4323.34774073,0.00000000,1,3,2,1.00000000,450.00000000,2,1.00000000,450.00000000,2
17,1,5242,2025,8,7,9,0,219,540,60,10203.10714750,398.72101706,1152.11626260,9253.09258996,79.96127016,-201.21286332,331.37320130,6680.96188183,0.00000000,6816.67110586,-28.51956594,0.00000000,13673.08122254,0.00000000,1,3,2,1.00000000,450.00000000,2,1.00000000,450.00000000,2
17,1,5243,2025,8,7,10,0,219,600,60,6064.81115393,408.86389279,2288.02758145,8058.44736660,-21.78852668,57.01493784,974.33489988,13374.79383992,0.00000000,9300.63848296,-32.25717453,0.00000000,7234.33157428,0.00000000,1,3,2,1.00000000,450.00000000,2,1.00000000,450.00000000,2
17,1,5244,2025,8,7,11,0,219,660,60,11212.00027760,184.36001350,1974.51800490,11587.55837223,196.29372195,650.56301804,2900.92921273,9797.03973774,0.00000000,10160.27262459,28.18095793,0.00000000,8716.13679429,0.00000000,1,3,3,1.60000000,720.00000000,3,1.60000000,720.00000000,2
17,1,5245,2025,8,7,12,0,219,720,60,11146.45102917,362.12572901,1903.48251470,6241.11792320,-50.44461094,1237.55030735,1548.47002845,9492.97621308,0.00000000,8376.06598886,-30.63348840,0.00000000,14039.97233617,0.00000000,1,3,3,1.60000000,720.00000000,3,1.60000000,720.00000000,2
17,1,5246,2025,8,7,13,0,219,780,60,10071.11085603,209.58418558,3155.27170016,6126.23221938,-139.07255205,809.33418088,2363.65182815,8036.85968994,0.00000000,10006.27247302,-38.58142909,0.00000000,10777.98629927,0.00000000,1,3,4,1.92000000,864.00000000,3,1.60000000,720.00000000,2
17,1,5247,2025,8,7,14,0,219,840,60,14941.52644147,249.41398507,1956.40212192,1906.98767264,59.34645722,881.01359625,2764.20560218,6487.97124986,0.00000000,7167.16084535,-54.96509313,0.00000000,7507.91034848,0.00000000,1,3,3,1.60000000,720.00000000,3,1.60000000,720.00000000,2
17,1,5248,2025,8,7,15,0,219,900,60,9959.29069253,229.60356926,1986.68904326,13223.34106268,-70.73964782,698.56484212,4118.19323423,6589.78825034,0.00000000,6958.89438889,61.68150101,0.00000000,14968.17151023,0.00000000,1,3,3,1.60000000,720.00000000,3,1.60000000,720.00000000,2
17,1,5249,2025,8,7,16,0,219,960,60,6113.90406021,212.55569929,1837.12760825,7828.20646191,-184.15746729,-36.22525707,4117.76366025,6511.16639665,0.00000000,10407.44372953,-29.38695846,0.00000000,2166.66621723,0.00000000,1,3,3,1.60000000,720.00000000,3,1.60000000,720.00000000,2
17,1,5250,2025,8,7,17,0,219,1020,60,10080.06236064,144.37620630,1122.64468748,6916.56563880,218.35408052,-84.53306045,5040.95977902,10163.33346145,0.00000000,15341.54608464,-13.38763208,0.00000000,10477.63667449,0.00000000,1,3,3,1.60000000,720.00000000,3,1.60000000,720.00000000,2
17,1,5251,2025,8,7,18,0,219,1080,60,10960.84566007,354.05633608,-203.88330916,15137.96624304,47.26373980,-171.78347701,3694.66475748,9482.01539723,0.00000000,9638.98088915,107.28451995,0.00000000,15038.69768326,0.00000000,1,3,2,1.00000000,450.00000000,2,1.00000000,450.00000000,2
17,1,5252,2025,8,7,19,0,219,1140,60,9329.24736982,250.11112321,102.97834845,5765.40133419,1184.83605179,-169.11421101,1438.81335668,3676.35674355,0.00000000,7380.49920325,59.38603358,0.00000000,11575.69334866,0.00000000,1,3,2,1.00000000,450.00000000,2,1.00000000,450.00000000,2
17,1,5253,2025,8,7,20,0,219,1200,60,9772.00516759,201.65969249,1235.17224147,10781.73458834,1152.70606714,-53.90803964,151.15402716,6742.40549393,0.00000000,12959.66943092,6.59364109,0.00000000,7878.55904111,0.00000000,1,3,3,1.60000000,720.00000000,3,1.60000000,720.00000000,2
17,1,5254,2025,8,7,21,0,219,1260,60,7134.80126367,-50.01618581,-48.22787003,8751.25600814,1229.72308328,-30.53608769,209.16266861,6998.06315365,0.00000000,6461.86838641,77.12829482,0.00000000,8989.27474383,0.00000000,1,3,4,1.92000000,864.00000000,3,1.60000000,720.00000000,2
17,1,5255,2025,8,7,22,0,219,1320,60,4390.81701441,319.42904856,-7.69068670,15177.76082901,-16.60757287,58.60101148,605.45798010,10601.69139244,0.00000000,10668.87853806,44.90307118,0.00000000,15942.46523537,0.00000000,2,3,4,1.92000000,864.00000000,3,1.60000000,720.00000000,2
17,1,5256,2025,8,7,23,0,219,1380,60,12454.71117264,55.75635105,-470.19322693,7839.17548353,-150.57390769,56.71585379,-186.62444054,8241.58655365,0.00000000,10446.62199024,-33.04450828,0.00000000,4279.70108036,0.00000000,1,3,2,1.00000000,450.00000000,2,1.00000000,450.00000000,2
17,1,5257,2025,8,8,0,0,220,0,60,10191.86779449,257.23314537,216.47902801,12274.99161010,50.86801551,-160.42829991,88.75204680,5910.56734776,0.00000000,10301.91607945,-70.26961662,0.00000000,12453.06297420,0.00000000,1,3,2,1.00000000,450.00000000,2,1.00000000,450.00000000,2
17,1,5258,2025,8,8,1,0,220,60,60,10435.50835499,101.21695152,35.81672536,6085.18283135,-111.95576042,93.80138626,174.41384231,6516.22313427,0.00000000,8032.19307338,10.26986735,0.00000000,8021.89110030,0.00000000,1,3,1,0.40000000,180.00000000,1,0.40000000,180.00000000,2
17,1,5259,2025,8,8,2,0,220,120,60,11823.25023699,151.11384447,270.82031023,7911.97044381,10.63245913,52.99396128,101.76295408,3997.47165492,0.00000000,9957.42893844,21.43158673,0.00000000,7959.77278416,0.00000000,1,3,1,0.40000000,180.00000000,1,0.40000000,180.00000000,2
17,1,5260,2025,8,8,3,0,220,180,60,4840.19031500,45.61660928,-352.05275862,8767.24801715,-120.65422159,5.09976164,-377.37135831,8296.82136678,0.00000000,5079.91576876,70.29729451,0.00000000,6615.40162549,0.00000000,1,3,1,0.40000000,180.00000000,1,0.40000000,180.00000000,2
17,1,5261,2025,8,8,4,0,220,240,60,9310.76703159,125.24013117,-553.46089144,12717.57863553,-46.60465724,-30.21462444,-68.53888672,11160.41559693,0.00000000,14191.98890592,-28.85860894,0.00000000,13775.36952200,0.00000000,1,3,1,0.40000000,180.00000000,1,0.40000000,180.00000000,2
17,1,5262,2025,8,8,5,0,220,300,60,12864.81379576,235.57925281,-506.10684787,7334.52448428,10.84281234,6.68344513,-501.65980464,5626.97044048,0.00000000,3783.94086277,7.58356374,0.00000000,2816.21158742,0.00000000,1,3,1,0.40000000,180.00000000,1,0.40000000,180.00000000,2
17,1,5263,2025,8,8,6,0,220,360,60,7712.21973343,468.82232108,227.16075646,9197.37249892,82.68049773,16.09491136,2176.40362604,11484.72480599,0.00000000,6374.47956512,28.77781119,0.00000000,10762.83360229,0.00000000,1,3,1,0.40000000,180.00000000,1,0.40000000,180.00000000,2
17,1,5264,2025,8,8,7,0,220,420,60,18099.85214488,455.56563014,825.77450798,12563.71087217,-98.79878913,-180.03727221,1146.73764029,5816.23697702,0.00000000,11753.04068803,14.89825643,0.00000000,15865.63711284,0.00000000,1,3,2,1.00000000,450.00000000,2,1.00000000,450.00000000,2
17,1,5265,2025,8,8,8,0,220,480,60,10327.84465845,264.02646296,723.83480912,9352.93913450,109.10928711,61.47126427,860.51833695,9984.73028068,0.00000000,8153.02519761,16.42528680,0.00000000,9402.26978279,0.00000000,1,3,2,1.00000000,450.00000000,2,1.00000000,450.00000000,2
17,1,5266,2025,8,8,9,0,220,540,60,10259.02478972,238.46317860,1978.57481342,4534.86871111,-129.13539886,25.27698609,789.78209033,9512.86681439,0.00000000,15422.41526369,-42.15230682,0.00000000,9945.17036316,0.00000000,1,3,2,1.00000000,450.00000000,2,1.00000000,450.00000000,2
17,1,5267,2025,8,8,10,0,220,600,60,3418.35065388,380.21833676,1849.92268727,10574.63004657,-184.18886985,-56.89175784,424.19188585,9967.30268723,0.00000000,9104.69086044,-14.78485924,0.00000000,7550.22393165,0.00000000,1,3,2,1.00000000,450.00000000,2,1.00000000,450.00000000,2
17,1,5268,2025,8,8,11,0,220,660,60,8640.29368508,319.22321127,2917.06045300,7617.51821235,41.58304305,745.25987090,898.36774829,8526.10499733,0.00000000,105.71534181,-33.36781037,0.00000000,9815.46450685,0.00000000,1,3,3,1.60000000,720.00000000,3,1.60000000,720.00000000,2
17,1,5269,2025,8,8,12,0,220,720,60,13347.01760514,439.86488693,2837.88663567,5925.38639869,166.49933866,937.74433807,1064.72963311,10548.04951391,0.00000000,10204.67789645,39.56889452,0.00000000,6791.37712057,0.00000000,1,3,3,1.60000000,720.00000000,3,1.60000000,720.00000000,2
17,1,5270,2025,8,8,13,0,220,780,60,11806.35075287,370.70390834,2132.87496814,5505.90649610,219.58615984,960.09349936,2175.55942914,5602.07275526,0.00000000,12081.88824780,14.39718576,0.00000000,13864.92898371,0.00000000,1,3,4,1.92000000,864.00000000,3,1.60000000,720.00000000,2
17,1,5271,2025,8,8,14,0,220,840,60,10079.44033452,66.09047099,2420.35184384,8267.88111151,-21.97952954,579.20228224,3093.75960383,11816.52269816,0.00000000,8489.71323240,-10.79982697,0.00000000,9995.91462040,0.00000000,1,3,3,1.60000000,720.00000000,3,1.60000000,720.00000000,2
17,1,5272,2025,8,8,15,0,220,900,60,6723.34062379,152.78755817,1616.10044473,7428.79140429,8.91578271,607.74748836,2923.73070462,8270.73293910,0.00000000,10863.56535943,38.95207926,0.00000000,9315.12948627,0.00000000,1,3,3,1.60000000,720.00000000,3,1.60000000,720.00000000,2
17,1,5273,2025,8,8,16,0,220,960,60,11083.61677659,53.78652472,1698.05348966,5446.25148499,-115.76693126,65.40507630,3307.88871443,12166.59034954,0.00000000,15159.62956039,-29.33019451,0.00000000,7656.43195924,0.00000000,1,3,3,1.60000000,720.00000000,3,1.60000000,720.00000000,2
17,1,5274,2025,8,8,17,0,220,1020,60,10773.90046699,28.74181910,754.54378483,7212.04086037,-144.69971330,131.23631557,2232.64193774,10573.40872305,0.00000000,10404.74619530,3.77420961,0.00000000,7794.59284319,0.00000000,1,3,3,1.60000000,720.00000000,3,1.60000000,720.00000000,2
17,1,5275,2025,8,8,18,0,220,1080,60,5388.17656751,15.17524424,387.66851123,11257.88342315,-235.69421250,79.85886468,3869.00785032,9952.03916166,0.00000000,7765.18015846,-0.27719247,0.00000000,10905.84109216,0.00000000,1,3,2,1.00000000,450.00000000,2,1.00000000,450.00000000,2
17,1,5276,2025,8,8,19,0,220,1140,60,11086.63133599,96.62549072,-103.01046130,11593.27318333,1176.79393147,-62.30854348,1752.42771782,9336.07947495,0.00000000,7418.98214696,34.98354068,0.00000000,12664.59264514,0.00000000,1,3,2,1.00000000,450.00000000,2,1.00000000,450.00000000,2
17,1,5277,2025,8,8,20,0,220,1200,60,11131.64026976,289.82600165,97.61232394,9646.41613283,1284.38527406,-161.04409204,1049.75190537,9395.05036592,0.00000000,10678.23665622,-37.02453584,0.00000000,13004.35581263,0.00000000,1,3,3,1.60000000,720.00000000,3,1.60000000,720.00000000,2
17,1,5278,2025,8,8,21,0,220,1260,60,8784.47141109,112.39915830,170.79435177,11931.94563837,-163.97584434,-39.19310504,1704.12510662,4697.75075264,0.00000000,6921.40005859,382.25136087,0.00000000,11485.63181338,0.00000000,2,3,4,1.92000000,864.00000000,3,1.60000000,720.00000000,2
17,1,5279,2025,8,8,22,0,220,1320,60,7511.92444880,5.07187438,-573.32254786,8136.48443955,-187.75788682,69.23325194,-218.69687246,5612.01692366,0.00000000,10424.06956316,122.27890299,0.00000000,10260.98208503,0.00000000,2,3,4,1.92000000,864.00000000,3,1.60000000,720.00000000,2
17,1,5280,2025,8,8,23,0,220,1380,60,10507.43033642,154.34200550,70.54905157,5531.14430468,147.50488599,-77.12028651,1138.78232182,6309.89863537,0.00000000,10226.19246933,37.77316013,0.00000000,9278.25719152,0.00000000,1,3,2,1.00000000,450.00000000,2,1.00000000,450.00000000,2
17,1,5281,2025,8,9,0,0,221,0,60,10467.25852533,83.29677305,-668.20073969,8617.29928826,-88.16637188,-7.19983068,-622.26622168,7102.83223933,0.00000000,8493.84712583,46.39159549,0.00000000,5080.45217354,0.00000000,1,3,2,1.00000000,450.00000000,2,1.00000000,450.00000000,2
17,1,5282,2025,8,9,1,0,221,60,60,4040.79123698,307.04098529,-80.90144965,8236.92042792,16.72658556,-104.28290605,172.09991689,8585.34733152,0.00000000,13809.65366243,-11.22146848,0.00000000,8278.03322724,0.00000000,1,3,1,0.40000000,180.00000000,1,0.40000000,180.00000000,2
17,1,5283,2025,8,9,2,0,221,120,60,11142.27690664,128.30848947,58.28000080,10938.64718458,-246.03894400,67.29942885,1192.92447520,7682.35808696,0.00000000,8379.37075216,29.75914492,0.00000000,6635.93473614,0.00000000,1,3,1,0.40000000,180.00000000,1,0.40000000,180.00000000,2
17,1,5284,2025,8,9,3,0,221,180,60,5166.51510060,87.71185893,-102.90355037,7463.06118320,153.34687381,-229.34916626,1734.64806160,11928.86404928,0.00000000,8311.81080397,2.81927091,0.00000000,5187.61631849,0.00000000,1,3,1,0.40000000,180.00000000,1,0.40000000,180.00000000,2
17,1,5285,2025,8,9,4,0,221,240,60,6588.84238902,271.10665785,-154.14530892,5137.22473236,137.49024099,19.54297552,1650.85037454,6308.66560665,0.00000000,3500.46433107,10.43366727,0.00000000,12243.79915695,0.00000000,1,3,1,0.40000000,180.00000000,1,0.40000000,180.00000000,2
17,1,5286,2025,8,9,5,0,221,300,60,8921.62781235,290.12257249,1388.46180027,8439.73941897,-144.86345953,-140.16219059,967.60645697,6977.17399339,0.00000000,10602.37344379,-10.05145407,0.00000000,6155.82610856,0.00000000,1,3,1,0.40000000,180.00000000,1,0.40000000,180.00000000,2
17,1,5287,2025,8,9,6,0,221,360,60,13176.52989276,65.07519370,884.12677587,7791.08928935,-49.45396793,-164.57142088,352.12684175,9487.32262731,0.00000000,9924.64810872,34.97171277,0.00000000,9338.48004078,0.00000000,1,3,1,0.40000000,180.00000000,1,0.40000000,180.00000000,2
17,1,5288,2025,8,9,7,0,221,420,60,17565.50130353,362.05540400,1532.33748292,4516.89186395,-196.69072425,-175.83015048,1998.14896601,9926.11529520,0.00000000,8079.87456138,-59.93259339,0.00000000,10584.74963128,0.00000000,1,3,2,1.00000000,450.00000000,2,1.00000000,450.00000000,2
17,1,5289,2025,8,9,8,0,221,480,60,7117.21135504,115.39575059,898.89120558,7104.58296363,-159.56983305,36.86520419,1827.81678024,10967.01692381,0.00000000,11460.45603369,-10.50728393,0.00000000,8657.16256125,0.00000000,1,3,2,1.00000000,450.00000000,2,1.00000000,450.00000000,2
17,1,5290,2025,8,9,9,0,221,540,60,10622.23454042,392.20319288,1371.48132644,5301.60412385,-155.62686020,73.47695996,1510.26736486,8988.96778060,0.00000000,8491.16332502,89.57912966,0.00000000,9395.47179814,0.00000000,1,3,2,1.00000000,450.00000000,2,1.00000000,450.00000000,2
17,1,5291,2025,8,9,10,0,221,600,60,11683.51530525,210.01446461,2476.60372872,10136.62502613,-7.37684776,-10.82354548,1389.49493339,11267.50904407,0.00000000,6720.11266185,62.15557715,0.00000000,10884.74402436,0.00000000,1,3,2,1.00000000,450.00000000,2,1.00000000,450.00000000,2
17,1,5292,2025,8,9,11,0,221,660,60,1771.33675975,227.65186283,2111.07419518,8712.72882144,-4.68431236,1055.64272841,1322.20814630,5499.00871879,0.00000000,14272.85374706,6.39202445,0.00000000,10380.75013112,0.00000000,1,3,3,1.60000000,720.00000000,3,1.60000000,720.00000000,2
17,1,5293,2025,8,9,12,0,221,720,60,15503.64751502,115.98810430,2715.38944336,2873.14257503,-178.95540857,840.38827066,1394.41313723,5049.69282943,0.00000000,12239.67181550,-50.62457254,0.00000000,9840.53041390,0.00000000,1,3,3,1.60000000,720.00000000,3,1.60000000,720.00000000,2
17,1,5294,2025,8,9,13,0,221,780,60,12597.76170168,115.08333134,2737.01123193,5205.30354283,-4.42102334,853.15324365,3400.93024707,5911.53479740,0.00000000,10993.33907905,-53.64680580,0.00000000,11289.76455466,0.00000000,1,3,4,1.92000000,864.00000000,3,1.60000000,720.00000000,2
17,1,5295,2025,8,9,14,0,221,840,60,8060.43953297,313.23288307,2228.33242698,5914.51889002,61.32286685,783.47812594,4403.69720644,11228.99182273,0.00000000,6553.57588658,27.63706346,0.00000000,10824.46768458,0.00000000,1,3,3,1.60000000,720.00000000,3,1.60000000,720.00000000,2
17,1,5296,2025,8,9,15,0,221,900,60,6442.53666084,183.66924623,1982.91488871,7447.27397027,218.23415538,879.44242755,5028.34979433,4962.31442957,0.00000000,11545.82586438,44.67923858,0.00000000,9097.64800035,0.00000000,1,3,3,1.60000000,720.00000000,3,1.60000000,720.00000000,2
17,1,5297,2025,8,9,16,0,221,960,60,10538.99052005,41.14927441,1208.71855510,8142.58225247,-207.12408549,17.52313122,6000.98102765,3902.89563716,0.00000000,7750.68987531,24.84992347,0.00000000,8136.25717448,0.00000000,1,3,3,1.60000000,720.00000000,3,1.60000000,720.00000000,2
17,1,5298,2025,8,9,17,0,221,1020,60,9471.69582507,223.71778505,903.36930075,8409.89549883,134.87208040,-181.90944796,4452.70022874,8750.30685888,0.00000000,7007.15194913,31.26570675,0.00000000,878.39417552,0.00000000,1,3,3,1.60000000,720.00000000,3,1.60000000,720.00000000,2
17,1,5299,2025,8,9,18,0,221,1080,60,10576.60863757,-13.53194884,65.40277518,14060.21284522,243.73693919,44.57390071,4722.04147985,13281.24380152,0.00000000,13445.87247424,77.09381280,0.00000000,8251.75490153,0.00000000,1,3,2,1.00000000,450.00000000,2,1.00000000,450.00000000,2
17,1,5300,2025,8,9,19,0,221,1140,60,11994.94007032,-76.67453993,-1.19324911,8280.09826631,1003.24589829,25.32317466,4125.07456145,12149.99898482,0.00000000,8605.83486903,-58.63501525,0.00000000,10821.39348816,0.00000000,1,3,2,1.00000000,450.00000000,2,1.00000000,450.00000000,2
17,1,5301,2025,8,9,20,0,221,1200,60,11538.34057515,148.55357390,-166.88629363,10993.10630845,1221.34138821,-45.41999619,1635.80333143,16021.44166022,0.00000000,6957.91720223,-43.20744519,0.00000000,12858.06554638,0.00000000,1,3,3,1.60000000,720.00000000,3,1.60000000,720.00000000,2
17,1,5302,2025,8,9,21,0,221,1260,60,10001.57588076,151.85223935,-331.51176478,4522.36110274,1102.81247320,-10.27244091,416.33386735,6139.53365177,0.00000000,9056.52401260,2.82942374,0.00000000,5896.76889105,0.00000000,1,3,4,1.92000000,864.00000000,3,1.60000000,720.00000000,2
17,1,5303,2025,8,9,22,0,221,1320,60,10325.14011447,44.95666688,67.11714469,10559.74117899,-57.61454040,86.25739018,-461.94004914,10727.46678106,0.00000000,9955.99437342,-16.50204832,0.00000000,8431.09018374,0.00000000,1,3,4,1.92000000,864.00000000,3,1.60000000,720.00000000,2
17,1,5304,2025,8,9,23,0,221,1380,60,11466.44877870,-41.68981160,0.67177998,11521.18954909,-105.64782953,-41.76435171,748.37777212,6660.36686826,0.00000000,13899.18114713,2.49214198,0.00000000,10672.75703557,0.00000000,1,3,2,1.00000000,450.00000000,2,1.00000000,450.00000000,2
17,1,5305,2025,8,10,0,0,222,0,60,2235.09470997,345.76336129,-34.68920507,7622.81610396,134.60341224,110.26715925,564.94790684,7176.89342657,0.00000000,5761.82188917,2.52139608,0.00000000,7973.75170649,0.00000000,1,3,2,1.00000000,450.00000000,2,1.00000000,450.00000000,2
17,1,5306,2025,8,10,1,0,222,60,60,8417.61165810,210.06369664,65.81329360,8563.25302908,-214.20111116,151.15259593,103.48837317,9674.00853100,0.00000000,7362.74756426,-41.91060058,0.00000000,8009.36129644,0.00000000,1,3,1,0.40000000,180.00000000,1,0.40000000,180.00000000,2
17,1,5307,2025,8,10,2,0,222,120,60,-387.78638807,49.96801940,-379.19615884,7164.98633918,105.19245259,-53.14493085,1118.85203963,4880.60901855,0.00000000,6058.54261183,-28.43155364,0.00000000,5347.17395688,0.00000000,1,3,1,0.40000000,180.00000000,1,0.40000000,180.00000000,2
17,1,5308,2025,8,10,3,0,222,180,60,6360.96248345,-33.76161187,-236.68193536,4867.34941214,5.28747525,196.50448129,-57.01411109,5850.84786021,0.00000000,7776.73193543,-8.13462166,0.00000000,5234.76921801,0.00000000,1,3,1,0.40000000,180.00000000,1,0.40000000,180.00000000,2
17,1,5309,2025,8,10,4,0,222,240,60,11217.37702557,40.39131333,-267.53300602,7433.25464279,-203.64519638,14.52774575,802.60901567,10293.26996137,0.00000000,8278.11650913,27.86372692,0.00000000,7811.95906251,0.00000000,1,3,1,0.40000000,180.00000000,1,0.40000000,180.00000000,2
17,1,5310,2025,8,10,5,0,222,300,60,5048.97396841,-48.43774282,-115.19603820,10065.57993647,-57.70337215,44.32810163,417.09948493,5123.58462914,0.00000000,10583.97595918,49.05131890,0.00000000,6300.38864724,0.00000000,1,3,1,0.40000000,180.00000000,1,0.40000000,180.00000000,2
17,1,5311,2025,8,10,6,0,222,360,60,10950.68086630,95.67234317,-49.06459039,6935.36413883,70.79212950,-79.09473993,829.66799169,5100.96383267,0.00000000,7204.83590127,-20.61790681,0.00000000,9553.07423862,0.00000000,1,3,1,0.40000000,180.00000000,1,0.40000000,180.00000000,2
17,1,5312,2025,8,10,7,0,222,420,60,5115.69439032,247.73803641,824.12721757,9551.91392785,40.92413425,-56.71624941,123.27273660,6093.12359015,0.00000000,5903.62324877,-21.62371764,0.00000000,6915.73282143,0.00000000,1,3,2,1.00000000,450.00000000,2,1.00000000,450.00000000,2
17,1,5313,2025,8,10,8,0,222,480,60,12938.69349979,185.75260172,430.53669451,10733.44000975,-19.76460179,-66.37937496,1536.60229586,8349.37709917,0.00000000,6769.02884742,-13.03888195,0.00000000,10611.51217175,0.00000000,1,3,2,1.00000000,450.00000000,2,1.00000000,450.00000000,2
17,1,5314,2025,8,10,9,0,222,540,60,11001.21886618,139.87572334,1722.42788966,7481.45742491,-28.85985380,36.23421317,161.58139487,5896.65813886,0.00000000,8821.85764417,5.82353308,0.00000000,7427.52332017,0.00000000,1,3,2,1.00000000,450.00000000,2,1.00000000,450.00000000,2
17,1,5315,2025,8,10,10,0,222,600,60,10046.10859820,181.70218185,2869.55206342,9567.76859266,-292.65109376,-102.76296483,582.38848702,11753.82782114,0.00000000,8521.25022265,-13.34188526,0.00000000,11256.05015076,0.00000000,1,3,2,1.00000000,450.00000000,2,1.00000000,450.00000000,2
17,1,5316,2025,8,10,11,0,222,660,60,8432.83258163,218.29519810,2770.24386487,3895.42025880,49.62507530,815.44218620,500.93125478,6892.12125052,0.00000000,9897.97149298,38.40375662,0.00000000,9676.02570162,0.00000000,1,3,3,1.60000000,720.00000000,3,1.60000000,720.00000000,2
17,1,5317,2025,8,10,12,0,222,720,60,8455.75761644,263.19418621,2165.91403539,10024.93772977,-64.62816386,828.64425024,2629.20172458,8693.65960986,0.00000000,12557.77604559,-61.29533345,0.00000000,10513.26483291,0.00000000,1,3,3,1.60000000,720.00000000,3,1.60000000,720.00000000,2
17,1,5318,2025,8,10,13,0,222,780,60,9511.13873683,233.22788638,2156.15644142,6968.18214918,18.43060866,856.58729314,2319.52219844,7402.05737306,0.00000000,15917.59783926,14.04181107,0.00000000,13271.23709448,0.00000000,1,3,4,1.92000000,864.00000000,3,1.60000000,720.00000000,2
17,1,5319,2025,8,10,14,0,222,840,60,7871.03655322,125.57984078,3179.43999996,9134.81940697,134.46742424,700.32686866,2988.32103218,6624.75512480,0.00000000,12066.04596200,4.91997409,0.00000000,10843.74052782,0.00000000,1,3,3,1.60000000,720.00000000,3,1.60000000,720.00000000,2
17,1,5320,2025,8,10,15,0,222,900,60,5701.90123049,-77.06808807,1541.71884614,8382.56167827,14.16578128,746.14068267,4012.27425010,8736.89291210,0.00000000,8014.17200954,14.76897876,0.00000000,9208.58856757,0.00000000,1,3,3,1.60000000,720.00000000,3,1.60000000,720.00000000,2
17,1,5321,2025,8,10,16,0,222,960,60,3618.49223295,210.11859575,1494.81827225,2949.14960793,116.79405905,43.25367878,4580.46423326,6655.61585148,0.00000000,10707.85298500,-25.57024683,0.00000000,10794.81559256,0.00000000,1,3,3,1.60000000,720.00000000,3,1.60000000,720.00000000,2
17,1,5322,2025,8,10,17,0,222,1020,60,3258.39023912,252.32967123,1622.91586675,13216.32822460,29.19778334,-148.41710376,3360.84267781,11388.40654184,0.00000000,4910.53109943,-57.01026206,0.00000000,10101.33733838,0.00000000,1,3,3,1.60000000,720.00000000,3,1.60000000,720.00000000,2
17,1,5323,2025,8,10,18,0,222,1080,60,9944.67517930,35.50437799,533.95776908,11152.11651032,-167.59403458,206.17813592,5124.70764238,11179.93854719,0.00000000,13153.85384611,-14.04755099,0.00000000,14371.30564807,0.00000000,1,3,2,1.00000000,450.00000000,2,1.00000000,450.00000000,2
17,1,5324,2025,8,10,19,0,222,1140,60,9215.49877784,11.17880163,-866.72305551,9004.85483695,1187.12307094,205.23902361,2378.42248899,6554.96905096,0.00000000,12990.97574076,-13.65267172,0.00000000,2417.38483866,0.00000000,1,3,2,1.00000000,450.00000000,2,1.00000000,450.00000000,2
17,1,5325,2025,8,10,20,0,222,1200,60,7229.05901733,10.03962887,554.06755418,11463.52003750,1052.58668891,-85.43563163,1290.83317903,11520.44532958,0.00000000,4750.08511632,-56.05451643,0.00000000,5914.43344027,0.00000000,1,3,3,1.60000000,720.00000000,3,1.60000000,720.00000000,2
17,1,5326,2025,8,10,21,0,222,1260,60,5131.20960843,79.37691211,-364.11153187,10068.31050401,1277.44548862,-173.64757108,1071.32695901,14075.78659172,0.00000000,6533.57951885,14.49812351,0.00000000,10669.80339232,0.00000000,1,3,4,1.92000000,864.00000000,3,1.60000000,720.00000000,2
17,1,5327,2025,8,10,22,0,222,1320,60,12594.76142054,103.63324785,411.88509736,15797.57245339,79.72672015,32.14389913,706.85761683,14209.99987216,0.00000000,6558.50395236,-19.46682955,0.00000000,11820.53284096,0.00000000,1,3,4,1.92000000,864.00000000,3,1.60000000,720.00000000,2
17,1,5328,2025,8,10,23,0,222,1380,60,10590.45451105,32.49370828,566.36068903,5277.47181628,-95.92450380,-20.49732688,794.32440678,12114.24258853,0.00000000,7668.51170816,5.67145627,0.00000000,9100.80701868,0.00000000,1,3,2,1.00000000,450.00000000,2,1.00000000,450.00000000,2
17,1,5329,2025,8,11,0,0,223,0,60,6927.01310185,58.40048228,-254.71914069,10796.64474641,-202.88629350,129.64719027,115.74607811,10324.24983511,0.00000000,720.96863852,0.89851174,0.00000000,10416.26837260,0.00000000,1,3,2,1.00000000,450.00000000,2,1.00000000,450.00000000,2
17,1,5330,2025,8,11,1,0,223,60,60,4341.78597806,86.10763516,7.93111284,10892.78897266,-24.57895852,1.57642681,-295.29884954,6440.79755547,0.00000000,15088.93827716,15.20746945,0.00000000,4973.52474928,0.00000000,1,3,1,0.40000000,180.00000000,1,0.40000000,180.00000000,2
17,1,5331,2025,8,11,2,0,223,120,60,2954.72741753,122.32221304,676.70357527,12212.82582546,37.54896418,-106.74365296,-227.99533627,12358.63558733,0.00000000,7597.01174741,-35.54815449,0.00000000,9107.69050315,0.00000000,1,3,1,0.40000000,180.00000000,1,0.40000000,180.00000000,2
17,1,5332,2025,8,11,3,0,223,180,60,4585.66746800,140.05457931,491.06087671,10507.67653823,-184.08768751,159.89231185,-1049.55421572,7164.89275157,0.00000000,8991.09156124,4.46337342,0.00000000,6111.20653539,0.00000000,1,3,1,0.40000000,180.00000000,1,0.40000000,180.00000000,2
17,1,5333,2025,8,11,4,0,223,240,60,11509.24638586,156.94263464,801.96991328,11127.10685732,12.40565065,-52.28786535,-2.04134195,5560.60106798,0.00000000,7200.29844051,18.74045413,0.00000000,6243.33627318,0.00000000,1,3,1,0.40000000,180.00000000,1,0.40000000,180.00000000,2
17,1,5334,2025,8,11,5,0,223,300,60,15324.49484157,17.07144092,-322.83626855,7318.56521366,-27.14615716,-11.83792372,618.85078602,7553.13676854,0.00000000,8992.43098480,84.16183966,0.00000000,10249.55954936,0.00000000,1,3,1,0.40000000,180.00000000,1,0.40000000,180.00000000,2
17,1,5335,2025,8,11,6,0,223,360,60,14020.35037941,286.50062812,-660.44532695,15995.13577538,-34.98126345,-164.97053106,-90.75098063,9630.14922239,0.00000000,15594.52711499,2.66050607,0.00000000,11109.84515665,0.00000000,1,3,1,0.40000000,180.00000000,1,0.40000000,180.00000000,2
17,1,5336,2025,8,11,7,0,223,420,60,9279.71986255,41.33309705,795.04656839,9067.93591585,-152.27564761,-47.36599494,-1049.79820945,7107.95289324,0.00000000,16352.29383723,16.91565317,0.00000000,10787.22349675,0.00000000,1,3,2,1.00000000,450.00000000,2,1.00000000,450.00000000,2
17,1,5337,2025,8,11,8,0,223,480,60,5934.23135449,13.75703528,1855.53723948,10225.00812739,12.51511907,156.86245855,-731.83200522,9742.27990418,0.00000000,9707.35328852,41.08243256,0.00000000,9045.33709999,0.00000000,1,3,2,1.00000000,450.00000000,2,1.00000000,450.00000000,2
18,1,4694,2025,7,15,13,0,196,780,60,10100.74548911,335.65894306,2863.85827216,5136.58865095,104.80786904,935.71548550,3479.62577341,4941.32570505,0.00000000,11123.11996519,25.80000499,0.00000000,5571.69745159,0.00000000,1,3,4,1.92000000,864.00000000,3,1.60000000,720.00000000,2
18,1,4695,2025,7,15,14,0,196,840,60,11968.82818241,131.51288635,2299.68536208,7607.48799508,50.54335255,679.28589340,2219.96173169,2019.51112071,0.00000000,8573.49981529,54.31687616,0.00000000,5297.69932668,0.00000000,1,3,3,1.60000000,720.00000000,3,1.60000000,720.00000000,2
18,1,4696,2025,7,15,15,0,196,900,60,17214.83992428,177.21989181,1815.97471568,6910.60406375,86.48357639,672.26736449,5054.66475951,6368.56779525,0.00000000,7320.91340293,-14.95967219,0.00000000,9998.74336618,0.00000000,1,3,3,1.60000000,720.00000000,3,1.60000000,720.00000000,2
18,1,4697,2025,7,15,16,0,196,960,60,9909.72880942,349.67233479,1101.69797276,7538.87645437,-71.67286092,266.24166815,5524.97408058,11082.34113993,0.00000000,5204.75771229,-50.84931495,0.00000000,9490.12196136,0.00000000,1,3,3,1.60000000,720.00000000,3,1.60000000,720.00000000,2
18,1,4698,2025,7,15,17,0,196,1020,60,17435.76633062,105.41006547,228.74066082,5774.79797886,-28.56871013,219.29018397,5333.99006343,11697.45490096,0.00000000,6614.72562177,-2.86596706,0.00000000,8984.55153981,0.00000000,1,3,3,1.60000000,720.00000000,3,1.60000000,720.00000000,2
18,1,4699,2025,7,15,18,0,196,1080,60,5616.98081384,68.31470995,427.47112184,8567.61583035,10.12681840,-29.78234651,4255.82381646,14271.29989382,0.00000000,13070.63263959,-56.61755253,0.00000000,7657.11248996,0.00000000,1,3,2,1.00000000,450.00000000,2,1.00000000,450.00000000,2
18,1,4700,2025,7,15,19,0,196,1140,60,13428.64832010,156.06721304,238.29261569,9068.06045628,1306.97371036,-60.24932355,2916.88493884,7671.24515543,0.00000000,7226.30926749,50.09198883,0.00000000,13891.94933684,0.00000000,1,3,2,1.00000000,450.00000000,2,1.00000000,450.00000000,2
18,1,4701,2025,7,15,20,0,196,1200,60,13360.87499079,338.70233295,391.22135420,10311.35385782,1197.96970646,133.56199967,2562.76798716,7785.41242776,0.00000000,11856.62139649,-0.74580772,0.00000000,9229.91710802,0.00000000,1,3,3,1.60000000,720.00000000,3,1.60000000,720.00000000,2
18,1,4702,2025,7,15,21,0,196,1260,60,14749.00703580,411.50362620,-2.01824866,9814.69746454,1127.64809653,127.38103121,148.47465643,4634.50212543,0.00000000,6817.56610696,-0.04513920,0.00000000,14322.78894995,0.00000000,1,3,4,1.92000000,864.00000000,3,1.60000000,720.00000000,2
18,1,4703,2025,7,15,22,0,196,1320,60,5605.85707850,173.61583641,500.17500760,8905.90602307,-98.17507520,137.39334825,1768.62566775,7646.35273960,0.00000000,12248.52420569,63.32731328,0.00000000,11208.31749086,0.00000000,1,3,4,1.92000000,864.00000000,3,1.60000000,720.00000000,2
18,1,4704,2025,7,15,23,0,196,1380,60,13949.03056056,187.23588391,96.77697475,9773.97588885,-29.67303683,85.32716890,964.45301428,4742.38681909,0.00000000,7192.27136584,-60.10471385,0.00000000,17214.06604708,0.00000000,1,3,2,1.00000000,450.00000000,2,1.00000000,450.00000000,2
18,1,4705,2025,7,16,0,0,197,0,60,5505.45479784,414.66770881,168.59164080,9118.94499149,-101.82407459,111.87729457,93.29349060,7090.84298329,0.00000000,11391.76564450,20.14029319,0.00000000,9563.51101252,0.00000000,1,3,2,1.00000000,450.00000000,2,1.00000000,450.00000000,2
18,1,4706,2025,7,16,1,0,197,60,60,10202.36844004,193.95310193,723.82338424,8232.30629592,14.66019814,118.80913621,44.80224021,9273.93277012,0.00000000,9512.81799900,19.93825707,0.00000000,11154.26841791,0.00000000,1,3,1,0.40000000,180.00000000,1,0.40000000,180.00000000,2
18,1,4707,2025,7,16,2,0,197,120,60,9526.55214680,498.39248502,131.73218728,7223.20564523,-241.37379646,101.90130751,-507.24755146,10822.70154933,0.00000000,8460.91138372,14.61440339,0.00000000,9566.84751143,0.00000000,1,3,1,0.40000000,180.00000000,1,0.40000000,180.00000000,2
18,1,4708,2025,7,16,3,0,197,180,60,9655.47780180,248.37111711,28.78317161,7684.95124472,-21.20250759,-4.50809732,219.19034424,8125.30383655,0.00000000,13136.47594657,18.96676606,0.00000000,7337.80052516,0.00000000,1,3,1,0.40000000,180.00000000,1,0.40000000,180.00000000,2
18,1,4709,2025,7,16,4,0,197,240,60,13943.29734746,128.71520070,-138.06386347,5825.65090022,38.51749708,153.44637680,1146.74037604,7577.42085485,0.00000000,5511.36256994,-45.38141153,0.00000000,9752.17255420,0.00000000,1,3,1,0.40000000,180.00000000,1,0.40000000,180.00000000,2
18,1,4710,2025,7,16,5,0,197,300,60,11158.30764626,75.69957651,-310.33510656,8860.58867849,-162.75079241,-16.34671297,591.16373909,10331.99430839,0.00000000,11141.33350844,28.37889129,0.00000000,9517.10517956,0.00000000,1,3,1,0.40000000,180.00000000,1,0.40000000,180.00000000,2
18,1,4711,2025,7,16,6,0,197,360,60,-104.86596698,605.54407320,468.96731919,9270.61549162,-201.29781446,-72.58529641,691.69729402,8989.29673943,0.00000000,6828.28823481,7.42589410,0.00000000,11051.30321469,0.00000000,1,3,1,0.40000000,180.00000000,1,0.40000000,180.00000000,2
18,1,4712,2025,7,16,7,0,197,420,60,4054.10691873,406.36671677,1291.48457023,2779.36798074,116.77771041,56.79380971,1274.67007123,12189.56943816,0.00000000,8567.32840067,-31.35512812,0.00000000,7826.38027847,0.00000000,1,3,2,1.00000000,450.00000000,2,1.00000000,450.00000000,2
18,1,4713,2025,7,16,8,0,197,480,60,9249.18446177,528.40501916,1213.74017708,6567.50074072,27.56543161,59.86348228,359.67433401,7898.92211930,0.00000000,13041.54963535,2.92859729,0.00000000,10341.68855604,0.00000000,1,3,2,1.00000000,450.00000000,2,1.00000000,450.00000000,2
18,1,4714,2025,7,16,9,0,197,540,60,9512.10830736,131.22633533,1520.41593777,7366.04497707,-15.44547542,88.25604289,1666.30221913,3567.10961622,0.00000000,7544.42455016,-32.41435819,0.00000000,8644.04363022,0.00000000,1,3,2,1.00000000,450.00000000,2,1.00000000,450.00000000,2
18,1,4715,2025,7,16,10,0,197,600,60,9573.03085690,439.32611375,2052.22846850,9199.47620761,190.77831954,100.67972813,-77.31385548,6970.96342214,0.00000000,5327.73424912,-10.48693808,0.00000000,11696.45136216,0.00000000,1,3,2,1.00000000,450.00000000,2,1.00000000,450.00000000,2
18,1,4716,2025,7,16,11,0,197,660,60,13840.97533072,494.04033582,2815.96601632,8895.24559907,313.67887730,1038.54608395,1108.29307060,3960.50910362,0.00000000,10749.59380651,-12.86995078,0.00000000,8764.17657944,0.00000000,1,3,3,1.60000000,720.00000000,3,1.60000000,720.00000000,2
18,1,4717,2025,7,16,12,0,197,720,60,6750.95048482,268.96010022,2311.51928639,2773.62974461,-40.47308935,937.51576225,2608.62815302,4094.17432728,0.00000000,15487.03118157,-0.70489048,0.00000000,7884.07988050,0.00000000,1,3,3,1.60000000,720.00000000,3,1.60000000,720.00000000,2
18,1,4718,2025,7,16,13,0,197,780,60,10751.39365774,423.55740494,2359.06167271,7540.71034369,140.23773122,894.75328648,3322.19877021,6619.23948776,0.00000000,7026.84961095,-50.66356350,0.00000000,15526.11302690,0.00000000,1,3,4,1.92000000,864.00000000,3,1.60000000,720.00000000,2
18,1,4719,2025,7,16,14,0,197,840,60,11097.37723962,494.73785565,1539.00353861,6379.58509929,-25.79092009,662.11799312,3843.23203573,6182.80171067,0.00000000,6301.91978111,-31.80525866,0.00000000,7793.31216796,0.00000000,1,3,3,1.60000000,720.00000000,3,1.60000000,720.00000000,2
18,1,4720,2025,7,16,15,0,197,900,60,5362.36546756,135.89419681,2342.74700307,4058.21622416,-67.31628740,677.58916606,5027.18924052,5554.43619688,0.00000000,5432.32846826,34.93998825,0.00000000,12362.05819255,0.00000000,1,3,3,1.60000000,720.00000000,3,1.60000000,720.00000000,2
18,1,4721,2025,7,16,16,0,197,960,60,12224.09619978,398.18246658,1100.53433756,10962.16195098,-112.27974503,-61.37499361,3059.69644888,9108.51701002,0.00000000,7718.30205235,-32.31918989,0.00000000,7761.15487917,0.00000000,1,3,3,1.60000000,720.00000000,3,1.60000000,720.00000000,2
18,1,4722,2025,7,16,17,0,197,1020,60,10296.34881471,231.12072184,105.18420400,7256.50950501,-189.11867706,-130.61587506,3569.55457177,3554.17466048,0.00000000,6489.91067299,49.59146279,0.00000000,8835.20796024,0.00000000,1,3,3,1.60000000,720.00000000,3,1.60000000,720.00000000,2
18,1,4723,2025,7,16,18,0,197,1080,60,5751.24777742,245.70467611,258.00215717,7359.42313991,-177.58772062,21.52554686,4139.13695795,13169.19284868,0.00000000,10219.11841083,-0.40207030,0.00000000,11540.47260177,0.00000000,1,3,2,1.00000000,450.00000000,2,1.00000000,450.00000000,2
18,1,4724,2025,7,16,19,0,197,1140,60,7522.62881213,255.38935779,-311.62084333,11413.85621749,1258.43511699,-27.75229116,2977.70618188,8707.44546168,0.00000000,8956.22748470,-23.56007334,0.00000000,8087.31953439,0.00000000,1,3,2,1.00000000,450.00000000,2,1.00000000,450.00000000,2
18,1,4725,2025,7,16,20,0,197,1200,60,11348.53708163,22.41568167,99.88427257,5762.92584707,1197.19196294,-1.68410646,1389.01665732,10875.28516006,0.00000000,6972.81640657,-48.56372879,0.00000000,12539.00279059,0.00000000,1,3,3,1.60000000,720.00000000,3,1.60000000,720.00000000,2
18,1,4726,2025,7,16,21,0,197,1260,60,7492.83513507,164.94298246,517.74910730,4360.84604863,1330.26069338,171.01531715,587.93908719,10751.62098382,0.00000000,5727.73341848,66.44913495,0.00000000,12025.01449572,0.00000000,1,3,4,1.92000000,864.00000000,3,1.60000000,720.00000000,2
18,1,4727,2025,7,16,22,0,197,1320,60,6488.31878852,347.46574773,43.99525208,13258.84223918,-53.55782087,131.36857558,120.61876283,12030.08593161,0.00000000,5752.34528293,-26.14841553,0.00000000,5040.87180226,0.00000000,1,3,4,1.92000000,864.00000000,3,1.60000000,720.00000000,2
18,1,4728,2025,7,16,23,0,197,1380,60,8072.14853144,-219.27573904,544.87049127,8157.04356571,-22.26343598,19.18563116,-955.75271011,3446.60153973,0.00000000,10375.54846119,-29.27390628,0.00000000,7935.79824914,0.00000000,1,3,2,1.00000000,450.00000000,2,1.00000000,450.00000000,2
18,1,4729,2025,7,17,0,0,198,0,60,10111.13136351,237.86565903,302.98747675,9382.66075338,31.33023719,-2.40649659,-703.07832750,11621.42009354,0.00000000,9379.41707564,11.99344073,0.00000000,12129.98240068,0.00000000,1,3,2,1.00000000,450.00000000,2,1.00000000,450.00000000,2
18,1,4730,2025,7,17,1,0,198,60,60,11669.34809616,273.42077539,-172.08160430,8723.52849611,139.36010614,118.30951661,1580.59106174,8378.66451616,0.00000000,11245.64822052,-19.01296205,0.00000000,7472.89415750,0.00000000,1,3,1,0.40000000,180.00000000,1,0.40000000,180.00000000,2
18,1,4731,2025,7,17,2,0,198,120,60,8438.43034161,396.33654706,-280.36617784,9490.27546416,153.86182803,-83.57509218,-536.20052755,10906.53062128,0.00000000,7545.72958620,8.77797940,0.00000000,10024.96531110,0.00000000,1,3,1,0.40000000,180.00000000,1,0.40000000,180.00000000,2
18,1,4732,2025,7,17,3,0,198,180,60,13959.15792581,475.20654443,186.70418477,10571.22927983,46.00031314,-159.16660537,-141.71660973,7006.74016604,0.00000000,11950.54109473,1.54093192,0.00000000,4644.80511306,0.00000000,1,3,1,0.40000000,180.00000000,1,0.40000000,180.00000000,2
18,1,4733,2025,7,17,4,0,198,240,60,9742.91467050,395.69264732,-165.05061787,8134.42625190,164.89532253,-150.26639431,185.46741308,12699.09107514,0.00000000,8719.94560387,23.13145483,0.00000000,9597.30940629,0.00000000,1,3,1,0.40000000,180.00000000,1,0.40000000,180.00000000,2
18,1,4734,2025,7,17,5,0,198,300,60,7651.13361064,492.80625897,-11.99040064,8252.92094531,-49.81074361,100.75655555,-452.06248915,7808.39976988,0.00000000,6286.32482468,14.66918033,0.00000000,9189.16793022,0.00000000,1,3,1,0.40000000,180.00000000,1,0.40000000,180.00000000,2
18,1,4735,2025,7,17,6,0,198,360,60,5729.38582211,295.55267669,139.57926161,8735.39348078,-30.67470748,-187.58461833,337.10915126,6896.79205467,0.00000000,9676.89722152,11.67843665,0.00000000,14197.39491581,0.00000000,1,3,1,0.40000000,180.00000000,1,0.40000000,180.00000000,2
18,1,4736,2025,7,17,7,0,198,420,60,4567.35385366,545.96046824,698.17954192,4068.83775616,-3.24103337,-112.29174570,-144.66040608,10032.44242207,0.00000000,10059.60485542,-59.15204981,0.00000000,10503.27643345,0.00000000,1,3,2,1.00000000,450.00000000,2,1.00000000,450.00000000,2
18,1,4737,2025,7,17,8,0,198,480,60,6858.48721243,286.26017018,1554.75012205,7217.75970076,21.88603990,-50.47623327,1088.17886485,9499.67432910,0.00000000,10179.23566554,16.44066077,0.00000000,9871.56912621,0.00000000,1,3,2,1.00000000,450.00000000,2,1.00000000,450.00000000,2
18,1,4738,2025,7,17,9,0,198,540,60,10831.30386794,461.65784168,1485.34134774,7927.28872661,-7.20949560,132.39323622,341.38384018,10580.02234039,0.00000000,5309.78925768,10.98010287,0.00000000,5060.40324608,0.00000000,1,3,2,1.00000000,450.00000000,2,1.00000000,450.00000000,2
18,1,4739,2025,7,17,10,0,198,600,60,10656.57990006,484.20832066,2299.74624148,4520.09816547,156.14747951,205.78896484,-196.81155684,3325.70516406,0.00000000,9509.95385649,13.32088841,0.00000000,10453.30906269,0.00000000,1,3,2,1.00000000,450.00000000,2,1.00000000,450.00000000,2
18,1,4740,2025,7,17,11,0,198,660,60,11019.26354677,601.72324036,1779.15046423,7120.77924158,198.74734416,935.40833132,1092.08952462,8870.47085263,0.00000000,13244.44228321,-49.33869697,0.00000000,8743.14960109,0.00000000,1,3,3,1.60000000,720.00000000,3,1.60000000,720.00000000,2
18,1,4741,2025,7,17,12,0,198,720,60,7072.09322655,287.02643051,2650.36843531,8429.94516293,17.13175747,893.15847008,2181.40866925,5207.76264214,0.00000000,10447.93198447,5.96399379,0.00000000,10648.67627104,0.00000000,1,3,3,1.60000000,720.00000000,3,1.60000000,720.00000000,2
18,1,4742,2025,7,17,13,0,198,780,60,5872.31819228,513.96386590,2681.42420315,8871.70053494,58.31558666,990.55004499,2375.48074731,10085.46293767,0.00000000,10758.34846347,-35.82427469,0.00000000,7428.73620042,0.00000000,1,3,4,1.92000000,864.00000000,3,1.60000000,720.00000000,2
18,1,4743,2025,7,17,14,0,198,840,60,12180.25610897,362.09029863,2923.21883608,9256.05072779,107.24572562,731.56433763,2322.87999230,8865.83798074,0.00000000,15743.44156403,-39.67636473,0.00000000,7054.56807859,0.00000000,1,3,3,1.60000000,720.00000000,3,1.60000000,720.00000000,2
18,1,4744,2025,7,17,15,0,198,900,60,7577.70128646,9.65978288,1269.45804290,10172.06141830,100.31460360,563.09414003,3807.97725911,4545.06189795,0.00000000,10928.06724131,23.66705900,0.00000000,10688.52808531,0.00000000,1,3,3,1.60000000,720.00000000,3,1.60000000,720.00000000,2
18,1,4745,2025,7,17,16,0,198,960,60,10415.58701495,434.50162376,1290.11838308,6469.28815671,243.45627979,209.46856968,3669.55359777,7149.93728018,0.00000000,9048.29779532,26.30102394,0.00000000,8524.35775060,0.00000000,1,3,3,1.60000000,720.00000000,3,1.60000000,720.00000000,2
18,1,4746,2025,7,17,17,0,198,1020,60,9762.29098797,338.18858905,473.03542143,5148.42300089,67.05048401,47.37378411,3072.52215822,8733.30708090,0.00000000,10522.99929424,-28.18302399,0.00000000,10257.06182050,0.00000000,1,3,3,1.60000000,720.00000000,3,1.60000000,720.00000000,2
18,1,4747,2025,7,17,18,0,198,1080,60,9720.20361383,539.85558767,608.98760316,5108.85819463,-230.37110002,2.71876472,3742.39574139,10274.28013455,0.00000000,8354.47105138,-15.94450713,0.00000000,11168.67870727,0.00000000,1,3,2,1.00000000,450.00000000,2,1.00000000,450.00000000,2
18,1,4748,2025,7,17,19,0,198,1140,60,17706.06094321,132.08070524,-18.73053692,10190.61550925,1238.72932831,107.38522963,1983.63153016,11477.41087083,0.00000000,4852.21121417,40.57348661,0.00000000,10630.02412952,0.00000000,1,3,2,1.00000000,450.00000000,2,1.00000000,450.00000000,2
18,1,4749,2025,7,17,20,0,198,1200,60,9557.58872709,151.37770692,6.41239679,5684.21175799,1247.05953247,-243.03904497,911.65688373,8985.36999708,0.00000000,7501.22124094,-42.85108555,0.00000000,13612.62467620,0.00000000,1,3,3,1.60000000,720.00000000,3,1.60000000,720.00000000,2
18,1,4750,2025,7,17,21,0,198,1260,60,6360.58905922,323.71239331,-400.89225884,8788.77827937,20.79000955,-122.42771025,-816.55033633,13524.32101344,0.00000000,11546.57556260,41.26946908,0.00000000,9923.66702770,0.00000000,1,3,4,1.92000000,864.00000000,3,1.60000000,720.00000000,2
18,1,4751,2025,7,17,22,0,198,1320,60,9564.72928290,69.22522137,-463.52113094,7832.72796589,69.19980331,-85.13867474,1782.97967681,15076.65708755,0.00000000,9965.18883744,65.66333004,0.00000000,15506.47304631,0.00000000,1,3,4,1.92000000,864.00000000,3,1.60000000,720.00000000,2
18,1,4752,2025,7,17,23,0,198,1380,60,9665.60200276,276.47614142,-590.45872060,6706.27786172,-59.99518831,70.73650156,1372.74008741,8252.69494901,0.00000000,8497.24770771,-12.09132123,0.00000000,14366.95565083,0.00000000,1,3,2,1.00000000,450.00000000,2,1.00000000,450.00000000,2
18,1,4753,2025,7,18,0,0,199,0,60,12600.47928141,416.07183673,324.09116032,5463.57808784,-181.19091058,-144.79255630,1941.49728713,11626.24394508,0.00000000,10895.25706666,-42.49136604,0.00000000,7706.71169161,0.00000000,1,3,2,1.00000000,450.00000000,2,1.00000000,450.00000000,2
18,1,4754,2025,7,18,1,0,199,60,60,9266.15202603,370.33545574,61.05550064,5893.15228238,-14.42477997,300.81089273,1535.65884426,8042.82412429,0.00000000,8689.15606567,8.73738284,0.00000000,5764.29453129,0.00000000,1,3,1,0.40000000,180.00000000,1,0.40000000,180.00000000,2
18,1,4755,2025,7,18,2,0,199,120,60,5485.30559573,515.28187754,-332.19520376,7344.36120427,-23.16239229,-24.49368515,927.87775109,9969.28023903,0.00000000,9142.37483543,32.79202992,0.00000000,11494.40288615,0.00000000,1,3,1,0.40000000,180.00000000,1,0.40000000,180.00000000,2
18,1,4756,2025,7,18,3,0,199,180,60,6139.72111837,717.49232257,263.24924481,6217.70967934,128.66966938,181.20668113,1030.92853002,4393.90344899,0.00000000,4399.21873626,26.32957695,0.00000000,13769.17705155,0.00000000,1,3,1,0.40000000,180.00000000,1,0.40000000,180.00000000,2
18,1,4757,2025,7,18,4,0,199,240,60,8228.28020605,402.50591121,-212.18917724,10745.92134140,121.61815925,126.05721155,1197.96125373,6505.83372333,0.00000000,8706.43393618,-40.47529693,0.00000000,9475.35149986,0.00000000,1,3,1,0.40000000,180.00000000,1,0.40000000,180.00000000,2
18,1,4758,2025,7,18,5,0,199,300,60,10498.85192578,563.84791029,-56.67506490,10098.13588290,286.34378118,22.35079130,1704.96407963,13397.74227366,0.00000000,9499.09928145,-28.54675565,0.00000000,11339.68430092,0.00000000,1,3,1,0.40000000,180.00000000,1,0.40000000,180.00000000,2
18,1,4759,2025,7,18,6,0,199,360,60,10951.50307798,424.66428635,-27.69429612,9646.06189039,287.93424612,-51.54079461,1020.11832855,8609.76903950,0.00000000,7460.84841830,68.65784672,0.00000000,5254.42539867,0.00000000,1,3,1,0.40000000,180.00000000,1,0.40000000,180.00000000,2
18,1,4760,2025,7,18,7,0,199,420,60,7876.30630298,492.54765913,1088.83028880,12285.86929639,216.12044866,-219.33007771,156.52818871,9666.95325501,0.00000000,11530.80904446,36.39452266,0.00000000,12497.80949494,0.00000000,1,3,2,1.00000000,450.00000000,2,1.00000000,450.00000000,2
18,1,4761,2025,7,18,8,0,199,480,60,6907.05436675,486.13451285,1827.86939141,8029.74089492,52.06342958,247.62285271,354.38727087,8828.06625871,0.00000000,5217.17158116,77.72277163,0.00000000,10973.23481463,0.00000000,1,3,2,1.00000000,450.00000000,2,1.00000000,450.00000000,2
18,1,4762,2025,7,18,9,0,199,540,60,13178.78853930,569.99968181,1979.00106013,7278.67259045,16.91641101,174.69223698,1120.49794142,8074.13166312,0.00000000,9946.50120084,16.53942360,0.00000000,8524.50363545,0.00000000,1,3,2,1.00000000,450.00000000,2,1.00000000,450.00000000,2
18,1,4763,2025,7,18,10,0,199,600,60,12044.19406054,441.87132683,1717.34353660,8028.28946720,7.50298495,36.18998949,1348.15486840,7770.31931016,0.00000000,9296.23695033,-25.91071560,0.00000000,8322.40333811,0.00000000,1,3,2,1.00000000,450.00000000,2,1.00000000,450.00000000,2
18,1,4764,2025,7,18,11,0,199,660,60,14167.29142340,407.85432831,1820.36938915,6607.76723324,-108.37186336,777.10473700,1346.51546498,8162.04955906,0.00000000,8304.06215337,-21.16964968,0.00000000,15173.40957815,0.00000000,1,3,3,1.60000000,720.00000000,3,1.60000000,720.00000000,2
18,1,4765,2025,7,18,12,0,199,720,60,13591.88351047,520.10237817,3076.91198307,8536.75994539,-108.45663947,908.77889011,2082.54986627,4309.06810239,0.00000000,11563.96224294,-20.90785807,0.00000000,15727.62359053,0.00000000,1,3,3,1.60000000,720.00000000,3,1.60000000,720.00000000,2
18,1,4766,2025,7,18,13,0,199,780,60,7543.48534529,416.03201653,1921.83183242,-422.74849435,-34.47375872,848.12668292,3485.05835035,10272.23970457,0.00000000,6654.74417850,-14.33834148,0.00000000,6438.26592940,0.00000000,1,3,4,1.92000000,864.00000000,3,1.60000000,720.00000000,2
18,1,4767,2025,7,18,14,0,199,840,60,8384.56808548,527.40508827,1756.98447059,7101.46595984,20.70426655,815.71179290,4363.80294157,11253.80538068,0.00000000,11089.90118341,-14.45188898,0.00000000,10225.51902776,0.00000000,1,3,3,1.60000000,720.00000000,3,1.60000000,720.00000000,2
18,1,4768,2025,7,18,15,0,199,900,60,14161.02402980,505.79099186,1648.66914006,11983.10310137,122.84813621,576.62974120,5117.05788680,708.04320672,0.00000000,13067.34274852,24.22893196,0.00000000,13196.03408721,0.00000000,1,3,3,1.60000000,720.00000000,3,1.60000000,720.00000000,2
18,1,4769,2025,7,18,16,0,199,960,60,11842.06356691,364.82153667,1043.27483453,5337.99075047,-1.45269251,-109.69147534,3314.88004077,8896.24872848,0.00000000,6914.44864073,-34.74113021,0.00000000,16043.28693786,0.00000000,1,3,3,1.60000000,720.00000000,3,1.60000000,720.00000000,2
18,1,4770,2025,7,18,17,0,199,1020,60,11417.48752695,282.01744677,539.44528305,6504.86948160,-102.13717999,234.23941628,4519.75035466,4524.81419782,0.00000000,12930.77885429,16.78674312,0.00000000,4930.85881358,0.00000000,1,3,3,1.60000000,720.00000000,3,1.60000000,720.00000000,2
18,1,4771,2025,7,18,18,0,199,1080,60,7945.51037764,357.08949822,-206.10382996,6209.05562400,-8.13619869,-181.56073141,3988.71179978,5712.05083054,0.00000000,6468.40259095,2.25162966,0.00000000,12219.24289963,0.00000000,1,3,2,1.00000000,450.00000000,2,1.00000000,450.00000000,2
18,1,4772,2025,7,18,19,0,199,1140,60,14951.53480045,251.60344587,85.89473209,8149.89313300,1386.83929331,-11.75756064,3202.86247866,11814.67454254,0.00000000,18596.43208066,-48.10904829,0.00000000,11905.64765187,0.00000000,1,3,2,1.00000000,450.00000000,2,1.00000000,450.00000000,2
18,1,4773,2025,7,18,20,0,199,1200,60,6883.07265690,127.59059893,242.85396057,7700.65689124,1257.60757167,120.10816364,1493.83846431,9134.24264049,0.00000000,10037.86695702,48.17032185,0.00000000,11626.85992480,0.00000000,1,3,3,1.60000000,720.00000000,3,1.60000000,720.00000000,2
18,1,4774,2025,7,18,21,0,199,1260,60,14867.02802061,202.91376739,-311.48071298,5936.72316094,1052.25310585,0.66894776,350.92774707,8425.61894839,0.00000000,10495.87831058,-76.97451063,0.00000000,7519.52040241,0.00000000,1,3,4,1.92000000,864.00000000,3,1.60000000,720.00000000,2
18,1,4775,2025,7,18,22,0,199,1320,60,9439.39252186,437.25037820,414.18499150,15439.88411054,-67.58074399,-57.54908839,1541.23299333,11870.49226707,0.00000000,6762.71059411,-34.31103877,0.00000000,13679.03923346,0.00000000,1,3,4,1.92000000,864.00000000,3,1.60000000,720.00000000,2
18,1,4776,2025,7,18,23,0,199,1380,60,6645.13994440,190.16664239,-244.77798402,12810.69436445,56.99869084,97.92195993,966.97874517,5824.67689467,0.00000000,3736.99576038,-69.93376073,0.00000000,6774.58326052,0.00000000,1,3,2,1.00000000,450.00000000,2,1.00000000,450.00000000,2
18,1,4777,2025,7,19,0,0,200,0,60,10238.16336996,513.16167257,-474.90995394,8551.69050165,-62.95388186,-91.40581811,551.71787876,5334.13884274,0.00000000,6628.40350288,-21.49673115,0.00000000,12284.84752189,0.00000000,1,3,2,1.00000000,450.00000000,2,1.00000000,450.00000000,2
18,1,4778,2025,7,19,1,0,200,60,60,11210.56523730,383.63236520,524.51071137,7852.85868198,8.87461587,-11.91428680,63.04133379,5440.57511675,0.00000000,6506.24102911,-28.90606126,0.00000000,4513.83507897,0.00000000,1,3,1,0.40000000,180.00000000,1,0.40000000,180.00000000,2
18,1,4779,2025,7,19,2,0,200,120,60,10832.14594393,393.94701757,163.47992602,10696.60508501,2.59921624,-14.89650990,515.59261216,10724.67642039,0.00000000,8295.75021747,-7.56606753,0.00000000,8554.64991708,0.00000000,1,3,1,0.40000000,180.00000000,1,0.40000000,180.00000000,2
18,1,4780,2025,7,19,3,0,200,180,60,5504.14250324,401.44344794,123.32344526,13286.32664428,-25.92601051,19.85526138,236.26922198,7988.59268005,0.00000000,3600.00383262,-36.73060418,0.00000000,8539.86950870,0.00000000,1,3,1,0.40000000,180.00000000,1,0.40000000,180.00000000,2
18,1,4781,2025,7,19,4,0,200,240,60,6796.94016174,225.00671137,-89.81603582,8554.12751075,-81.57842494,-213.37611682,573.52969296,7147.42160007,0.00000000,15276.82188012,49.81258461,0.00000000,2105.29122473,0.00000000,1,3,1,0.40000000,180.00000000,1,0.40000000,180.00000000,2
18,1,4782,2025,7,19,5,0,200,300,60,5599.33223449,617.43324400,-138.27599728,10082.35057836,-76.10660183,241.83149071,1039.88337175,4354.16225295,0.00000000,12456.64873985,43.78309113,0.00000000,5949.63036160,0.00000000,1,3,1,0.40000000,180.00000000,1,0.40000000,180.00000000,2
18,1,4783,2025,7,19,6,0,200,360,60,9403.34895921,322.86702156,170.02274693,5028.25799423,66.04506727,57.22887890,1661.57739616,7648.36040927,0.00000000,8948.98221827,33.62238030,0.00000000,9536.74761965,0.00000000,1,3,1,0.40000000,180.00000000,1,0.40000000,180.00000000,2
18,1,4784,2025,7,19,7,0,200,420,60,13355.60192012,510.14560176,945.20953989,13097.19567318,-1.18758794,-114.52814640,731.31688779,5089.95938179,0.00000000,8782.98188947,-44.10067627,0.00000000,4858.21997761,0.00000000,1,3,2,1.00000000,450.00000000,2,1.00000000,450.00000000,2
18,1,4785,2025,7,19,8,0,200,480,60,4182.66475129,341.16867320,996.73830849,11448.81141778,148.84964139,-127.28363753,655.97964376,7095.41886059,0.00000000,5192.95283633,3.23997332,0.00000000,11175.69514867,0.00000000,1,3,2,1.00000000,450.00000000,2,1.00000000,450.00000000,2
18,1,4786,2025,7,19,9,0,200,540,60,8520.03827675,649.95433828,1432.09266612,9042.20856153,-193.64991095,233.22741617,1272.18257557,5301.62964813,0.00000000,5628.30108097,-5.83194461,0.00000000,8675.34594280,0.00000000,1,3,2,1.00000000,450.00000000,2,1.00000000,450.00000000,2
18,1,4787,2025,7,19,10,0,200,600,60,9833.32780138,464.05833078,2209.40800280,4214.32602039,-7.69290491,60.65714940,1492.02347994,6086.99543910,0.00000000,11746.81684902,-36.30254312,0.00000000,14715.83520026,0.00000000,1,3,2,1.00000000,450.00000000,2,1.00000000,450.00000000,2
18,1,4788,2025,7,19,11,0,200,660,60,8686.69618305,303.30823380,2388.70737481,7750.46646384,-109.65561364,743.31462018,1878.66377500,3095.85915002,0.00000000,10872.53653028,-33.14927971,0.00000000,8030.02452844,0.00000000,1,3,3,1.60000000,720.00000000,3,1.60000000,720.00000000,2
18,1,4789,2025,7,19,12,0,200,720,60,10088.97732076,457.37265498,2829.31314136,8377.60235844,159.93859425,940.48939038,2484.06544437,4694.76127199,0.00000000,6520.69998013,78.02759507,0.00000000,5353.09234518,0.00000000,1,3,3,1.60000000,720.00000000,3,1.60000000,720.00000000,2
18,1,4790,2025,7,19,13,0,200,780,60,9428.43911059,700.96990767,2103.51404741,8136.07884066,-132.51719830,676.13269061,3345.32257713,5224.31180014,0.00000000,7972.83083605,12.94478238,0.00000000,10376.07714143,0.00000000,1,3,4,1.92000000,864.00000000,3,1.60000000,720.00000000,2
18,1,4791,2025,7,19,14,0,200,840,60,8136.25693966,603.76700662,1336.53508293,2608.99527748,85.83208232,759.28063251,3728.69895217,6955.15804772,0.00000000,9759.47028919,-0.77229224,0.00000000,6701.42105919,0.00000000,1,3,3,1.60000000,720.00000000,3,1.60000000,720.00000000,2
18,1,4792,2025,7,19,15,0,200,900,60,12124.68728249,536.13177100,1336.69472563,6657.91822430,116.34079032,731.74630698,4240.20979100,4132.12523924,0.00000000,7105.19763951,-29.51581015,0.00000000,6531.06874915,0.00000000,1,3,3,1.60000000,720.00000000,3,1.60000000,720.00000000,2
18,1,4793,2025,7,19,16,0,200,960,60,6072.19309861,338.09452937,1259.82286368,9185.13008305,-157.93961098,-1.12575802,5080.12170483,6914.17668706,0.00000000,6476.99164665,-21.56440553,0.00000000,10940.73573653,0.00000000,1,3,3,1.60000000,720.00000000,3,1.60000000,720.00000000,2
20,1,3836,2025,6,9,19,0,160,1140,60,11235.73017912,238.36109639,-112.54776880,8672.48775835,1008.02226820,-89.90690986,4224.10640370,11581.02219090,0.00000000,10207.18668701,-24.41894734,0.00000000,7503.45082720,0.00000000,1,2,3,1.60000000,720.00000000,3,1.60000000,720.00000000,2
20,1,3837,2025,6,9,20,0,160,1200,60,14381.88329998,106.64383303,50.31471935,5440.56914226,1030.59828721,59.16382346,3244.26004383,7489.54776535,0.00000000,8575.27555493,-1.72835488,0.00000000,10663.16435711,0.00000000,1,2,3,1.60000000,720.00000000,3,1.60000000,720.00000000,2
20,1,3838,2025,6,9,21,0,160,1260,60,8612.96294696,324.68506627,-13.07514671,2651.94254998,1115.80565730,-28.33604957,341.38237386,10077.10134162,0.00000000,11175.08584544,-36.11907458,0.00000000,9925.17960044,0.00000000,1,2,3,1.60000000,720.00000000,3,1.60000000,720.00000000,2
20,1,3839,2025,6,9,22,0,160,1320,60,6381.93333380,110.01957886,-323.17747405,10036.98483765,-177.86672714,66.26660591,446.19119755,12477.48761560,0.00000000,15019.09120192,-44.18458187,0.00000000,9023.93748792,0.00000000,1,2,1,0.40000000,180.00000000,1,0.40000000,180.00000000,2
20,1,3840,2025,6,9,23,0,160,1380,60,8872.32880351,479.12780592,-287.82387605,10427.16738709,-189.49623515,-181.85797667,695.62276347,6586.08539665,0.00000000,4742.15221504,-2.20105225,0.00000000,13726.49791702,0.00000000,1,2,1,0.40000000,180.00000000,1,0.40000000,180.00000000,2
20,1,3841,2025,6,10,0,0,161,0,60,3876.35718010,94.39883987,-54.72079549,12848.01692651,138.58924642,348.96156574,425.56982647,14020.80853585,0.00000000,5810.63146027,14.70905895,0.00000000,11187.93288829,0.00000000,1,2,1,0.40000000,180.00000000,1,0.40000000,180.00000000,2
20,1,3842,2025,6,10,1,0,161,60,60,3109.88563974,405.28281588,-280.30305797,6775.48048374,16.76541971,183.57081651,-252.15384059,3106.57797203,0.00000000,8700.75728983,1.15012973,0.00000000,13278.00989849,0.00000000,1,2,1,0.40000000,180.00000000,1,0.40000000,180.00000000,2
20,1,3843,2025,6,10,2,0,161,120,60,9884.80006879,329.36030593,-585.10606916,6625.61325099,-87.42090000,201.67970535,1242.11013999,8814.00681558,0.00000000,12382.32856584,11.02209898,0.00000000,1952.43294721,0.00000000,1,2,1,0.40000000,180.00000000,1,0.40000000,180.00000000,2
20,1,3844,2025,6,10,3,0,161,180,60,7101.61340776,539.04372541,-13.14587100,8977.49996571,23.92426536,-52.91833947,-214.19745642,7232.39285459,0.00000000,11230.33639643,30.68582391,0.00000000,6642.38956234,0.00000000,1,2,1,0.40000000,180.00000000,1,0.40000000,180.00000000,2
20,1,3845,2025,6,10,4,0,161,240,60,5092.52952041,122.38165295,853.96136166,11530.22324333,126.63525527,106.59627245,1502.71301951,6940.01320103,0.00000000,7627.05869126,-14.05144170,0.00000000,7948.16709626,0.00000000,1,2,1,0.40000000,180.00000000,1,0.40000000,180.00000000,2
20,1,3846,2025,6,10,5,0,161,300,60,8909.44895886,269.22806680,-272.14633568,8438.88612034,-116.74323558,214.16158303,245.69632532,8702.76942711,0.00000000,11589.06038701,-12.90657005,0.00000000,14658.69069346,0.00000000,1,2,1,0.40000000,180.00000000,1,0.40000000,180.00000000,2
20,1,3847,2025,6,10,6,0,161,360,60,7809.69458281,204.43207303,268.86922002,7320.46676077,-105.76908995,114.57393335,120.74624256,11661.52794800,0.00000000,5921.25723489,11.13434584,0.00000000,8580.05579955,0.00000000,1,2,1,0.40000000,180.00000000,1,0.40000000,180.00000000,2
20,1,3848,2025,6,10,7,0,161,420,60,10788.88188848,483.69019514,1020.78656100,9188.22174884,-10.13076681,49.41207775,1109.36698222,9116.76203141,0.00000000,10633.99740884,-94.38921297,0.00000000,7090.56443461,0.00000000,1,2,1,0.40000000,180.00000000,1,0.40000000,180.00000000,2
20,1,3849,2025,6,10,8,0,161,480,60,10345.65361117,418.88824310,537.26993458,6844.18600023,58.54338366,-17.22346974,1266.61581716,5799.00059063,0.00000000,7947.76537802,28.52823573,0.00000000,9460.79583211,0.00000000,1,2,2,1.00000000,450.00000000,2,1.00000000,450.00000000,2
20,1,3850,2025,6,10,9,0,161,540,60,5391.03058396,464.23918366,2267.55752256,9330.30759908,-19.71395015,192.74564022,2.03131825,5847.42384994,0.00000000,8606.71953306,35.69769594,0.00000000,4179.89123678,0.00000000,1,2,2,1.00000000,450.00000000,2,1.00000000,450.00000000,2
20,1,3851,2025,6,10,10,0,161,600,60,12776.78921104,505.59515289,2999.56437659,10752.91356932,152.16483987,-13.29479762,802.44427917,4065.66593865,0.00000000,11936.52320028,0.60449359,0.00000000,12110.87166718,0.00000000,1,2,3,1.60000000,720.00000000,3,1.60000000,720.00000000,2
20,1,3852,2025,6,10,11,0,161,660,60,10396.03182153,380.65959907,2817.70885185,5207.31028513,-75.61673634,1007.18497727,2382.74527768,3619.52651336,0.00000000,9807.64422152,-14.36878159,0.00000000,11019.10611039,0.00000000,1,2,3,1.60000000,720.00000000,3,1.60000000,720.00000000,2
20,1,3853,2025,6,10,12,0,161,720,60,9375.29861482,365.11503873,3206.55766930,6097.97764768,-130.72780698,1018.52819759,2442.58738146,5175.53942592,0.00000000,7928.78477538,25.66904377,0.00000000,5778.87110207,0.00000000,1,2,2,1.00000000,450.00000000,2,1.00000000,450.00000000,2
20,1,3854,2025,6,10,13,0,161,780,60,5555.45647208,370.96351955,2659.59509726,9344.16209727,-133.05007502,642.43714361,3560.23980662,7854.52351990,0.00000000,3795.34120965,24.52400515,0.00000000,12210.44608196,0.00000000,1,2,2,1.00000000,450.00000000,2,1.00000000,450.00000000,2
20,1,3855,2025,6,10,14,0,161,840,60,8980.52791918,165.78894725,2277.48520369,5864.86693406,-31.16054164,850.24598417,4134.31413961,7753.29420534,0.00000000,5794.10236882,-55.40260351,0.00000000,8028.59687452,0.00000000,1,2,2,1.00000000,450.00000000,2,1.00000000,450.00000000,2
20,1,3856,2025,6,10,15,0,161,900,60,10273.30362071,59.32245975,1088.58343674,7108.55419526,13.73279071,790.92009285,5602.11361394,4718.17951286,0.00000000,8387.15300595,-35.16961201,0.00000000,3427.68296510,0.00000000,1,2,2,1.00000000,450.00000000,2,1.00000000,450.00000000,2
20,1,3857,2025,6,10,16,0,161,960,60,9977.96683076,428.28314432,2132.79392265,9138.75043731,60.28515683,-23.23689062,5709.80458553,3762.25488182,0.00000000,12202.36730420,15.48015250,0.00000000,9472.78794766,0.00000000,1,2,2,1.00000000,450.00000000,2,1.00000000,450.00000000,2
20,1,3858,2025,6,10,17,0,161,1020,60,11712.41669385,223.43217747,449.32517438,7391.63224031,-4.85322283,20.22290660,5698.68128208,7682.49478388,0.00000000,9732.91521913,-46.03087636,0.00000000,10224.09735387,0.00000000,1,2,3,1.60000000,720.00000000,3,1.60000000,720.00000000,2
20,1,3859,2025,6,10,18,0,161,1080,60,10527.91199843,33.87228271,291.34304027,7360.99335288,-181.07680850,-76.27912242,4498.93979061,7543.37899528,0.00000000,11796.33328298,48.07427649,0.00000000,6848.28363731,0.00000000,1,2,3,1.60000000,720.00000000,3,1.60000000,720.00000000,2
20,1,3860,2025,6,10,19,0,161,1140,60,12802.06692334,395.35030267,710.42027497,6632.44596601,1264.33999220,-119.52706557,3088.34664349,7080.52507859,0.00000000,7426.19622098,66.10001272,0.00000000,12109.73815340,0.00000000,1,2,3,1.60000000,720.00000000,3,1.60000000,720.00000000,2
20,1,3861,2025,6,10,20,0,161,1200,60,9339.73397844,181.01737437,-260.56990551,10895.92415874,1084.97701889,32.35142693,938.22194998,10757.31810151,0.00000000,10368.07934384,40.97875540,0.00000000,11739.97475651,0.00000000,1,2,3,1.60000000,720.00000000,3,1.60000000,720.00000000,2
20,1,3862,2025,6,10,21,0,161,1260,60,12533.18494478,377.76656820,161.91467466,9024.02872945,1100.12704755,17.46066180,521.82967521,11216.25508264,0.00000000,8784.15500491,-40.55866534,0.00000000,10434.64326648,0.00000000,1,2,3,1.60000000,720.00000000,3,1.60000000,720.00000000,2
20,1,3863,2025,6,10,22,0,161,1320,60,9337.14220889,213.39097727,-205.16050546,8228.10270940,36.26699217,66.26657309,1385.76366912,10146.58738197,0.00000000,17216.62877648,-22.98729248,0.00000000,10379.68891486,0.00000000,1,2,1,0.40000000,180.00000000,1,0.40000000,180.00000000,2
20,1,3864,2025,6,10,23,0,161,1380,60,5587.97522502,64.63440638,-182.99673384,10463.06133641,-67.62778066,76.70257723,318.81906218,8514.71735479,0.00000000,6460.47387413,-21.05096570,0.00000000,5550.18874322,0.00000000,1,2,1,0.40000000,180.00000000,1,0.40000000,180.00000000,2
20,1,3865,2025,6,11,0,0,162,0,60,8700.88976228,501.53808941,9.09198897,12143.63348907,134.55543420,-26.00688422,-438.74840905,13212.31587409,0.00000000,8171.92737914,7.48920281,0.00000000,11943.27921521,0.00000000,1,2,1,0.40000000,180.00000000,1,0.40000000,180.00000000,2
20,1,3866,2025,6,11,1,0,162,60,60,4726.01827514,668.96155845,83.76210602,9992.44902562,154.22480918,-42.09975755,382.33616330,8889.89608588,0.00000000,2446.15384796,-54.57504132,0.00000000,12101.98507914,0.00000000,1,2,1,0.40000000,180.00000000,1,0.40000000,180.00000000,2
20,1,3867,2025,6,11,2,0,162,120,60,14100.15026050,33.95985772,251.56954685,5055.78509952,61.98740521,-125.21020025,210.07176795,10373.30797694,0.00000000,5832.12768191,23.19297563,0.00000000,4855.25329579,0.00000000,1,2,1,0.40000000,180.00000000,1,0.40000000,180.00000000,2
20,1,3868,2025,6,11,3,0,162,180,60,9206.75521683,328.29378285,133.09182687,9605.78069593,275.96339032,186.50468816,-106.22614957,11185.39713476,0.00000000,8787.75592805,-10.86856549,0.00000000,8792.27452442,0.00000000,1,2,1,0.40000000,180.00000000,1,0.40000000,180.00000000,2
20,1,3869,2025,6,11,4,0,162,240,60,7006.44051878,169.55212409,-350.38676355,10730.57857657,155.61631989,57.52026362,1225.97324788,10366.24317597,0.00000000,6405.22342445,28.11915752,0.00000000,7277.30407194,0.00000000,1,2,1,0.40000000,180.00000000,1,0.40000000,180.00000000,2
20,1,3870,2025,6,11,5,0,162,300,60,11841.90806183,434.04052492,762.63664218,11206.30183953,99.25021876,-199.30347981,445.68216359,6152.23398322,0.00000000,11226.39826088,-37.75613492,0.00000000,13066.74830077,0.00000000,1,2,1,0.40000000,180.00000000,1,0.40000000,180.00000000,2
20,1,3871,2025,6,11,6,0,162,360,60,5180.91890303,319.75774511,169.78955353,5601.52005720,-121.82778359,-17.04544179,680.40763602,8485.69973282,0.00000000,8621.14604831,-33.06427972,0.00000000,10866.52527336,0.00000000,1,2,1,0.40000000,180.00000000,1,0.40000000,180.00000000,2
20,1,3872,2025,6,11,7,0,162,420,60,13735.55158835,381.05849602,637.03801759,4962.84797093,-88.11754658,184.32236025,1126.93671544,8146.09135841,0.00000000,11574.40840424,-22.12567145,0.00000000,8045.73247221,0.00000000,1,2,1,0.40000000,180.00000000,1,0.40000000,180.00000000,2
20,1,3873,2025,6,11,8,0,162,480,60,3655.84695291,495.21551883,1621.44870976,5570.74324141,-100.01570159,16.64448776,673.97070208,10761.98620679,0.00000000,12814.77931358,-12.58627196,0.00000000,8856.41398409,0.00000000,1,2,2,1.00000000,450.00000000,2,1.00000000,450.00000000,2
20,1,3874,2025,6,11,9,0,162,540,60,15192.60685231,535.53500696,2195.66915483,4996.89640505,-235.94720801,64.68150081,890.74605991,6361.60831685,0.00000000,7555.38980144,20.46970197,0.00000000,9199.49012792,0.00000000,1,2,2,1.00000000,450.00000000,2,1.00000000,450.00000000,2
20,1,3875,2025,6,11,10,0,162,600,60,8862.43496687,472.08494941,2852.61607313,5881.75252964,62.36494808,95.30213724,887.76563271,10441.90216737,0.00000000,11611.73010317,-34.88424560,0.00000000,3371.54561195,0.00000000,1,2,3,1.60000000,720.00000000,3,1.60000000,720.00000000,2
20,1,3876,2025,6,11,11,0,162,660,60,9265.85706962,532.53778702,1961.51156534,9090.65158236,-17.61694091,874.12206118,1559.60485348,1973.22551545,0.00000000,7028.03038970,-32.84131700,0.00000000,8571.76909052,0.00000000,1,2,3,1.60000000,720.00000000,3,1.60000000,720.00000000,2
20,1,3877,2025,6,11,12,0,162,720,60,10849.36264267,601.44451452,2204.54849208,8007.08821016,-52.33239088,880.67477491,1428.54389357,9150.39769184,0.00000000,10140.79979502,2.44445172,0.00000000,8500.16329810,0.00000000,1,2,2,1.00000000,450.00000000,2,1.00000000,450.00000000,2
20,1,3878,2025,6,11,13,0,162,780,60,8529.45450640,506.46582305,2526.86130513,8680.13086828,87.28341864,972.60209150,2875.32370385,2759.88956162,0.00000000,9599.83408005,8.73231338,0.00000000,12566.11766420,0.00000000,1,2,2,1.00000000,450.00000000,2,1.00000000,450.00000000,2
20,1,3879,2025,6,11,14,0,162,840,60,10190.66008151,363.36259448,2437.14366862,6592.25648244,222.90112356,890.84380430,3452.54882138,5307.01010491,0.00000000,13025.49888380,72.80197039,0.00000000,8300.18258785,0.00000000,1,2,2,1.00000000,450.00000000,2,1.00000000,450.00000000,2
20,1,3880,2025,6,11,15,0,162,900,60,8171.82413533,451.64051827,1557.36979433,6546.77631474,25.65980087,368.55080286,4830.61976308,4218.65573107,0.00000000,13806.98786842,-47.75401482,0.00000000,10946.22422481,0.00000000,1,2,2,1.00000000,450.00000000,2,1.00000000,450.00000000,2
20,1,3881,2025,6,11,16,0,162,960,60,11090.53927359,481.00187422,1100.94429042,11661.98499895,70.29302633,-34.37901351,4160.54936531,6188.38933572,0.00000000,7052.74367917,12.66017341,0.00000000,10098.96612833,0.00000000,1,2,2,1.00000000,450.00000000,2,1.00000000,450.00000000,2
20,1,3882,2025,6,11,17,0,162,1020,60,11037.92012987,609.37195903,1379.85170296,8516.07891329,-153.62434980,-28.89603417,4693.24716117,9964.98156225,0.00000000,15167.56639737,16.96712881,0.00000000,4932.63743281,0.00000000,1,2,3,1.60000000,720.00000000,3,1.60000000,720.00000000,2
20,1,3883,2025,6,11,18,0,162,1080,60,12975.24627415,239.89062818,435.15788434,7178.54213298,-138.71525527,-189.65531381,4940.34395183,13149.73380675,0.00000000,8113.01069488,26.78329374,0.00000000,11480.97739175,0.00000000,1,2,3,1.60000000,720.00000000,3,1.60000000,720.00000000,2
20,1,3884,2025,6,11,19,0,162,1140,60,12548.34181781,465.94918018,-32.44808221,6036.81470525,1021.14512557,197.04504801,3561.63617253,12461.16124743,0.00000000,10246.74754662,15.00116801,0.00000000,11942.40974430,0.00000000,1,2,3,1.60000000,720.00000000,3,1.60000000,720.00000000,2
20,1,3885,2025,6,11,20,0,162,1200,60,7901.43692915,102.41550863,-275.81496387,8842.18847261,1300.77710726,-1.86679301,511.17737027,3941.94713452,0.00000000,11113.16574249,-38.39136469,0.00000000,10812.75304515,0.00000000,1,2,3,1.60000000,720.00000000,3,1.60000000,720.00000000,2
20,1,3886,2025,6,11,21,0,162,1260,60,10900.10907186,157.22756733,-149.91154959,4572.25754596,1263.64170524,-34.46484361,-199.07506490,11212.05171345,0.00000000,10475.59836532,60.93008926,0.00000000,9741.62987805,0.00000000,1,2,3,1.60000000,720.00000000,3,1.60000000,720.00000000,2
20,1,3887,2025,6,11,22,0,162,1320,60,11095.02342468,444.95767577,-27.88747150,6552.56098916,48.59057362,19.20224344,609.09556475,5321.96587048,0.00000000,8952.76256595,79.63958067,0.00000000,8224.60178664,0.00000000,1,2,1,0.40000000,180.00000000,1,0.40000000,180.00000000,2
20,1,3888,2025,6,11,23,0,162,1380,60,10582.03050127,360.47138516,-283.75357990,4247.26504020,-35.04036889,51.95723364,-484.53239422,12719.09871660,0.00000000,10362.33287895,46.31332726,0.00000000,9610.17469552,0.00000000,1,2,1,0.40000000,180.00000000,1,0.40000000,180.00000000,2
20,1,3889,2025,6,12,0,0,163,0,60,8541.11234486,351.29141321,-399.31329332,6183.98092921,-118.36801675,38.22675684,576.01365570,5209.81430826,0.00000000,11062.35463814,-34.43542318,0.00000000,8985.02303124,0.00000000,1,2,1,0.40000000,180.00000000,1,0.40000000,180.00000000,2
20,1,3890,2025,6,12,1,0,163,60,60,7333.73005041,412.15865475,331.26014397,9338.98879502,48.31724313,-26.96693433,473.45686321,7337.66643735,0.00000000,8387.41683014,38.50923994,0.00000000,5852.07514935,0.00000000,1,2,1,0.40000000,180.00000000,1,0.40000000,180.00000000,2
20,1,3891,2025,6,12,2,0,163,120,60,8069.39680840,401.73706679,200.35469528,5924.56306913,-279.40310981,-80.30787374,-929.92084678,10109.08374587,0.00000000,9494.74195899,-33.60193187,0.00000000,12635.82714961,0.00000000,1,2,1,0.40000000,180.00000000,1,0.40000000,180.00000000,2
20,1,3892,2025,6,12,3,0,163,180,60,2702.05173601,333.75037720,-559.55136919,10357.16185321,-176.40180782,-17.39152753,195.27052187,7130.98792832,0.00000000,19488.22494422,-53.14630924,0.00000000,5564.96353871,0.00000000,1,2,1,0.40000000,180.00000000,1,0.40000000,180.00000000,2
20,1,3893,2025,6,12,4,0,163,240,60,8111.81476903,325.07817277,92.51119211,9429.65815181,-0.97407114,111.37801666,330.78992517,6515.80019131,0.00000000,11396.04941409,-54.03646803,0.00000000,14947.89697103,0.00000000,1,2,1,0.40000000,180.00000000,1,0.40000000,180.00000000,2
20,1,3894,2025,6,12,5,0,163,300,60,8614.17904940,356.80299705,78.93337976,6789.66832302,112.24674515,-45.89096616,369.25765172,12542.43577190,0.00000000,8397.53605677,11.40566039,0.00000000,8711.24525612,0.00000000,1,2,1,0.40000000,180.00000000,1,0.40000000,180.00000000,2
20,1,3895,2025,6,12,6,0,163,360,60,7152.56760093,385.47581879,539.41587495,9003.06571229,18.97501447,86.80922266,2086.93823663,6392.18372688,0.00000000,8690.82442016,-2.42426316,0.00000000,7244.99681399,0.00000000,1,2,1,0.40000000,180.00000000,1,0.40000000,180.00000000,2
20,1,3896,2025,6,12,7,0,163,420,60,15145.65381662,742.74253001,1041.74306645,10967.74764341,-4.97713948,-81.23432618,-280.25585447,7596.72176791,0.00000000,10036.34047090,-8.87364950,0.00000000,13741.92961902,0.00000000,1,2,1,0.40000000,180.00000000,1,0.40000000,180.00000000,2
20,1,3897,2025,6,12,8,0,163,480,60,13166.36643038,550.38140047,1376.91334630,8269.93147464,-224.43810561,218.54085013,711.83275673,5277.92369580,0.00000000,7662.42375080,54.02488516,0.00000000,7945.37557032,0.00000000,1,2,2,1.00000000,450.00000000,2,1.00000000,450.00000000,2
20,1,3898,2025,6,12,9,0,163,540,60,15046.84654843,545.59994089,2133.26535375,6719.49923164,9.18741982,97.32048282,1072.75148073,10822.44769022,0.00000000,11845.94528416,33.08271778,0.00000000,15030.49544561,0.00000000,1,2,2,1.00000000,450.00000000,2,1.00000000,450.00000000,2
20,1,3899,2025,6,12,10,0,163,600,60,8137.10491359,664.53228714,2297.62864525,8702.19596618,-30.89094476,-139.38170958,-159.09506605,6877.39904556,0.00000000,12087.64789067,9.54366975,0.00000000,7092.77187725,0.00000000,1,2,3,1.60000000,720.00000000,3,1.60000000,720.00000000,2
20,1,3900,2025,6,12,11,0,163,660,60,10143.81621347,322.71394783,2165.66004088,9612.23814986,27.79755464,895.21474007,1086.46194932,5725.97602189,0.00000000,7007.32605647,36.20443458,0.00000000,8325.86968926,0.00000000,1,2,3,1.60000000,720.00000000,3,1.60000000,720.00000000,2
20,1,3901,2025,6,12,12,0,163,720,60,18675.68975835,536.20441886,2498.78089282,10330.52205864,41.24341068,877.26590400,3033.01849484,5835.75547333,0.00000000,10754.49135809,-44.89403815,0.00000000,6635.15969709,0.00000000,1,2,2,1.00000000,450.00000000,2,1.00000000,450.00000000,2
20,1,3902,2025,6,12,13,0,163,780,60,9333.76107254,247.49668390,2447.75605855,3705.22692140,105.24708788,1033.39872537,2863.59490892,3260.63888662,0.00000000,11962.27642403,-12.38535309,0.00000000,12967.91480899,0.00000000,1,2,2,1.00000000,450.00000000,2,1.00000000,450.00000000,2
20,1,3903,2025,6,12,14,0,163,840,60,8539.21240763,504.63086922,2417.68707707,8040.75883172,-245.81539130,566.17873190,3691.02356535,6284.53732402,0.00000000,7198.89883285,-20.80025171,0.00000000,3875.08918508,0.00000000,1,2,2,1.00000000,450.00000000,2,1.00000000,450.00000000,2
20,1,3904,2025,6,12,15,0,163,900,60,5936.92559793,232.82464344,2393.08756581,8913.24131411,-36.16849256,613.91369970,3683.18170750,6601.22478975,0.00000000,7113.71361618,25.07924651,0.00000000,8783.20406660,0.00000000,1,2,2,1.00000000,450.00000000,2,1.00000000,450.00000000,2
20,1,3905,2025,6,12,16,0,163,960,60,16853.90344104,305.69977855,882.23801746,10429.37473433,108.48653971,-131.18809132,4658.21260891,4860.02454681,0.00000000,5910.61989925,32.36187515,0.00000000,6651.73442112,0.00000000,1,2,2,1.00000000,450.00000000,2,1.00000000,450.00000000,2
20,1,3906,2025,6,12,17,0,163,1020,60,12135.03175688,455.23205090,609.62154309,8187.44481562,58.77525259,-41.21353606,4588.56442051,8264.75957915,0.00000000,6725.30571037,-20.15539099,0.00000000,6034.09489127,0.00000000,1,2,3,1.60000000,720.00000000,3,1.60000000,720.00000000,2
20,1,3907,2025,6,12,18,0,163,1080,60,9558.68991452,365.11560540,526.31246769,3307.00926710,166.16734041,184.01728042,4100.37503446,11991.01356648,0.00000000,9982.79852611,-57.47621553,0.00000000,8708.83826607,0.00000000,1,2,3,1.60000000,720.00000000,3,1.60000000,720.00000000,2
20,1,3908,2025,6,12,19,0,163,1140,60,9792.39585097,182.55214499,364.42791610,13299.29166514,972.32141312,6.95663005,2636.67514041,6566.98133689,0.00000000,7329.35585461,32.70073960,0.00000000,7281.90615482,0.00000000,1,2,3,1.60000000,720.00000000,3,1.60000000,720.00000000,2
20,1,3909,2025,6,12,20,0,163,1200,60,5182.28785552,172.92214736,-235.61920293,1762.33565986,1146.91125915,-46.72671244,1058.42822904,9401.08092219,0.00000000,10367.19798392,5.18401071,0.00000000,7171.78828505,0.00000000,1,2,3,1.60000000,720.00000000,3,1.60000000,720.00000000,2
20,1,3910,2025,6,12,21,0,163,1260,60,7978.09892527,399.96418359,433.27660684,6587.22491874,79.58613760,13.33514302,194.96363191,8036.58423507,0.00000000,7643.62238159,34.11059878,0.00000000,9537.61435641,0.00000000,1,2,3,1.60000000,720.00000000,3,1.60000000,720.00000000,2
20,1,3911,2025,6,12,22,0,163,1320,60,11076.72880583,197.64648474,-393.26875874,7913.94103565,68.91225295,118.18399308,1087.94972990,12516.27840546,0.00000000,7585.63304116,59.04580423,0.00000000,11683.85943158,0.00000000,1,2,1,0.40000000,180.00000000,1,0.40000000,180.00000000,2
20,1,3912,2025,6,12,23,0,163,1380,60,9581.10145316,264.38675396,137.21428885,10833.24044994,98.69020698,95.89070852,837.16180895,8007.80665810,0.00000000,8077.32159729,25.21776308,0.00000000,11704.66757022,0.00000000,1,2,1,0.40000000,180.00000000,1,0.40000000,180.00000000,2
20,1,3913,2025,6,13,0,0,164,0,60,3914.08208019,262.97101338,-306.48313259,7142.26715653,-16.03782453,-136.50643172,2514.71971328,8402.54503624,0.00000000,8152.91709053,16.94928870,0.00000000,6040.62516241,0.00000000,1,2,1,0.40000000,180.00000000,1,0.40000000,180.00000000,2
20,1,3914,2025,6,13,1,0,164,60,60,7023.21306057,455.72093214,432.19319170,7741.71816348,191.82721242,51.92078016,1824.84108502,5778.55878326,0.00000000,11551.85153723,-36.99744391,0.00000000,7155.19516084,0.00000000,1,2,1,0.40000000,180.00000000,1,0.40000000,180.00000000,2
20,1,3915,2025,6,13,2,0,164,120,60,9837.86813217,436.15205241,-310.89356382,3261.68782287,-63.95711973,202.70335999,1080.43693908,9886.75329911,0.00000000,8859.02788019,1.83252211,0.00000000,11708.93432827,0.00000000,1,2,1,0.40000000,180.00000000,1,0.40000000,180.00000000,2
20,1,3916,2025,6,13,3,0,164,180,60,12251.92697406,606.05488233,-52.53721337,8121.14652088,70.05290302,96.95463084,812.70358079,10678.91616124,0.00000000,12267.50163333,-73.44352912,0.00000000,7822.96771891,0.00000000,1,2,1,0.40000000,180.00000000,1,0.40000000,180.00000000,2
20,1,3917,2025,6,13,4,0,164,240,60,10240.71976910,506.37957993,371.12120383,3825.90455287,-72.32693351,111.67333441,2098.73053365,6896.79094372,0.00000000,8622.13668357,5.94003539,0.00000000,5977.14747257,0.00000000,1,2,1,0.40000000,180.00000000,1,0.40000000,180.00000000,2
20,1,3918,2025,6,13,5,0,164,300,60,10721.78256122,236.48938834,49.02149503,5152.54566141,-30.64646650,35.17013904,875.14890685,7009.47472054,0.00000000,1621.04430942,30.42592432,0.00000000,8771.29570248,0.00000000,1,2,1,0.40000000,180.00000000,1,0.40000000,180.00000000,2
20,1,3919,2025,6,13,6,0,164,360,60,8928.29065675,431.26865747,613.19749192,1945.92188036,-11.44141306,124.60134214,1238.07869563,8979.32978942,0.00000000,5629.02926384,-2.61449404,0.00000000,11228.04765546,0.00000000,1,2,1,0.40000000,180.00000000,1,0.40000000,180.00000000,2
20,1,3920,2025,6,13,7,0,164,420,60,12558.34628224,481.51250090,436.36168198,12119.50154229,-173.45927666,-60.42214388,697.79267677,7007.64763660,0.00000000,5655.77680704,28.03919341,0.00000000,12032.98509300,0.00000000,1,2,1,0.40000000,180.00000000,1,0.40000000,180.00000000,2
20,1,3921,2025,6,13,8,0,164,480,60,8649.27018665,554.50962603,541.57840251,10811.70621064,-105.83961414,52.43496432,401.27377267,10008.28769561,0.00000000,13505.55997474,-5.18034979,0.00000000,3738.87727511,0.00000000,1,2,2,1.00000000,450.00000000,2,1.00000000,450.00000000,2
20,1,3922,2025,6,13,9,0,164,540,60,10958.22057422,229.66659082,1143.07005813,9850.58810236,58.58936872,169.50794405,371.70196675,7007.76828192,0.00000000,3894.28277804,96.94205942,0.00000000,6016.80183010,0.00000000,1,2,2,1.00000000,450.00000000,2,1.00000000,450.00000000,2
20,1,3923,2025,6,13,10,0,164,600,60,8122.25807265,581.09450186,2297.84017093,7172.38664849,-64.79045465,73.22660231,1548.24467730,6994.32343689,0.00000000,5060.25197346,-34.99683427,0.00000000,12014.84426795,0.00000000,1,2,3,1.60000000,720.00000000,3,1.60000000,720.00000000,2
20,1,3924,2025,6,13,11,0,164,660,60,9927.49153946,406.39989533,2471.94092686,4369.88610686,-165.76841169,888.23833547,1327.22810557,7368.74178100,0.00000000,14421.91191502,-6.47450272,0.00000000,8224.27409180,0.00000000,1,2,3,1.60000000,720.00000000,3,1.60000000,720.00000000,2
20,1,3925,2025,6,13,12,0,164,720,60,6367.47552708,523.89467342,2016.40484192,6502.32034243,-16.04333678,905.14630448,858.82335304,8799.76091199,0.00000000,13357.55438194,-27.37761822,0.00000000,10361.46006293,0.00000000,1,2,2,1.00000000,450.00000000,2,1.00000000,450.00000000,2
20,1,3926,2025,6,13,13,0,164,780,60,13076.67805970,141.25450262,2194.50327510,9689.28123029,175.68318705,919.34385274,3103.13358441,2329.03133608,0.00000000,5264.16532138,62.91974269,0.00000000,7188.04751214,0.00000000,1,2,2,1.00000000,450.00000000,2,1.00000000,450.00000000,2
20,1,3927,2025,6,13,14,0,164,840,60,4936.24197240,284.93052622,2355.63864147,10794.35959584,101.00773487,774.87151730,4144.43572735,15818.68015214,0.00000000,10291.99704928,39.42328901,0.00000000,3806.02930357,0.00000000,1,2,2,1.00000000,450.00000000,2,1.00000000,450.00000000,2
20,1,3928,2025,6,13,15,0,164,900,60,14636.50263398,195.71436192,1398.09900616,10600.53406821,79.50387713,706.19262179,4457.16400184,6694.32595657,0.00000000,10244.70258768,23.05010802,0.00000000,6719.40079080,0.00000000,1,2,2,1.00000000,450.00000000,2,1.00000000,450.00000000,2
20,1,3929,2025,6,13,16,0,164,960,60,7454.35512861,375.58046547,1327.63305174,8404.83061312,-33.38028910,-95.67135412,3619.49285055,7751.22892355,0.00000000,9369.09964189,-27.46017138,0.00000000,11187.03920919,0.00000000,1,2,2,1.00000000,450.00000000,2,1.00000000,450.00000000,2
20,1,3930,2025,6,13,17,0,164,1020,60,10533.22989699,515.46644624,621.03221758,7880.90610895,33.95540857,45.38339012,5003.97639431,4842.54315979,0.00000000,12748.78218270,-46.33834976,0.00000000,7332.67583252,0.00000000,1,2,3,1.60000000,720.00000000,3,1.60000000,720.00000000,2
20,1,3931,2025,6,13,18,0,164,1080,60,11820.82272495,394.89431027,56.41299312,7299.28142900,41.31548522,36.40811486,4497.91709042,10771.88122798,0.00000000,9306.84055341,44.40642030,0.00000000,9348.37658476,0.00000000,1,2,3,1.60000000,720.00000000,3,1.60000000,720.00000000,2
20,1,3932,2025,6,13,19,0,164,1140,60,8732.06798042,307.58301357,-437.06500629,9184.98102894,1327.97109021,-11.52049272,2735.23034791,9634.08582797,0.00000000,10839.16461094,-32.85466065,0.00000000,11601.76451116,0.00000000,1,2,3,1.60000000,720.00000000,3,1.60000000,720.00000000,2
20,1,3933,2025,6,13,20,0,164,1200,60,6866.89027166,189.82608221,127.59712967,11056.95715423,1355.30439117,59.20898899,2291.40324329,11927.68318022,0.00000000,9398.59332688,9.56825135,0.00000000,11844.15392625,0.00000000,1,2,3,1.60000000,720.00000000,3,1.60000000,720.00000000,2
20,1,3934,2025,6,13,21,0,164,1260,60,6378.47878105,-116.78285601,-132.82904809,10690.85650018,1298.11073405,41.18652166,1122.84303887,8394.11464427,0.00000000,14538.81988477,-10.54485596,0.00000000,12391.90203111,0.00000000,1,2,3,1.60000000,720.00000000,3,1.60000000,720.00000000,2
20,1,3935,2025,6,13,22,0,164,1320,60,7278.25270603,351.39628545,526.31969162,6493.89991605,20.99136682,27.35762173,222.76579492,6393.27229321,0.00000000,10070.26134041,15.88846963,0.00000000,15260.07064838,0.00000000,1,2,1,0.40000000,180.00000000,1,0.40000000,180.00000000,2
